Date,Close,High,Low,Open,Volume
2011-03-25,10.533194541931152,10.548774860320501,10.397761066139877,10.429222539960346,448910000
2011-03-28,10.500236511230469,10.616494048354236,10.500236511230469,10.581436925036124,309355200
2011-03-29,10.515814781188965,10.515814781188965,10.3689967150838,10.416937014184015,352900800
2011-03-30,10.446002006530762,10.513419911507189,10.410346414242786,10.506227825539218,329406000
2011-03-31,10.44240951538086,10.48106148548572,10.369000455844937,10.377988765107352,274019200
2011-04-01,10.324056625366211,10.534697055870899,10.286303159871755,10.520315278600886,418661600
2011-04-04,10.223077774047852,10.325251960816926,10.139481075827046,10.316562890416211,460084800
2011-04-05,10.15416431427002,10.254839930605533,10.067571234735414,10.097234893157868,482731200
2011-04-06,10.128693580627441,10.304276800788912,10.101727060147692,10.223976513140288,402539200
2011-04-07,10.129891395568848,10.200303254968935,10.068466241372862,10.130489869170402,373447200
2011-04-08,10.03940200805664,10.191913554240584,10.00614352004003,10.185022307192686,377535200
2011-04-11,9.911765098571777,10.057683910646961,9.888394213692647,10.00944355590484,398946800
2011-04-12,9.959704399108887,9.999554910946715,9.893785074118288,9.902474145103467,425639200
2011-04-13,10.071463584899902,10.071762821705878,9.963296680425652,10.038204294024036,346220000
2011-04-14,9.960304260253906,10.067571896635542,9.94951812929006,10.031616259859023,301800800
2011-04-15,9.81168270111084,9.996854259550428,9.7919074706437,9.986666607440942,453605600
2011-04-18,9.943221092224121,9.954607292355751,9.592954020786744,9.770934306562935,609898800
2011-04-19,10.123300552368164,10.12689539488407,9.939027468823577,9.980676595724418,419378400
2011-04-20,10.259635925292969,10.359712285311193,10.23237015781055,10.292595195956471,700666400
2011-04-21,10.508023262023926,10.640759583224929,10.442704030399279,10.636863904213913,753810400
2011-04-25,10.577239036560059,10.599412164769149,10.49603864556362,10.497237993132828,266546000
2011-04-26,10.499638557434082,10.63656905077108,10.467577802046703,10.595519986481456,338800000
2011-04-27,10.491547584533691,10.55746691475405,10.400161113300404,10.554170508188758,356213200
2011-04-28,10.389671325683594,10.479559187047885,10.352816390411993,10.372891660822077,360959200
2011-04-29,10.490947723388672,10.605405825048248,10.387274950521316,10.39057135665069,1006345200
2011-05-02,10.375588417053223,10.501133471433057,10.35221754013855,10.479260378893061,442713600
2011-05-03,10.433115005493164,10.483752428714338,10.35581030492582,10.426823032224329,313348000
2011-05-04,10.474169731140137,10.541886084872376,10.393568587894057,10.434917688867438,389250400
2011-05-05,10.389671325683594,10.515515611751134,10.368696744606698,10.439109409404416,335969200
2011-05-06,10.38697624206543,10.487052576928884,10.373492980192077,10.477764232098137,280134400
2011-05-09,10.415141105651855,10.46308221365468,10.383080354658327,10.422930865619737,204747200
2011-05-10,10.470571517944336,10.477762803322465,10.38697482566985,10.453791852062034,282091600
2011-05-11,10.404053688049316,10.48705191270173,10.3444279426811,10.457688295361935,336000000
2011-05-12,10.384279251098633,10.400759682611264,10.25543936924219,10.370796789140222,322000000
2011-05-13,10.202404975891113,10.374691829319163,10.19791082148905,10.357014448624982,326116000
2011-05-16,9.986671447753906,10.22397912896724,9.965696859715527,10.16345406082536,449775200
2011-05-17,10.07176685333252,10.07176685333252,9.909666850235547,9.947720346026736,452334400
2011-05-18,10.183525085449219,10.218881436057492,10.067568416950559,10.081650949809942,334776400
2011-05-19,10.203301429748535,10.259631562902225,10.14756977025542,10.249743945927149,261170000
2011-05-20,10.04420280456543,10.215891220828208,10.038210064017168,10.174242074067223,337968400
2011-05-23,10.01962661743164,10.066968439546644,9.870411466896577,9.886891093567234,383600000
2011-05-24,9.953411102294922,10.064574398082561,9.927942364438827,10.052588921421204,321927200
2011-05-25,10.090941429138184,10.1442760032619,9.97318691448685,9.990565056550563,294224000
2011-05-26,10.037607192993164,10.094237370732548,10.020528288600266,10.066671574187598,222560800
2011-05-27,10.109819412231445,10.116411425594945,10.016934351496475,10.031616163029454,203599200
2011-05-31,10.42203140258789,10.42203140258789,10.21738380162173,10.220380970702806,417754400
2011-06-01,10.352523803710938,10.550878755479772,10.3267566143271,10.453200265135196,554682800
2011-06-02,10.370196342468262,10.426527284256094,10.31626329617845,10.382181819465375,338783200
2011-06-03,10.290493965148926,10.347124140755463,10.247647087345038,10.282704205619895,313250000
2011-06-06,10.128693580627441,10.398660422566557,10.121802332084476,10.35821064184693,461941200
2011-06-07,9.948914527893066,10.134086111655058,9.944719611744912,10.132588327365655,529785200
2011-06-08,9.954912185668945,10.031617661522994,9.907271900399543,9.94112968303974,333723600
2011-06-09,9.9324369430542,9.997756188194108,9.910263812068244,9.985171438175053,275088800
2011-06-10,9.764945030212402,9.937531913930743,9.753258789044567,9.904272612335117,433955200
2011-06-13,9.785918235778809,9.837154951339393,9.740074985029647,9.803895651718262,329473200
2011-06-14,9.96090030670166,9.985170493679137,9.86711596448659,9.88779050894159,334569200
2011-06-15,9.790414810180664,9.896783138998384,9.734383094304553,9.88030350495203,399196000
2011-06-16,9.742766380310059,9.84823612732488,9.538119658754235,9.79490238030232,510591200
2011-06-17,9.595952033996582,9.865320426153374,9.568985511123218,9.857529866183699,615020000
2011-06-20,9.447935104370117,9.51924708939352,9.30351331284716,9.509059434362015,640645600
2011-06-21,9.746964454650879,9.761945498515093,9.444338407490838,9.488683865521923,493382400
2011-06-22,9.666366577148438,9.854834621383358,9.659474527134684,9.742772000420244,390583200
2011-06-23,9.92464542388916,9.938427920097881,9.531830680266655,9.556399303921665,559759200
2011-06-24,9.77842903137207,9.98217737335967,9.740675572698628,9.928843592117076,439807200
2011-06-27,9.948914527893066,10.004646185191522,9.805392068695664,9.815579722198322,339813600
2011-06-28,10.045397758483887,10.088544678331335,9.990865434860424,9.997157410636571,294299600
2011-06-29,10.008842468261719,10.078655867730111,9.944121696092497,10.068768249794033,352545200
2011-06-30,10.057683944702148,10.071468046244805,9.97288947746912,10.028620357022966,322954800
2011-07-01,10.285103797912598,10.292294285369831,10.013638293365478,10.066073564979732,435313200
2011-07-05,10.46997356414795,10.481959041289215,10.262330373316475,10.27731141964445,355054000
2011-07-06,10.539785385131836,10.609899615778197,10.38847235939491,10.455589421107533,444626000
2011-07-07,10.702788352966309,10.72675851184445,10.606906117256218,10.626982195448758,399663600
2011-07-08,10.777995109558105,10.78668498213426,10.552972935454855,10.587130751495845,489633200
2011-07-11,10.606902122497559,10.779789798660065,10.571545771421254,10.677016350999907,442674400
2011-07-12,10.59941291809082,10.71716741511765,10.445701994385646,10.592820106434623,451609200
2011-07-13,10.727356910705566,10.786683424711295,10.678216452476812,10.736644455710604,391638800
2011-07-14,10.719866752624512,10.834924949958863,10.677019865634147,10.816946731579092,430533600
2011-07-15,10.934100151062012,10.936497246443338,10.761813321071418,10.8217391054074,484467200
2011-07-18,11.200173377990723,11.225641319089714,10.944888292299668,10.949382446588036,572653200
2011-07-19,11.291560173034668,11.345493222615076,11.185790332328349,11.326017221355785,819145600
2011-07-20,11.592689514160156,11.873443373142667,11.565722985149968,11.868949218340559,941340400
2011-07-21,11.60437297821045,11.687369604249175,11.502798063135264,11.594185322986451,526534400
2011-07-22,11.78445053100586,11.836885792305734,11.618155639429478,11.635234543966025,516728800
2011-07-25,11.94025707244873,11.985201005147735,11.674185118393916,11.696057410922226,589806000
2011-07-26,12.087379455566406,12.12003948763265,11.975617657938457,11.985205241580049,476582400
2011-07-27,11.763175010681152,12.064303273524725,11.749990987992648,12.00287891341918,659324400
2011-07-28,11.740106582641602,11.895015291165118,11.629543344284789,11.734114643515243,594034000
2011-07-29,11.699955940246582,11.839883599733545,11.505795991435336,11.614861444199192,632584400
2011-08-01,11.887822151184082,11.970219496794494,11.756583591740045,11.918683551157716,612836000
2011-08-02,11.652911186218262,11.922278743350022,11.636132320865421,11.91478822132278,639539600
2011-08-03,11.76257610321045,11.79193971819621,11.453058798206992,11.714934237969926,732508000
2011-08-04,11.307140350341797,11.725123879576014,11.306541076462992,11.667895224396634,871407600
2011-08-05,11.19477653503418,11.490812178556784,10.863686176094355,11.399124891376351,1204590800
2011-08-08,10.583233833312988,11.019494796282798,10.577540331669745,10.83731954576963,1143833600
2011-08-09,11.206467628479004,11.224445849478695,10.636870061337486,10.825637381340039,1082583600
2011-08-10,10.897247314453125,11.225641420027689,10.861591716534724,11.12077088483424,878656800
2011-08-11,11.197173118591309,11.24960836750081,10.928104826404239,11.10189019993006,741969200
2011-08-12,11.295755386352539,11.375156378039241,11.21305718805613,11.328114576870147,528976000
2011-08-15,11.488120079040527,11.534862653767476,11.328716385799227,11.374859686489948,460544000
2011-08-16,11.400320053100586,11.486913893613258,11.26788377954304,11.431482282265481,498750000
2011-08-17,11.399126052856445,11.521374714755192,11.326016245211674,11.455156956259563,442061200
2011-08-18,10.9679594039917,11.165716599256553,10.827732505646017,11.11148270898106,851435200
2011-08-19,10.667728424072266,10.996423311885401,10.66682991339597,10.85170148541324,775888400
2011-08-22,10.680012702941895,10.932901442860459,10.63956292208398,10.921814477646674,535315200
2011-08-23,11.194180488586426,11.195379036393724,10.696794349939246,10.7956721437453,656835200
2011-08-24,11.271484375,11.354781041052119,11.104290168839922,11.19028396730513,626267600
2011-08-25,11.197778701782227,11.249614706195674,10.936500820521452,10.938897916686155,871346000
2011-08-26,11.493213653564453,11.499804867488576,11.110285567220714,11.12137173620987,641477200
2011-08-29,11.684670448303223,11.730514485683209,11.625643989898547,11.631036653027124,405269200
2011-08-30,11.685272216796875,11.740703844983262,11.57201186514478,11.63313619457027,417922400
2011-08-31,11.530659675598145,11.747891161243825,11.441669543669365,11.702647203282337,522586400
2011-09-01,11.416805267333984,11.605871778824891,11.407516922101157,11.560328563445188,343725200
2011-09-02,11.207662582397461,11.326016365678335,11.141144786227656,11.228336329769046,438939200
2011-09-06,11.378154754638672,11.395832136478674,10.980844116367539,11.007511407791783,509698000
2011-09-07,11.503698348999023,11.55373651845735,11.445868818904541,11.55253797068235,350576800
2011-09-08,11.509988784790039,11.643923680381338,11.455156431568,11.457852763651672,416158400
2011-09-09,11.310437202453613,11.56572148409628,11.236727312554306,11.503698635442214,564813200
2011-09-12,11.38414192199707,11.412306184401618,11.143238706295522,11.176198758275731,467832400
2011-09-13,11.524372100830078,11.572012371344073,11.393432765716003,11.450062944019248,440560400
2011-09-14,11.664596557617188,11.751788889840503,11.558527501918784,11.59628094886896,534724400
2011-09-15,11.774266242980957,11.79524083355862,11.682579718752205,11.728422980866581,417818800
2011-09-16,12.0001802444458,12.0001802444458,11.83628329301126,11.85156437184828,698513200
2011-09-19,12.333671569824219,12.38161267640755,11.841380517112315,11.895312761833733,823860800
2011-09-20,12.388204574584961,12.670156909924192,12.320488232217018,12.442137618908683,775754000
2011-09-21,12.348956108093262,12.632106254482734,12.34476119035654,12.573678243297923,605976000
2011-09-22,12.0397367477417,12.279441524209757,11.886326618916659,12.016066627155068,968480800
2011-09-23,12.114046096801758,12.187155918695685,11.980710442923264,11.993594432832626,546277200
2011-09-26,12.080183982849121,12.104454170734671,11.724523397727713,11.981006173139582,812876400
2011-09-27,11.963030815124512,12.262360516807544,11.92707518247599,12.24678019604908,632497600
2011-09-28,11.895615577697754,12.097266055581724,11.880632929268764,11.990896932683503,429637600
2011-09-29,11.702649116516113,12.05141841784252,11.572009846873724,12.04272934901973,651086800
2011-09-30,11.425493240356445,11.652313985061083,11.4212983235355,11.599278651016999,547640800
2011-10-03,11.224142074584961,11.465045372335426,11.181295992663703,11.39702978760229,669099200
2011-10-04,11.161223411560059,11.439879450559019,10.614099792750118,11.223247077042418,1233677200
2011-10-05,11.333507537841797,11.380548533498802,10.795670874005653,11.022191582350528,786469600
2011-10-06,11.307140350341797,11.529166121798276,11.140246175538195,11.186089427118898,812582400
2011-10-07,11.08031940460205,11.3182255126861,11.041068169171316,11.259498277971764,535458000
2011-10-10,11.649914741516113,11.649914741516113,11.33230684842798,11.358674893965482,442514800
2011-10-11,11.993892669677734,12.08048654831091,11.730518590763278,11.762578544350868,605687600
2011-10-12,12.050823211669922,12.262361303886477,11.989398835265531,12.205132645003866,622286000
2011-10-13,12.237788200378418,12.237788200378418,12.070594038878887,12.134414687527581,426185200
2011-10-14,12.644389152526855,12.644389152526855,12.442737106382763,12.489480465770109,573367200
2011-10-17,12.584162712097168,12.785214674401633,12.462811766065114,12.636597970217801,686044800
2011-10-18,12.651581764221191,12.72858726523333,12.464313058829761,12.63719918968543,881602400
2011-10-19,11.943852424621582,12.237489364848084,11.919282200569288,12.02565129225681,1104059600
2011-10-20,11.844677925109863,11.995691763938568,11.811719457222827,11.985204869597409,549270400
2011-10-21,11.771566390991211,11.959435151328881,11.708044960110835,11.928273709766785,621244400
2011-10-24,12.158088684082031,12.179960978042644,11.847372813916243,11.870743692454104,502138000
2011-10-25,11.918383598327637,12.181459192762608,11.906698959512026,12.135915184593541,430427200
2011-10-26,12.003183364868164,12.061611377669474,11.779958208245498,12.037939655450817,456304800
2011-10-27,12.125728607177734,12.254870120792729,12.04183266900202,12.211722403864533,494664800
2011-10-28,12.13351821899414,12.175466584853202,12.060408415665114,12.075090223701006,322842800
2011-10-31,12.128423690795898,12.264755667437736,12.016661137600412,12.057710989083363,385501200
2011-11-01,11.880631446838379,11.970220888427978,11.782053697470857,11.907598770467981,531790000
2011-11-02,11.907601356506348,11.998389365529741,11.838685647918066,11.987902470778927,327350800
2011-11-03,12.077189445495605,12.0870770642526,11.846174570389307,11.957337072381696,441386400
2011-11-04,11.992392539978027,12.088273945189329,11.960032555717982,12.046026343535646,302229200
2011-11-07,11.97711181640625,11.985202413327366,11.869245725176315,11.982506081086052,270275600
2011-11-08,12.171870231628418,12.224905559730054,12.031943408080293,12.051419405374594,400442000
2011-11-09,11.843775749206543,12.011868443977763,11.812315075918432,11.894413183446039,558684000
2011-11-10,11.542350769042969,11.901607077708487,11.450364223936534,11.896213612508628,744752400
2011-11-11,11.524372100830078,11.64662076502863,11.393732802688321,11.583997848264948,653786000
2011-11-14,11.363770484924316,11.543249410443424,11.332009769577084,11.491412620189582,432905200
2011-11-15,11.650514602661133,11.670589073181127,11.369461614101173,11.409911392164494,430810800
2011-11-16,11.528865814208984,11.7197301263404,11.515381753138813,11.663099950200499,349210400
2011-11-17,11.308341026306152,11.52317555164838,11.251111560257668,11.505197331900737,479900400
2011-11-18,11.234328269958496,11.3856413036526,11.232530448562803,11.353581355577203,371938000
2011-11-21,11.056650161743164,11.136651223535392,10.9637643116332,11.098297695666604,447980400
2011-11-22,11.281373023986816,11.32392067173614,11.114478839562299,11.116875935215708,409021200
2011-11-23,10.996125221252441,11.261297931492868,10.992828814625934,11.22144661565473,428271200
2011-11-25,10.893651008605957,11.120770208680499,10.886159685048556,11.038971324218853,254760800
2011-11-28,11.269681930541992,11.287660140202162,11.096196607862213,11.156721646854775,346413200
2011-11-29,11.182194709777832,11.350886708674144,11.092306026943993,11.261297262734747,375855200
2011-11-30,11.451860427856445,11.454257523169934,11.335004431619632,11.424594668813379,405938400
2011-12-01,11.623550415039062,11.655610369220947,11.408415880968796,11.462049696008187,387181200
2011-12-02,11.676583290100098,11.79433779680021,11.64302475587538,11.680478169927623,379055600
2011-12-05,11.775762557983398,11.877637527874315,11.697260071917356,11.790145132584108,357210000
2011-12-06,11.71403694152832,11.824301727770697,11.666995945386171,11.760779500898675,283598000
2011-12-07,11.658304214477539,11.713735835624489,11.588490023481173,11.683472911615565,304746400
2011-12-08,11.70534610748291,11.850367154362557,11.692462121927266,11.72901702052171,376356400
2011-12-09,11.794035911560059,11.806620659959098,11.716431963345418,11.770965072976148,296993200
2011-12-12,11.740706443786621,11.802430060694451,11.66909520671226,11.735912252166793,301067200
2011-12-13,11.649914741516113,11.84737184572311,11.59867803499437,11.775459794355674,338928800
2011-12-14,11.39163589477539,11.607070459863216,11.316429021067597,11.58669514739747,406887600
2011-12-15,11.3541841506958,11.498006706561398,11.33530742023597,11.485721989930186,256200000
2011-12-16,11.416504859924316,11.510289220290076,11.373058704517025,11.39672962232194,421478400
2011-12-19,11.452159881591797,11.531262422711267,11.40032309812682,11.45995044096388,235530400
2011-12-20,11.863850593566895,11.868345546802267,11.603472146388743,11.618453190244049,337215200
2011-12-21,11.878835678100586,11.904304419720722,11.745799267793727,11.88602616506151,262948000
2011-12-22,11.941754341125488,11.959133279761431,11.868345307478435,11.895311025854529,202358800
2011-12-23,12.084978103637695,12.092768662683126,11.969919939569893,11.97591267729715,269399200
2011-12-27,12.180864334106445,12.257569807215758,12.075693745561544,12.078091641701198,265076000
2011-12-28,12.064301490783691,12.232393354681586,12.025349502331155,12.191644345317364,228662000
2011-12-29,12.138611793518066,12.154492949443965,12.000483581623712,12.087075846341941,215978000
2011-12-30,12.135017395019531,12.173370119951594,12.089773421107813,12.090371894837848,179662000
2012-01-03,12.321685791015625,12.359739275991025,12.254868764801277,12.266854240399592,302220800
2012-01-04,12.387903213500977,12.425058186866142,12.263257470992423,12.284830526396293,260022000
2012-01-05,12.525436401367188,12.541016722439506,12.364834198922539,12.43315062241969,271269600
2012-01-06,12.656376838684082,12.66686373329865,12.561094676033624,12.577574310456164,318292800
2012-01-09,12.636298179626465,12.816675599093925,12.62491197703761,12.749259294537902,394024400
2012-01-10,12.681544303894043,12.764242504948019,12.629408272769052,12.76154537224917,258196400
2012-01-11,12.660867691040039,12.669856798407288,12.563787731769448,12.664762570849899,215084800
2012-01-12,12.626111030578613,12.67135500568878,12.547008483304761,12.652778316608567,212587200
2012-01-13,12.578770637512207,12.597947402731654,12.544313587656537,12.575475831138139,226021600
2012-01-17,12.725289344787598,12.76394210920517,12.673153318396006,12.710307498095007,242897200
2012-01-18,12.857428550720215,12.86821468201743,12.773232558681894,12.79300779947575,276791200
2012-01-19,12.81667709350586,12.92514246726292,12.779522912403388,12.888588360149441,261738400
2012-01-20,12.59345531463623,12.80918917186448,12.576975678324303,12.808889934889159,413974400
2012-01-23,12.806487083435059,12.837649320004905,12.653376233039944,12.664462397924195,306062400
2012-01-24,12.596746444702148,12.737273350092748,12.570978471467525,12.737273350092748,547638000
2012-01-25,13.383277893066406,13.616689081994968,13.295486264849796,13.616389845087097,958314000
2012-01-26,13.322455406188965,13.447100396878957,13.277810693629437,13.434217206111498,323985200
2012-01-27,13.401853561401367,13.437809191277275,13.296683804071016,13.313761908161034,299709200
2012-01-30,13.573541641235352,13.600208927786332,13.345223902718681,13.354811484319052,379341200
2012-01-31,13.677513122558594,13.730247622737586,13.575338928326191,13.65084583548583,391683600
2012-02-01,13.668821334838867,13.752718059474761,13.649646175074006,13.735339920857854,270046000
2012-02-02,13.636763572692871,13.698187141533325,13.602605763640682,13.660134452539552,186796400
2012-02-03,13.773398399353027,13.782986783368537,13.649951155548536,13.702087193534071,286599600
2012-02-06,13.90192985534668,13.932192772282376,13.729044621329514,13.734437283664185,249412800
2012-02-07,14.047555923461914,14.07512251900825,13.920212237760552,13.940288310653356,316223600
2012-02-08,14.282771110534668,14.286065917625193,14.07362846987543,14.097599431612224,407890000
2012-02-09,14.77685260772705,14.88412020058735,14.399018937896884,14.405011674944676,884214800
2012-02-10,14.784346580505371,14.910190887494736,14.638426199669782,14.710638297904959,631302000
2012-02-13,15.05940055847168,15.09625468235712,14.894303492619892,14.967413266927476,517216000
2012-02-14,15.264951705932617,15.267947274803,15.04142818154191,15.121129195819234,460398400
2012-02-15,14.911684036254883,15.769222946717402,14.88831156598786,15.40876908101371,1506120000
2012-02-16,15.04772663116455,15.128027753886686,14.580902546221623,14.726822977450128,944552000
2012-02-17,15.045021057128906,15.214312272291613,14.990487952023418,15.07468390431751,535805200
2012-02-21,15.426447868347168,15.426447868347168,15.104944389792667,15.187642544592938,605595200
2012-02-22,15.372217178344727,15.44562620763447,15.253263347057281,15.37341572576572,483302400
2012-02-23,15.472599983215332,15.515747710613073,15.266155293739091,15.433348736911402,568027600
2012-02-24,15.652976989746094,15.667658802056124,15.540017446119137,15.57087885562445,415072000
2012-02-27,15.753352165222168,15.83545028884272,15.469302738738186,15.620015723341599,547582000
2012-02-28,16.042491912841797,16.042491912841797,15.756045446244952,15.819267630007458,600387200
2012-02-29,16.253128051757812,16.408038299208577,16.051178420439534,16.226761609793428,952011200
2012-03-01,16.313955307006836,16.426018701042835,16.143166284353125,16.424818553315014,683270000
2012-03-02,16.33522605895996,16.383764822174154,16.255523467123595,16.30706099875052,431712400
2012-03-05,15.975076675415039,16.40414552987497,15.760539847889394,16.342422726607108,809124400
2012-03-06,15.88818645477295,15.99095913855584,15.467505736084968,15.690430848587551,810238800
2012-03-07,15.901067733764648,16.113505105009647,15.679640455007018,16.08414148755561,798520800
2012-03-08,16.239652633666992,16.269614729256272,15.943916956992874,16.020921654917856,516457200
2012-03-09,16.33493423461914,16.41193892994498,16.273209823480705,16.306169087634864,418919200
2012-03-12,16.53958511352539,16.53958511352539,16.389768210460645,16.44909553765373,407282400
2012-03-13,17.021984100341797,17.024381195747303,16.65194009805328,16.70557550780081,690855200
2012-03-14,17.66559410095215,17.819603517628593,17.240717638327503,17.320121042850403,1418844000
2012-03-15,17.545133590698242,17.97809883405355,17.335093361265656,17.966113360155,1159718000
2012-03-16,17.545438766479492,17.65420417858066,17.318618796812288,17.51997002587331,825487600
2012-03-19,18.010761260986328,18.030835732305636,17.649707212501113,17.928962390926507,901236000
2012-03-20,18.156387329101562,18.18455080390183,17.722522599013754,17.963125084469336,816662000
2012-03-21,18.052717208862305,18.266953282424485,18.020058773196823,18.059908497503624,644042000
2012-03-22,17.95803451538086,18.112644015664586,17.84387481221956,17.911291140756944,623870800
2012-03-23,17.859451293945312,18.03173813328155,17.810011599072908,17.992486894431043,430488800
2012-03-26,18.18695068359375,18.19204571299662,17.835785703226485,17.971516070368725,595742000
2012-03-27,18.411670684814453,18.465603736299975,18.159381970410852,18.162977613856377,607129600
2012-03-28,18.505754470825195,18.62051262491651,18.28672425598092,18.528525279341117,655460400
2012-03-29,18.273235321044922,18.473988019263807,18.19443362622376,18.360727685062425,608238400
2012-03-30,17.96432113647461,18.29421299259556,17.91607999119951,18.240579182724414,731038000
2012-04-02,18.536020278930664,18.540214396877175,17.989194349455886,18.032641314875843,598351600
2012-04-03,18.8563232421875,18.942917933354153,18.6522756500333,18.795797369533197,834559600
2012-04-04,18.706205368041992,18.752647893643,18.48717516521357,18.707403915803255,572980800
2012-04-05,18.98696517944336,19.01632880753596,18.67894472124626,18.786212374955223,641298000
2012-04-09,19.063364028930664,19.171530960898323,18.735869264010123,18.760737929163525,597536800
2012-04-10,18.829957962036133,19.29618195214353,18.75684813117736,19.174232488391205,889725200
2012-04-11,18.76283836364746,19.08254341234346,18.677142989617515,19.062468935335527,696614800
2012-04-12,18.660057067871094,18.916541419306654,18.592040700834236,18.726874887468576,614336800
2012-04-13,18.134511947631836,18.71789270300217,18.082975991082012,18.700213722440708,859644800
2012-04-16,17.382448196411133,18.285831965125695,17.32611802711322,18.27924074964538,1050786800
2012-04-17,18.268444061279297,18.27743236853492,17.136142974865294,17.346783323323,1025528000
2012-04-18,18.227691650390625,18.58455154502531,18.058998900772274,18.38889227845981,954531200
2012-04-19,17.601470947265625,18.119531667886623,17.513978552067282,17.984398194521532,834719200
2012-04-20,17.16820526123047,17.816605224865803,17.091499801563984,17.719524452422988,1030985200
2012-04-23,17.12984848022461,17.278766017153632,16.678007242850597,17.097190058836883,966529200
2012-04-24,16.787673950195312,17.00969971578852,16.62946885076297,16.85748735498598,1076149200
2012-04-25,18.277427673339844,18.517132340616968,18.15757613979964,18.446419647792837,905777600
2012-04-26,18.208524703979492,18.41796657869138,18.041630485658438,18.40538102385615,536068400
2012-04-27,18.06769371032715,18.162977460731582,17.99278687280625,18.12971895928888,406722400
2012-04-30,17.497798919677734,17.929866629210238,17.468435296724717,17.911888411015298,506144800
2012-05-01,17.442359924316406,17.880717804991026,17.415393409732452,17.525357325926066,610999200
2012-05-02,17.55771827697754,17.600265911009302,17.344381633196992,17.38573071978847,427389200
2012-05-03,17.433076858520508,17.72012344082847,17.387533644713844,17.693156916845833,390549600
2012-05-04,16.93658447265625,17.329399162718893,16.934187377973146,17.291047247985937,529992400
2012-05-07,17.06333351135254,17.161912061479462,16.81613824373182,16.82422884092424,460118400
2012-05-08,17.024383544921875,17.123859817582648,16.74123341191285,17.06633112010935,497252000
2012-05-09,17.05434226989746,17.19816638544376,16.80475152653879,16.890146045015058,480704000
2012-05-10,17.094493865966797,17.255096058022346,17.03217258570898,17.216144057713308,333200000
2012-05-11,16.98033905029297,17.21285254898284,16.9096263223582,16.92910232624356,399546000
2012-05-14,16.72594451904297,17.004300343959475,16.707367834968398,16.85628374475078,352626400
2012-05-15,16.574642181396484,16.875770600062786,16.532094522619776,16.822736845232683,476336000
2012-05-16,16.362199783325195,16.686100518783228,16.211185964021865,16.601005226928518,560896000
2012-05-17,15.883990287780762,16.40474729029262,15.883990287780762,16.33912800029436,717220000
2012-05-18,15.891779899597168,16.282197629336057,15.646084010811407,15.999047523286377,732292400
2012-05-21,16.8176326751709,16.825424033927924,16.001740276435005,16.015225135799447,631106000
2012-05-22,16.688491821289062,17.195165315921436,16.556954048946796,17.065424564519798,694870400
2012-05-23,17.09569549560547,17.162812572697135,16.576436258902948,16.704376836942426,584897600
2012-05-24,16.938688278198242,17.273675176900113,16.816138769739872,17.25479764959306,496230000
2012-05-25,16.847898483276367,16.954567627587917,16.7334395790712,16.91681417541656,328507200
2012-05-29,17.146926879882812,17.198763661272306,16.938386007368102,17.10587862661976,380508800
2012-05-30,17.353673934936523,17.378243361836553,16.97584018663939,17.054942731901157,529429600
2012-05-31,17.310531616210938,17.423491157353833,17.1226636300824,17.40071874684818,491674400
2012-06-01,16.808944702148438,17.15831411619636,16.79486296841805,17.053742841475103,520987600
2012-06-04,16.907825469970703,17.00400692877533,16.434711136789726,16.82422956291629,556995600
2012-06-05,16.86408233642578,16.973148603666782,16.7292496876138,16.817340564863972,388214400
2012-06-06,17.12265396118164,17.194264358699407,16.944073622137036,17.012089978117743,401455600
2012-06-07,17.130449295043945,17.298241163316188,17.093894392282937,17.297343452737966,379766800
2012-06-08,17.388139724731445,17.395931088528457,17.048958567791228,17.12686260457366,347516400
2012-06-11,17.113969802856445,17.63322734388461,17.09778861031516,17.609856466010257,591264800
2012-06-12,17.263484954833984,17.277267452593,16.98003563891089,17.212549080438624,435380400
2012-06-13,17.143630981445312,17.332996681322342,17.09029641907026,17.21434368205598,293580000
2012-06-14,17.124755859375,17.18378393056293,16.996815299418138,17.116066789039106,345573200
2012-06-15,17.20266342163086,17.217345233206782,17.06543208877643,17.108879049659027,335255200
2012-06-18,17.551719665527344,17.614941821695517,17.08999102011629,17.1076699889929,440412000
2012-06-19,17.600568771362305,17.678171926697594,17.471428070169964,17.48041637690698,361404400
2012-06-20,17.55052947998047,17.65569922283911,17.402511263915706,17.62453698781592,358943200
2012-06-21,17.308725357055664,17.624834630895958,17.301833309499525,17.541537987411555,326351200
2012-06-22,17.441465377807617,17.44416170996316,17.241312721418584,17.349778883139226,284471600
2012-06-25,17.10198402404785,17.372550136587044,17.08999854837662,17.29764171374037,304382400
2012-06-26,17.139739990234375,17.21344827614506,16.99891303070471,17.118764604629817,276536400
2012-06-27,17.2137451171875,17.28086218126774,17.136441198806544,17.22872616179373,202997200
2012-06-28,17.050451278686523,17.198768781527395,16.947379359291286,17.128955366334957,282836400
2012-06-29,17.49839973449707,17.49839973449707,17.20625967720216,17.31862074533174,421500800
2012-07-02,17.75368309020996,17.782147401881474,17.48641331686212,17.520271894029737,400092000
2012-07-03,17.960124969482422,17.977803947810223,17.798026596416904,17.82439304517751,241712800
2012-07-05,18.275632858276367,18.407469881122505,17.96731331885433,17.994579073967643,484383200
2012-07-06,18.153982162475586,18.230687599030176,18.02514231217429,18.190237822765923,418930400
2012-07-09,18.393991470336914,18.39429070723756,18.100953734145065,18.136609331044614,379405600
2012-07-10,18.223798751831055,18.573166562885056,18.136904854228117,18.51623635414468,511957600
2012-07-11,18.11054039001465,18.207320315286353,17.894507370315885,18.161177029487163,469322000
2012-07-12,17.94484519958496,18.08177567548332,17.758475030527052,17.98499574791051,428041600
2012-07-13,18.126712799072266,18.19322976896615,17.97779690859654,18.066188565231414,311427200
2012-07-16,18.18485450744629,18.325979141599603,18.12822351140713,18.131220681669387,301260400
2012-07-17,18.18574333190918,18.32237453217855,18.072182168347897,18.301099916236673,293624800
2012-07-18,18.165376663208008,18.227699556102703,18.0844754770813,18.1752642836973,252700000
2012-07-19,18.406875610351562,18.437737014963506,18.157582477348853,18.31578758096622,436861600
2012-07-20,18.106647491455078,18.410472162128556,18.088669274202914,18.36822375163531,397471200
2012-07-23,18.092565536499023,18.154589190608444,17.609561930813065,17.810013867844148,487975600
2012-07-24,18.00537109375,18.26784664286669,17.933158993882362,18.198930949268632,565132400
2012-07-25,17.227825164794922,17.4025090401869,17.078909257280973,17.212544886258794,877312800
2012-07-26,17.22513198852539,17.390526752219394,17.089699313816443,17.371349991142868,406632800
2012-07-27,17.533151626586914,17.553227699435013,17.12655434441575,17.229027766466338,403936400
2012-07-30,17.828882217407227,17.96101845582279,17.61284766860561,17.705734283577556,379142400
2012-07-31,18.300199508666992,18.328366170371492,18.059297901673258,18.07457817963123,462327600
2012-08-01,18.18185806274414,18.46920397214127,18.067698355209426,18.454522157804057,384501600
2012-08-02,18.21121597290039,18.298108283525337,17.985295325196624,18.062900091009006,332158400
2012-08-03,18.448217391967773,18.51653298686586,18.324170148538098,18.386193770252937,344920800
2012-08-06,18.653465270996094,18.72297942009895,18.43503520767254,18.495858687965345,302103200
2012-08-07,18.604337692260742,18.726885637843857,18.518343064267103,18.66006777988885,290446800
2012-08-08,18.572874069213867,18.69332574187771,18.490175858125326,18.558790730286038,244706000
2012-08-09,18.678789138793945,18.708881476880556,18.590620597034484,18.592124812171953,221642400
2012-08-10,18.70798110961914,18.70978584664117,18.617707295960614,18.61800781761967,194938800
2012-08-13,18.95773696899414,18.95773696899414,18.754618129031023,18.75883185942625,278832400
2012-08-14,19.00859832763672,19.21683415001257,18.964063262155882,19.014015753507675,340169200
2012-08-15,18.982715606689453,19.078106315042096,18.89003441422007,18.996859408165466,257342400
2012-08-16,19.148517608642578,19.161155585202117,18.972781594815167,18.994147553406098,254534000
2012-08-17,19.502708435058594,19.505115823285685,19.22285678546616,19.258665480042982,442761200
2012-08-20,20.015464782714844,20.015464782714844,19.55656658584842,19.55987714541958,613384800
2012-08-21,19.741931915283203,20.308257807916345,19.569506390456386,20.186085295069308,812719600
2012-08-22,20.12740135192871,20.1313129541136,19.502698876779238,19.69257711069412,565322800
2012-08-23,19.939626693725586,20.158391929047003,19.895090040699642,20.044344798868423,420128800
2012-08-24,19.957387924194336,20.14576198701849,19.72658566357619,19.845748136142635,437340400
2012-08-27,20.33232879638672,20.488503628830404,20.267931989318896,20.462022368396088,427008400
2012-08-28,20.30584716796875,20.34496640754944,20.181567809062606,20.311262985789263,267416800
2012-08-29,20.265823364257812,20.39220797304142,20.239644234811006,20.319386923770516,202806800
2012-08-30,19.97694206237793,20.20804638830185,19.94624868230894,20.1806635670549,302699600
2012-08-31,20.018173217773438,20.119280281041252,19.777739804932143,20.078656821313945,338321200
2012-09-04,20.31096839904785,20.31608369672139,19.99590913178217,20.033824688807556,367892000
2012-09-05,20.168331146240234,20.352491472634444,20.14937256751471,20.32902024755296,336375200
2012-09-06,20.350086212158203,20.410871950622834,20.185485490638456,20.256802345435542,391196400
2012-09-07,20.47557258605957,20.536959377814963,20.335044112886663,20.403651462141326,329666400
2012-09-10,19.94294548034668,20.561327512310125,19.92368637920021,20.475868465108363,487998000
2012-09-11,19.878244400024414,20.16441491866981,19.75516873876795,20.014258562126695,503983200
2012-09-12,20.155092239379883,20.15840279957574,19.74012958951001,20.066623142883852,712233200
2012-09-13,20.5519962310791,20.62782732053533,20.30494334354855,20.38318182019601,598360000
2012-09-14,20.8017520904541,20.97327436945224,20.699740287737292,20.76203181829334,600474000
2012-09-17,21.057538986206055,21.058140029546994,20.901965184968113,21.044598876630534,398031200
2012-09-18,21.121623992919922,21.13426196796728,20.9564207173708,21.060537768412658,373503200
2012-09-19,21.127351760864258,21.18422428208814,21.05122013951472,21.071983455070754,326874800
2012-09-20,21.02503776550293,21.065963350091273,20.872171884264105,21.038879439109284,336568400
2012-09-21,21.066862106323242,21.216717929887977,21.04489510164425,21.13667472248097,571589200
2012-09-24,20.787010192871094,20.917308013363094,20.552596895944124,20.668750915181157,639766400
2012-09-25,20.267927169799805,20.84689082417343,20.25167650577282,20.710875080444396,518789600
2012-09-26,20.016361236572266,20.242348635215933,19.896596159545926,20.123486729963638,576503200
2012-09-27,20.50205421447754,20.52763231467234,19.871032390282494,19.989593859362117,594090000
2012-09-28,20.074138641357422,20.495722226929843,20.063605921931043,20.424705920635713,535110800
2012-10-01,19.84213638305664,20.36452822729962,19.75517151741882,20.196314836103692,543594800
2012-10-02,19.899906158447266,20.051568313512465,19.579129097458473,19.91495152249296,627992400
2012-10-03,20.205045700073242,20.217384769197945,19.939638397918383,20.00674313487738,424281200
2012-10-04,20.06511116027832,20.289293853209962,20.027497746981606,20.19901844716298,370725600
2012-10-05,19.63751220703125,20.041040475621724,19.59809244367279,20.016968208699048,594006000
2012-10-08,19.20359230041504,19.48615338791424,19.141602874465757,19.46569059371591,637994000
2012-10-09,19.133779525756836,19.273404788639148,18.763652531155525,19.21803648240674,838597200
2012-10-10,19.28603744506836,19.40851043971922,19.168379224157793,19.2508298138593,510356000
2012-10-11,18.900564193725586,19.475315790456214,18.900564193725586,19.454251957612158,546081200
2012-10-12,18.94901466369629,19.11963381880252,18.81631105495451,18.94450041075102,460014800
2012-10-15,19.100982666015625,19.112116433575213,18.77268276620174,19.028462112480117,432502000
2012-10-16,19.55325698852539,19.568604486321725,18.987834277826604,19.119335817321964,549771600
2012-10-17,19.397380828857422,19.64353056427795,19.37902490181065,19.525571796528585,389037600
2012-10-18,19.03718376159668,19.32064639193925,18.95774158564224,19.246321119434707,476624400
2012-10-19,18.351085662841797,19.01099393624621,18.344464547220575,18.98932906738949,744086000
2012-10-22,19.079011917114258,19.11963537572682,18.378778749532806,18.428731236440562,546730800
2012-10-23,18.457019805908203,19.07510297025114,18.40706891911297,18.987835965079185,707145600
2012-10-24,18.561429977416992,18.85392105244574,18.375162838681877,18.700153636299298,558527200
2012-10-25,18.342058181762695,18.71700137361689,18.22199260003795,18.65681671492417,656325600
2012-10-26,18.175365447998047,18.476282557451462,17.784174491363242,18.33876250954578,1018432800
2012-10-31,17.914161682128906,18.113969994461353,17.684863680730174,17.90092105279827,510003200
2012-11-01,17.95087432861328,18.145265224941706,17.87955748993631,18.001427853958877,361298000
2012-11-02,17.35686683654785,17.96321349802852,17.295179541024567,17.931316417357785,599373600
2012-11-05,17.592182159423828,17.6869702230075,17.38093793925695,17.559081387228364,529135600
2012-11-06,17.53891944885254,17.77634280538397,17.455867798675616,17.76099691619224,374917200
2012-11-07,16.867835998535156,17.367824588087124,16.799819378580573,17.34666454351793,793648800
2012-11-08,16.25568962097168,16.995698397997256,16.181326793158494,16.947330756095404,1056146000
2012-11-09,16.53712272644043,16.773513924998046,16.133866392709315,16.336401856459233,929913600
2012-11-12,16.409259796142578,16.762033747850605,16.28290170599707,16.751452918623023,515802000
2012-11-13,16.4113712310791,16.640507299353633,16.21367251771756,16.290757241303304,532949200
2012-11-14,16.22939109802246,16.548912974482693,16.208231061670396,16.489966121097257,477170400
2012-11-15,15.889009475708008,16.30858904484964,15.798323384150994,16.249038409148085,789910800
2012-11-16,15.951290130615234,16.021421626367616,15.288365794140466,15.876321868644899,1266893600
2012-11-19,17.101503372192383,17.155008067983662,16.32008167453223,16.345171182627464,823317600
2012-11-20,16.9558048248291,17.28953528785983,16.764455478557913,17.288326096118293,642754000
2012-11-21,16.97968101501465,17.151079446709097,16.825511541792086,17.056765751625928,373002000
2012-11-23,17.27592658996582,17.29104229036928,17.00688875584902,17.145035247275313,272826400
2012-11-26,17.820960998535156,17.835167789136175,17.342736210784476,17.408938240577207,630579600
2012-11-27,17.6773738861084,17.847866689279815,17.535901684126387,17.82156636584988,533330000
2012-11-28,17.621747970581055,17.708202733566136,17.298900326291523,17.450347915842432,520864400
2012-11-29,17.81581687927246,17.963636889172935,17.69157690786577,17.84181530046265,514698800
2012-11-30,17.69248390197754,17.786799219720514,17.61388807292636,17.73812966794979,391319600
2012-12-03,17.719989776611328,17.973915106389246,17.699131630288168,17.945499918042966,364280000
2012-12-04,17.40742301940918,17.58728580559539,17.29497144486268,17.58728580559539,557068400
2012-12-05,16.287128448486328,17.20790562879559,16.286523045764113,17.197628312183248,1044638000
2012-12-06,16.54256820678711,16.726056930347,15.677712301853916,15.989375301686396,1177212400
2012-12-07,16.119667053222656,16.783195204246905,16.021422253584255,16.72878319657272,787040800
2012-12-10,16.015975952148438,16.27866587215973,15.76688741476759,15.870270838018426,630484400
2012-12-11,16.365724563598633,16.61269659082752,16.244203283656155,16.316753132862843,592345600
2012-12-12,16.293474197387695,16.565535688050304,16.210948937748295,16.55858243688111,487144000
2012-12-13,16.01204490661621,16.25236721217995,15.894453083271229,16.056179577144434,625259600
2012-12-14,15.410487174987793,15.662597902529106,15.283223427159681,15.560423662565977,1009579200
2012-12-17,15.683759689331055,15.719128134059838,15.1517283903873,15.384492083675193,757607200
2012-12-18,16.13931655883789,16.169544735497592,15.726688386405213,15.870277068762991,625685200
2012-12-19,15.909875869750977,16.133269571874735,15.885390144149452,16.06585835289819,449369200
2012-12-20,15.771418571472168,16.02745868697222,15.685265739049989,16.021412732556012,481689600
2012-12-21,15.698872566223145,15.709149884036682,15.424089117732905,15.491500315128773,596268400
2012-12-24,15.724259376525879,15.847593611915867,15.680124718597565,15.729701542444248,175753200
2012-12-26,15.507521629333496,15.702801967820449,15.450691258590714,15.688895462122524,302436400
2012-12-27,15.56978988647461,15.605762103186988,15.255406725461153,15.52384063451932,455120400
2012-12-28,15.40444278717041,15.552264415898378,15.36000621460109,15.425604443600516,354278400
2012-12-31,16.087020874023438,16.184661897167924,15.386613099529155,15.432862666021826,659492400
2013-01-02,16.596681594848633,16.777149815122606,16.372987598557668,16.741479468863204,560518000
2013-01-03,16.387203216552734,16.61603761139385,16.353951235667747,16.561927467036803,352965200
2013-01-04,15.930730819702148,16.28229552832447,15.895362377116735,16.232114895638585,594333600
2013-01-07,15.837023735046387,16.00025974945952,15.574030225947988,15.779587944192915,484156400
2013-01-08,15.879642486572266,16.07855041807568,15.756913606460415,15.997536215923999,458707200
2013-01-09,15.631460189819336,15.870571673305,15.597904733544992,15.79469614338256,407604400
2013-01-10,15.825234413146973,15.982726355044264,15.583702857011357,15.977587694906708,601146000
2013-01-11,15.728203773498535,15.879953314560824,15.689509634321956,15.749363823656555,350506800
2013-01-14,15.167454719543457,15.341271621482964,15.069511786706109,15.195566414168248,734207600
2013-01-15,14.688920974731445,15.084014972270642,14.612138129894435,15.063156824727608,876772400
2013-01-16,15.298640251159668,15.39990881408408,14.88782839468212,14.952517709125132,690804800
2013-01-17,15.195556640625,15.439506518255547,15.175909302226213,15.426205415456236,453678400
2013-01-18,15.114544868469238,15.181652560019414,15.005719272344676,15.069804793028274,472922800
2013-01-22,15.258739471435547,15.352751277649995,15.01267467175849,15.252391620182214,461546400
2013-01-23,15.538058280944824,15.567682666980689,15.258741488029568,15.380866606855452,861509600
2013-01-24,13.618207931518555,14.07859667883295,13.610649274150532,13.905383636045693,1460852400
2013-01-25,13.297172546386719,13.791417790866062,13.149654435091817,13.65417861293019,1208026400
2013-01-28,13.597951889038086,13.700126132307702,13.175651917432388,13.235203378169768,785517600
2013-01-29,13.853086471557617,13.91142955525605,13.667177726258176,13.86003972597775,571158000
2013-01-30,13.809558868408203,13.98398112331859,13.739125476110553,13.814697529077575,417155200
2013-01-31,13.769050598144531,13.88361866674787,13.753634617434145,13.814092577599949,319334400
2013-02-01,13.71252155303955,13.889664063368073,13.553215020092045,13.878479446125525,539484400
2013-02-04,13.370931625366211,13.782651581503712,13.361258094850305,13.721286333099151,477117200
2013-02-05,13.840085983276367,13.897521757790189,13.367907315646889,13.423226601969251,573347600
2013-02-06,13.825275421142578,14.101870270885257,13.681081372298152,13.798673211743937,593706400
2013-02-07,14.236353874206543,14.290474050544494,13.807638743353033,14.085239897483989,704580800
2013-02-08,14.441896438598633,14.558348456009655,14.237267924646394,14.41209940144473,633158400
2013-02-11,14.592397689819336,14.744729521936486,14.389292369234528,14.48810808713176,517490400
2013-02-12,14.226624488830566,14.666893089439318,14.221759534758661,14.579629193636851,609053200
2013-02-13,14.199565887451172,14.40115298895857,14.084330110888681,14.205647081025933,475207600
2013-02-14,14.186795234680176,14.340341708484825,14.108653932293018,14.123856103294816,355275200
2013-02-15,13.991288185119629,14.295341322958846,13.983990753925106,14.255509105067963,391745200
2013-02-19,13.986123085021973,14.069434643151656,13.799436085157371,14.019874122634054,435783600
2013-02-20,13.647408485412598,13.916190785224927,13.645886968935184,13.916190785224927,476302400
2013-02-21,13.562572479248047,13.657133803417482,13.464059597872062,13.560748121523963,447182400
2013-02-22,13.707002639770508,13.73102214014717,13.578996337415015,13.659570946557805,330654800
2013-02-25,13.463454246520996,13.838046822630695,13.456460468275177,13.799432463056604,372579200
2013-02-26,13.651056289672852,13.729197603474743,13.30717247914138,13.494468384503824,501499600
2013-02-27,13.517271995544434,13.756561695944843,13.398083843813904,13.63463578912143,587350400
2013-02-28,13.420886993408203,13.617608323387554,13.420886993408203,13.501460776553339,322515200
2013-03-01,13.088556289672852,13.322980997481492,13.073657773090789,13.317507111988506,552448400
2013-03-04,12.771734237670898,13.01953677320674,12.739808379074061,13.007374386711124,582755600
2013-03-05,13.108928680419922,13.232070009544527,12.793018384993255,12.815214335751872,638433600
2013-03-06,12.942307472229004,13.23389460431858,12.904908539046097,13.211394188902783,460250000
2013-03-07,13.091902732849121,13.135382863212628,12.802444398924292,12.90703849811722,468473600
2013-03-08,13.126562118530273,13.239365401112966,13.032001602087028,13.068184292594152,391482000
2013-03-11,13.313554763793945,13.348217563219105,12.926495361916409,13.066664016158533,474236000
2013-03-12,13.026531219482422,13.344266701558908,13.000382897454346,13.244537556689174,465911600
2013-03-13,13.02409553527832,13.211087737358758,12.933184549956882,13.027136943407264,405549200
2013-03-14,13.150279998779297,13.21534633083792,13.087948173912755,13.16031274978065,303875600
2013-03-15,13.489601135253906,13.506932128358569,13.294702564337843,13.315378619355332,643960800
2013-03-18,13.856287956237793,13.909191892857562,13.4148031437111,13.422404228036367,606197200
2013-03-19,13.818894386291504,14.015920207675533,13.63676546098344,13.971223024180112,526775200
2013-03-20,13.745615005493164,13.914365286367321,13.669906174875232,13.907980439035695,308660800
2013-03-21,13.765371322631836,13.924998918204654,13.685406509969244,13.689055224235725,383255600
2013-03-22,14.044498443603516,14.0502743591981,13.77693244191302,13.8216279934286,395105200
2013-03-25,14.09527587890625,14.288958235447526,14.040546762027187,14.129025284472783,501135600
2013-03-26,14.021090507507324,14.163994529444194,14.002543268844033,14.15183213953104,294294000
2013-03-27,13.745615005493164,13.889127926950199,13.704568166518385,13.87879070972916,331237200
2013-03-28,13.459196090698242,13.737708221113248,13.427574700564106,13.676897917925158,442839600
2013-04-01,13.041126251220703,13.490820399867696,13.005552484088224,13.436090465629801,389732000
2013-04-02,13.067880630493164,13.321764351288552,12.96480643795675,13.001293596295556,529519200
2013-04-03,13.13476848602295,13.295612344152701,13.083687290429513,13.11591679277835,363216000
2013-04-04,13.00494384765625,13.226294443416473,12.92984312962366,13.188592663477648,358447600
2013-04-05,12.867506980895996,12.920716187325787,12.760479636993594,12.907033100839563,383695200
2013-04-08,12.959033012390137,12.998255499735578,12.845926040354009,12.91768170097838,300829200
2013-04-09,12.98244571685791,13.028661173865665,12.853831287558195,12.963594824745792,306614000
2013-04-10,13.247270584106445,13.288926346872298,12.952947361701199,13.016494605608745,375928000
2013-04-11,13.205918312072754,13.3172008723871,13.110748879969513,13.18737027146091,328364400
2013-04-12,13.068183898925781,13.200446182200142,13.046596071507121,13.200446182200142,238613200
2013-04-15,12.765649795532227,13.01010801852068,12.756528007982032,12.98304712140916,317520000
2013-04-16,12.959945678710938,12.971194670939608,12.787547464141513,12.817952625453062,305771200
2013-04-17,12.24724292755127,12.788457788469822,12.10464259194726,12.778423413126898,945056000
2013-04-18,11.920385360717773,12.3381535480995,11.850148804275324,12.313829589685719,666299200
2013-04-19,11.87416934967041,12.149945349473654,11.70906780944245,11.796331706878895,609274400
2013-04-22,12.121668815612793,12.22900066152882,11.896671154516538,11.93832529963992,429920400
2013-04-23,12.348493576049805,12.416904973893123,12.125925951086701,12.283425616805095,664238400
2013-04-24,12.328125953674316,12.625793592958582,11.934073388757207,11.965695607564998,969651200
2013-04-25,12.416902542114258,12.585955630591068,12.374943126636744,12.50355750368382,384837600
2013-04-26,12.685078620910645,12.732814770680044,12.412951308754689,12.460383804811803,764097600
2013-04-29,13.077916145324707,13.184334597367236,12.770214245103531,12.783896524719472,640326400
2013-04-30,13.462845802307129,13.537947324380633,13.137205602596415,13.229333654609416,691538400
2013-05-01,13.356730461120605,13.528216041351287,13.207745294618876,13.513925643991085,506909200
2013-05-02,13.54615592956543,13.639498586735348,13.39747360525014,13.432439246466139,421828400
2013-05-03,13.681766510009766,13.780583887896716,13.656529147638244,13.722204422449478,361300800
2013-05-06,14.00800895690918,14.05331180304723,13.813414079835033,13.85598079579843,496641600
2013-05-07,13.945680618286133,14.16125362950684,13.794870281775728,14.137537789069963,483753200
2013-05-08,14.103180885314941,14.149701609832485,13.859027054570108,13.95723548833118,472598000
2013-05-09,13.980140686035156,14.17081919326806,13.943719316016438,14.073185010852296,398487600
2013-05-10,13.863840103149414,14.07012875652387,13.787630140113926,14.016872991131384,334852000
2013-05-13,13.918011665344238,14.014728873775338,13.818847513174397,13.81915317682112,316948800
2013-05-14,13.585013389587402,13.932091175559496,13.532675439362484,13.890772644483574,447118000
2013-05-15,13.125603675842285,13.497473593504983,12.926968152360473,13.441157949502095,741613600
2013-05-16,13.300985336303711,13.401068936471187,12.821075405751099,12.953907516511595,603204000
2013-05-17,13.260586738586426,13.469629660656928,13.191722502359461,13.437798953223608,427904400
2013-05-20,13.556547164916992,13.64438785198146,13.163865074127852,13.219262921998514,451578400
2013-05-21,13.456466674804688,13.634596667634302,13.289355284814796,13.410250983261843,456022000
2013-05-22,13.508190155029297,13.722436655396345,13.412391578718385,13.590828032507842,443038400
2013-05-23,13.532368659973145,13.655407252157712,13.338017277015945,13.342914432997306,353021200
2013-05-24,13.624497413635254,13.640106693178934,13.477892451395082,13.49288958630406,276166800
2013-05-28,13.510942459106445,13.806907351781874,13.492885423876928,13.769874656012892,386145200
2013-05-29,13.618371963500977,13.696419155556145,13.44850555508259,13.466869888724624,330576400
2013-05-30,13.821293830871582,13.910665289774022,13.604905253728385,13.639796671566767,353519600
2013-05-31,13.764674186706543,13.990244141180549,13.757634115736112,13.849452529161244,384302800
2013-06-03,13.794975280761719,13.84516950356484,13.542777425694473,13.795280944421487,372352400
2013-06-04,13.751815795898438,13.90852150274153,13.693051564473423,13.871487172920482,292728800
2013-06-05,13.623270034790039,13.794972888113172,13.580420737360946,13.639797118896377,290589600
2013-06-06,13.419737815856934,13.68111782054246,13.284763618900513,13.634289987887223,416934000
2013-06-07,13.522270202636719,13.56603731321059,13.245586579601367,13.359749498028725,404535600
2013-06-10,13.43289852142334,13.744778408966072,13.368931458436398,13.611640645617555,450153200
2013-06-11,13.393415451049805,13.551345475764004,13.262419786526051,13.33648845976733,286112400
2013-06-12,13.227834701538086,13.505130458597096,13.206716123441458,13.451569036997228,265227200
2013-06-13,13.343223571777344,13.379339289263655,13.122550735229625,13.237325815229399,285832400
2013-06-14,13.162337303161621,13.353322320490069,13.114896508149299,13.32608229606571,271866000
2013-06-17,13.222018241882324,13.33526252470761,13.171824026484177,13.20487901283591,259414400
2013-06-18,13.21497917175293,13.310777745962177,13.167233533740166,13.208552062931767,195025600
2013-06-19,12.946561813354492,13.211613874193574,12.946561813354492,13.203655994774904,310940000
2013-06-20,12.758024215698242,13.037766903596834,12.706911374603777,12.83331635650137,357310800
2013-06-21,12.65579891204834,12.85474181186964,12.490523963743506,12.808525305247363,481118400
2013-06-24,12.320352554321289,12.507664717828595,12.182928950408087,12.469100424833488,480746000
2013-06-25,12.323108673095703,12.48103790901604,12.20680363950423,12.417070835230932,314162800
2013-06-26,12.183540344238281,12.389216002219406,12.10977815444193,12.361975979329172,367724000
2013-06-27,12.052239418029785,12.285155138170827,12.044894499728287,12.219658114394026,337246000
2013-06-28,12.136402130126953,12.250869851073098,11.901955754682804,11.97816649808742,578516400
2013-07-01,12.52480411529541,12.618154943263077,12.279951990000438,12.324944210611779,391053600
2013-07-02,12.808523178100586,12.904628225540396,12.532453377055493,12.547450507962795,469865200
2013-07-03,12.879223823547363,12.945946749421319,12.776692491570497,12.881060256845242,240928800
2013-07-05,12.775775909423828,12.955436651361222,12.712420993720821,12.866678146282752,274024800
2013-07-08,12.703237533569336,12.885346846820651,12.568569011018706,12.858107642154376,298138400
2013-07-09,12.926667213439941,12.961864299485491,12.560307278147725,12.658860099814207,352584400
2013-07-10,12.877079963684082,13.001649303369254,12.801176511459746,12.842495031704095,281405600
2013-07-11,13.077862739562988,13.107245678041858,12.890551410454869,12.945030640986214,326292400
2013-07-12,13.053990364074707,13.154379622117055,12.959110407184845,13.088881787424652,279563200
2013-07-15,13.082451820373535,13.205490408408675,13.001651201253173,13.008079126903116,241917200
2013-07-16,13.1669282913208,13.182536751162242,12.982370390339835,13.054295330561118,216538000
2013-07-17,13.170292854309082,13.228752244753847,13.106325797991632,13.151623673194711,198990400
2013-07-18,13.214673042297363,13.30985865134855,13.179475959548764,13.264255112122964,218878800
2013-07-19,13.006242752075195,13.282619037797673,12.987878417681678,13.25568549796953,268721600
2013-07-22,13.047870635986328,13.153157064468692,13.022161377839465,13.144281375640293,207796400
2013-07-23,12.823830604553223,13.06776410379105,12.815260579950976,13.038381979580164,369395600
2013-07-24,13.482481002807617,13.607355219478116,13.321796739291507,13.434122401569375,591936800
2013-07-25,13.420958518981934,13.509717821406282,13.33862714132548,13.488293584932594,229493600
2013-07-26,13.497172355651855,13.498702308343075,13.293638793491986,13.32302091379222,200152400
2013-07-29,13.705297470092773,13.772631738463192,13.472993917301842,13.49135743718356,248057600
2013-07-30,13.874550819396973,13.99177363647106,13.749369306145883,13.77171217286255,309422400
2013-07-31,13.850373268127441,13.997590377184093,13.755493300189814,13.925666242029362,322957600
2013-08-01,13.97739315032959,13.981066018909381,13.872718847653722,13.948930462043027,206250800
2013-08-02,14.156744956970215,14.166233607751922,13.976779332324908,14.018097870560911,274783600
2013-08-05,14.36823558807373,14.40557559248475,14.14480852350808,14.222548438137219,318855600
2013-08-06,14.239686965942383,14.442914053684355,14.14541833941919,14.324466943260292,334857600
2013-08-07,14.231424331665039,14.293250121684634,14.133177162277407,14.195308615969108,298858000
2013-08-08,14.203081130981445,14.298279880219903,14.108805427394016,14.290885642865687,255777200
2013-08-09,14.000969886779785,14.186130140646519,13.976324083761437,14.130058018271042,266865200
2013-08-12,14.398715019226074,14.438456986144852,14.068138001610514,14.075224556695352,364434000
2013-08-13,15.082975387573242,15.239791133532885,14.419971945077108,14.509010473769413,881941200
2013-08-14,15.3580904006958,15.535239415954777,15.200967026444358,15.338989450366622,756372400
2013-08-15,15.33991527557373,15.478247051695192,15.06787517756043,15.294011450110297,490294000
2013-08-16,15.476091384887695,15.494884658544905,15.369185925020457,15.408927890693391,362306000
2013-08-19,15.642763137817383,15.827614084713536,15.52753877213661,15.538013116159512,510518400
2013-08-20,15.437273025512695,15.729955814224603,15.429571106655684,15.703460621027757,358688400
2013-08-21,15.477018356323242,15.624590494537237,15.441279540244011,15.514912591078582,335879600
2013-08-22,15.495500564575195,15.576527844115876,15.348851488545032,15.557734569800933,244207600
2013-08-23,15.435733795166016,15.507517459733188,15.384283460724477,15.505052713938708,222731600
2013-08-26,15.495807647705078,15.718554479698657,15.419709870504011,15.427411788235432,330965600
2013-08-27,15.052781105041504,15.481638628607936,14.982229816313819,15.342689824256988,424188800
2013-08-28,15.123946189880371,15.274909363388906,14.972984661729091,14.972984661729091,307608000
2013-08-29,15.148598670959473,15.296480139426558,15.13103776714598,15.147058616057437,239657600
2013-08-30,15.010573387145996,15.187105438086366,14.988390677405402,15.157837818974537,272297200
2013-09-03,15.052472114562988,15.422791073078761,15.014577886865808,15.191726943322092,331928800
2013-09-04,15.363951683044434,15.473323566420591,15.289703257228952,15.390756210477843,345032800
2013-09-05,15.258575439453125,15.425251733749764,15.208357503023793,15.412003320390799,236367600
2013-09-06,15.349467277526855,15.385204441392553,15.094680385310879,15.356246150230662,359525600
2013-09-09,15.594396591186523,15.648311669037792,15.511521574209882,15.55835009687605,340687200
2013-09-10,15.23917007446289,15.633828743840674,15.0808143158367,15.59531751315196,743195600
2013-09-11,14.40949821472168,14.593732187239349,14.320152010530858,14.387930868315777,898696400
2013-09-12,14.562926292419434,14.646416679389038,14.35712330299143,14.433838106855172,404051200
2013-09-13,14.322918891906738,14.536422046721844,14.316758675727549,14.459708927293823,298835600
2013-09-16,13.86757755279541,14.221568103278184,13.778232967135668,14.202776469370523,543706800
2013-09-17,14.027777671813965,14.163027696961635,13.786854566471298,13.801026029915743,399380800
2013-09-18,14.316145896911621,14.367596221922296,14.192294911477388,14.269932744414826,456862000
2013-09-19,14.550907135009766,14.659661966581456,14.456940775497236,14.50161387350327,404541200
2013-09-20,14.40025520324707,14.74346198870727,14.356814472104691,14.72651809622548,699302800
2013-09-23,15.115937232971191,15.309107118993316,14.868235269127961,15.284151984445666,762106800
2013-09-24,15.068492889404297,15.264742899710233,15.029058607308281,15.24656663591774,364344400
2013-09-25,14.835270881652832,15.085128269428065,14.832190772668563,15.071573815468442,316957200
2013-09-26,14.979765892028809,15.051857239427486,14.908289908407992,14.97298866368383,237221600
2013-09-27,14.8728609085083,14.932013164933148,14.810319215121055,14.904593278050443,228040400
2013-09-30,14.688003540039062,14.839272729869013,14.61591057614434,14.703407372611236,260156400
2013-10-01,15.033373832702637,15.069728012279516,14.738226268056355,14.740383332071982,353883600
2013-10-02,15.082670211791992,15.1516814662845,14.903673350218293,14.961593245806242,289184000
2013-10-03,14.893193244934082,15.168622822962769,14.810935235137274,15.111933670873734,322753200
2013-10-04,14.881484985351562,14.929853558855589,14.74500258333234,14.90705548577086,258868400
2013-10-07,15.026904106140137,15.17786567827195,14.952963374913635,14.990242245102086,312292400
2013-10-08,14.817091941833496,15.115934855039239,14.804768217408236,15.0943675146165,290917200
2013-10-09,14.991165161132812,15.028134703747448,14.735145854515705,14.931088214696027,301725200
2013-10-10,15.085124015808105,15.16953905153404,15.005021460515614,15.13688365315079,278602800
2013-10-11,15.182795524597168,15.21452789460396,14.947109541143746,15.003489370587523,267738800
2013-10-14,15.282304763793945,15.329750294325448,15.076195758623674,15.090984232351554,261898000
2013-10-15,15.363642692565918,15.465928010256857,15.266288512427979,15.327596192228546,320073600
2013-10-16,15.438496589660645,15.482244977536093,15.380576744988353,15.428637612634443,251101200
2013-10-17,15.542945861816406,15.551572471495065,15.394449051456233,15.40369102486173,253593200
2013-10-18,15.678194999694824,15.689594036205909,15.580223834854177,15.588850444038302,290542000
2013-10-21,16.0623836517334,16.152960604184585,15.759226458470348,15.766928378805025,398106800
2013-10-22,16.0164737701416,16.280811961891125,15.651699668965321,16.217962598038643,534063600
2013-10-23,16.173288345336914,16.195163371067864,15.989668112426177,15.989668112426177,313723200
2013-10-24,16.38741111755371,16.404664337223835,16.09596234652108,16.174523235286056,384764800
2013-10-25,16.204097747802734,16.428075306551015,16.17791024036455,16.369230746610125,337792000
2013-10-28,16.32486343383789,16.359369860503282,16.119369864053375,16.298983613838846,550440800
2013-10-29,15.918185234069824,16.613535975770052,15.85225579439218,16.52172672185009,635807200
2013-10-30,16.171432495117188,16.252150394618056,15.928660142568106,16.008454997068768,354163600
2013-10-31,16.10365867614746,16.251232407451212,16.05960259215476,16.17451927404534,275696400
2013-11-01,16.021408081054688,16.16836487121753,15.892319878168125,16.14433441843944,274890000
2013-11-04,16.228435516357422,16.230592579783895,15.983815309794641,16.054366585663196,244627600
2013-11-05,16.188385009765625,16.294367414946286,16.112904239771016,16.161582137978982,265213200
2013-11-06,16.14252471923828,16.264619682615557,16.058235751704995,16.24261693726685,223375600
2013-11-07,15.881282806396484,16.212859636294496,15.877875237292153,16.1009924028767,262620400
2013-11-08,16.13136863708496,16.14903206706152,15.884390095667193,15.94605736145812,279316800
2013-11-11,16.08458137512207,16.165770621565372,15.940794752971005,16.113710404569836,227452400
2013-11-12,16.11432647705078,16.23549135587743,16.021051051435812,16.04181257472922,204276800
2013-11-13,16.133535385131836,16.183737051793297,16.019806284684297,16.052035046356522,197220800
2013-11-14,16.36688232421875,16.401588574260074,16.17196397424177,16.201092995603524,282419200
2013-11-15,16.268648147583008,16.395699730116363,16.253154375071908,16.31791973433803,317920400
2013-11-18,16.071563720703125,16.336826366700176,16.058239602968104,16.26865176652921,244944000
2013-11-19,16.100072860717773,16.218758620021315,16.05111074415924,16.083958474071487,208938800
2013-11-20,15.959061622619629,16.12702049229613,15.938300113671854,16.090142955119305,193916800
2013-11-21,16.149335861206055,16.15150551814869,15.917852828497958,16.039636616017194,262026800
2013-11-22,16.107810974121094,16.180943803330575,16.06845594631839,16.099134001422623,223725600
2013-11-25,16.22991180419922,16.295916730419023,16.14500388002834,16.14562283653628,229311600
2013-11-26,16.529254913330078,16.61416446621183,16.237964802958643,16.24168185078487,401382800
2013-11-27,16.918476104736328,16.919715672716862,16.529260033668592,16.619437363029427,363448400
2013-11-29,17.23177146911621,17.301804580673096,16.97580646216993,17.02755718642694,318127600
2013-12-02,17.0817813873291,17.48772902717679,17.069076232916135,17.291572829189146,472544800
2013-12-03,17.549402236938477,17.551262416489262,17.281662158890175,17.3008746361189,450968000
2013-12-04,17.508499145507812,17.638341009533338,17.378966759770407,17.523992919483124,377809600
2013-12-05,17.598360061645508,17.822716858416698,17.55218823188643,17.74555583505789,447580000
2013-12-06,17.354175567626953,17.562729181619073,17.340232494883722,17.532979546529187,344352400
2013-12-09,17.552810668945312,17.65042375195451,17.381444118025485,17.381444118025485,320493600
2013-12-10,17.525541305541992,17.59774573187169,17.390741174129253,17.464494646805292,278269600
2013-12-11,17.395700454711914,17.69350132212962,17.34395138098184,17.57047625276787,359718800
2013-12-12,17.370290756225586,17.519035628622365,17.354487503076687,17.419873483667313,262290000
2013-12-13,17.18094825744629,17.44280161224653,17.157398121000845,17.441871522528867,332822000
2013-12-16,17.27608299255371,17.435365001393905,17.19892360663074,17.199233084896136,282592800
2013-12-17,17.19830322265625,17.336201443656602,17.148411022707887,17.22371354003467,229902400
2013-12-18,17.06753158569336,17.088604242788417,16.696599530978347,17.034374381193285,565863200
2013-12-19,16.871994018554688,17.043670055459923,16.849372315463533,17.02817628237196,320308800
2013-12-20,17.013303756713867,17.093564557250644,16.8831524043289,16.9020554058286,436413600
2013-12-23,17.666221618652344,17.685743565490302,17.439076253659422,17.601454630732416,501306400
2013-12-24,17.591236114501953,17.721696913140047,17.540413830277963,17.660029650944782,167554800
2013-12-26,17.474411010742188,17.64794722880404,17.45829662600027,17.60456234680656,204008000
2013-12-27,17.356342315673828,17.490212341205773,17.338059930063107,17.471929955595048,225884400
2013-12-30,17.183734893798828,17.35634098993437,17.115560318319353,17.274842301545604,253629600
2013-12-31,17.385169982910156,17.393226350680234,17.16762984850725,17.172899255857274,223084400
2014-01-02,17.140663146972656,17.26151854164415,17.106266377016034,17.21968436386492,234684800
2014-01-03,16.76414680480957,17.15831932298447,16.74710233868081,17.132290061573354,392467600
2014-01-06,16.85556411743164,16.944500196656193,16.53545281792832,16.654759130872325,412610800
2014-01-07,16.735021591186523,16.91847264995258,16.66932615659733,16.86765202809232,317209200
2014-01-08,16.841005325317383,16.90608016083291,16.693190569616743,16.69690761853635,258529600
2014-01-09,16.625947952270508,16.946368890942075,16.589690995447498,16.94450871112333,279148800
2014-01-10,16.51500701904297,16.75857635238963,16.45829802107146,16.72851724043736,304976000
2014-01-13,16.60146713256836,16.811258668479656,16.42018400984373,16.421114099720132,378492800
2014-01-14,16.931798934936523,16.942334433460147,16.661268648781554,16.6786225974964,332561600
2014-01-15,17.271745681762695,17.359753358396894,17.095111371950964,17.152750458825533,391638800
2014-01-16,17.175373077392578,17.255943350016796,17.095731239632833,17.19551564554863,229278000
2014-01-17,16.75455093383789,17.10781961719547,16.73068965829845,17.089537226372595,426739600
2014-01-21,17.014850616455078,17.04583815980695,16.746799429656505,16.764462858955508,328526800
2014-01-22,17.090457916259766,17.26956964100819,16.975800396396004,17.07186440237184,379985200
2014-01-23,17.235172271728516,17.245088812117878,16.882833884576545,17.041804699025985,403239200
2014-01-24,16.921884536743164,17.21782351713646,16.880978795304163,17.167621843761427,429354800
2014-01-27,17.05916404724121,17.19241513140517,16.911969891090546,17.045839931803236,554878800
2014-01-28,15.695672035217285,15.959072796856272,15.558391115761676,15.765705147158105,1065523200
2014-01-29,15.517480850219727,15.722625142164972,15.451475946941555,15.616644599173535,502810000
2014-01-30,15.487430572509766,15.695674729424583,15.391987126801792,15.572959127141871,678501600
2014-01-31,15.512842178344727,15.541661728918438,15.294373633947432,15.344884803297393,464797200
2014-02-03,15.541659355163574,15.733789111321908,15.47255632596809,15.575127695707707,401464000
2014-02-04,15.766633987426758,15.787397166409313,15.579773651404011,15.675528216424869,376681200
2014-02-05,15.884385108947754,15.967743960740288,15.687917783177959,15.697524845749294,328344800
2014-02-06,15.97697639465332,16.007839757598475,15.83045783173653,15.900600476263577,257765200
2014-02-07,16.20050048828125,16.301816205072274,16.12880115939583,16.253496657813614,370280400
2014-02-10,16.490724563598633,16.584246984663434,16.14812257025691,16.168697036727497,345559200
2014-02-11,16.7080135345459,16.763813342631916,16.506627438779663,16.54123177733641,282256800
2014-02-12,16.70676040649414,16.82023463673702,16.623215549722847,16.738870760065172,308100800
2014-02-13,16.9720516204834,16.98514415988671,16.65314073539662,16.667480262594065,307398000
2014-02-14,16.95833396911621,17.020372031308483,16.87167247510622,16.91095009535258,272924400
2014-02-18,17.02068328857422,17.18278671490589,17.00883607153173,17.020994619319993,260251600
2014-02-19,16.751962661743164,17.048739101248124,16.657817579328203,16.982026085801955,313768000
2014-02-20,16.558061599731445,16.740429836316004,16.491037247962474,16.61542137894294,305858000
2014-02-21,16.374128341674805,16.66466974741317,16.35386521257129,16.609179640353755,278784800
2014-02-24,16.44583511352539,16.519718734681064,16.285914316875495,16.308671431156824,288909600
2014-02-25,16.27468490600586,16.508800560807728,16.24164057040515,16.502878618963123,231952000
2014-02-26,16.12786293029785,16.366343990295604,16.0733084503302,16.323012403072763,276217200
2014-02-27,16.44957160949707,16.484174264181604,16.087329230442958,16.12130922380859,301882000
2014-02-28,16.404993057250977,16.607935695757675,16.276555008814693,16.493525840566978,371968800
2014-03-03,16.45238494873047,16.542477759061452,16.298073082833515,16.317089235392935,238781200
2014-03-04,16.560869216918945,16.60451380002712,16.452695913738687,16.55338895325673,259140000
2014-03-05,16.595781326293945,16.67028593510728,16.495088308358277,16.550891429589203,200062800
2014-03-06,16.54558563232422,16.660618144050325,16.462974794453356,16.609180327708966,185488800
2014-03-07,16.535930633544922,16.583938841116257,16.399076608348242,16.55619377317423,220729600
2014-03-10,16.550886154174805,16.62601506538751,16.470456297757533,16.471080623904427,178584000
2014-03-11,16.712059020996094,16.794669882225865,16.60295008505183,16.692108880929258,279224400
2014-03-12,16.72827911376953,16.751347568550482,16.58456743531315,16.662814714921254,199326400
2014-03-13,16.542470932006836,16.82334781363747,16.49602106005355,16.754142499036963,257742800
2014-03-14,16.356674194335938,16.549952271171755,16.303989386240037,16.48448625682677,237199200
2014-03-17,16.420578002929688,16.521269321063343,16.392832949743553,16.450505700263857,199544800
2014-03-18,16.56585121154785,16.58362036920519,16.372573121905262,16.394394573176196,209647200
2014-03-19,16.561485290527344,16.716731068045405,16.491031331053584,16.592659977212588,224756000
2014-03-20,16.481679916381836,16.605441342628204,16.439595337603357,16.518776545242588,208398400
2014-03-21,16.611669540405273,16.639103256571964,16.407792976845332,16.5823661760255,374046400
2014-03-24,16.80869483947754,16.849532429640313,16.67994546689579,16.78469074738382,355700800
2014-03-25,16.989511489868164,17.013204263123743,16.8211714306881,16.880715527061216,282293200
2014-03-26,16.827089309692383,17.114514133993936,16.79841025880981,17.0372025650961,299768000
2014-03-27,16.7547664642334,16.880710556956114,16.681820181150623,16.834572012095382,222031600
2014-03-28,16.736064910888672,16.800906619002124,16.654701028761355,16.781579138336372,200564000
2014-03-31,16.73232078552246,16.859198858499706,16.707068038328313,16.809943681433587,168669200
2014-04-01,16.8853816986084,16.892240961838443,16.73325256343645,16.764114253362496,200760000
2014-04-02,16.913440704345703,16.9424327500739,16.842052744728193,16.908141423218286,180420800
2014-04-03,16.79623031616211,16.911885524985994,16.760380664356894,16.877282861022795,162344000
2014-04-04,16.57894515991211,16.83394832701277,16.540290204642744,16.828026383869815,275251200
2014-04-07,16.31864356994629,16.55026697764408,16.26939004867511,16.460485520045687,289850400
2014-04-08,16.317710876464844,16.401257401652373,16.169945306279935,16.37226534893196,243888400
2014-04-09,16.532188415527344,16.537487698129297,16.273444241383523,16.292771722290233,206169600
2014-04-10,16.31895637512207,16.592040043296514,16.30929180347379,16.54340751919351,239652000
2014-04-11,16.198314666748047,16.298694696112655,16.1213144120234,16.179296852483837,271717600
2014-04-14,16.262840270996094,16.27780245664329,16.12349232657808,16.269697870048148,205674000
2014-04-15,16.14687728881836,16.261596849948223,15.940193615453111,16.218889593945796,266490000
2014-04-16,16.179607391357422,16.244449087906506,16.027789550018817,16.14967968608702,214765600
2014-04-17,16.364471435546875,16.452383256283483,16.18553282140875,16.21047258117381,284334400
2014-04-21,16.558683395385742,16.58892076661092,16.33391760404916,16.376937848100397,182548800
2014-04-22,16.575210571289062,16.579262866398878,16.41310544793147,16.469529578402593,202563200
2014-04-23,16.358549118041992,16.557439535454563,16.349195875908244,16.492909157187558,394940000
2014-04-24,17.69965362548828,17.769171954639216,17.480188742189938,17.71337049285763,759911600
2014-04-25,17.829647064208984,17.831203717789712,17.580878838176936,17.598646332309084,390275200
2014-04-28,18.52015495300293,18.571904124588805,17.848666040176354,17.856460964133664,669485600
2014-04-29,18.465286254882812,18.57907182569641,18.37737610058227,18.509242164468304,337377600
2014-04-30,18.395450592041016,18.686616360071707,18.386410348454223,18.474944800288174,456640800
2014-05-01,18.438785552978516,18.54228220034691,18.279174460189843,18.454994727896537,244048000
2014-05-02,18.473079681396484,18.523583526915697,18.383611207542618,18.465599418402654,191514400
2014-05-05,18.734312057495117,18.73556070995785,18.392645781422864,18.397011070432573,287067200
2014-05-06,18.530122756958008,18.84186130850449,18.530122756958008,18.760497454983017,374564400
2014-05-07,18.465286254882812,18.619909432931564,18.321885968528466,18.55631471153369,282864400
2014-05-08,18.43236541748047,18.633620593323847,18.38252206494321,18.440515271039228,230297200
2014-05-09,18.355566024780273,18.377822428129697,18.192240788947846,18.32421720932082,291597600
2014-05-12,18.58409881591797,18.610117084637164,18.41387762860544,18.41670027843882,213208800
2014-05-13,18.61324119567871,18.637692428664405,18.517318029287175,18.55806896815091,159737200
2014-05-14,18.616695404052734,18.727354635035386,18.54992451674478,18.571554781870745,166404000
2014-05-15,18.45838737487793,18.70227530727351,18.433936135130836,18.642715067270593,230846000
2014-05-16,18.73080062866211,18.73142676782233,18.35117446482239,18.452428198539515,276256400
2014-05-19,18.95274543762207,19.038638672978788,18.725157243340274,18.741458625908606,317755200
2014-05-20,18.956510543823242,19.009487953538244,18.83174475942175,18.950240780222472,234836000
2014-05-21,19.006662368774414,19.018887149204144,18.873433691450728,18.928918993149185,196859600
2014-05-22,19.036758422851562,19.117637528795782,18.93738644577797,19.015755972342966,200760000
2014-05-23,19.251802444458008,19.270611728976938,19.011676438356552,19.036127671146843,232209600
2014-05-27,19.612308502197266,19.619517473150268,19.298827086715217,19.306663870976948,348866000
2014-05-28,19.561525344848633,19.743971250772603,19.554314699328803,19.624534366159136,315481600
2014-05-29,19.917951583862305,19.96466089432377,19.679392570066735,19.681900474979685,376474000
2014-05-30,19.843351364135742,20.19350892950997,19.714823700409454,19.999464318078626,564020800
2014-06-02,19.706979751586914,19.900711222926386,19.514189163142866,19.873439012309888,369350800
2014-06-03,19.985668182373047,20.023286765177563,19.69444476904734,19.701027602495824,292709200
2014-06-04,20.21388053894043,20.310120148022126,19.94083863088193,19.982532137441392,335482000
2014-06-05,20.293190002441406,20.356513770448153,20.14460080760028,20.257140121506307,303805600
2014-06-06,20.23739242553711,20.415765108591383,20.20291123673074,20.373130715789724,349938400
2014-06-09,20.561216354370117,20.60071502394442,20.13331549578934,20.3417796732171,301660000
2014-06-10,20.681907653808594,20.85745767226186,20.532690640374035,20.787237999714364,251108000
2014-06-11,20.596324920654297,20.793818248328986,20.510744757690073,20.655572081872283,182724000
2014-06-12,20.25181770324707,20.653387354471253,20.16623750533628,20.635832012805057,218996000
2014-06-13,20.03017807006836,20.284725399436336,19.942403071177026,20.232059395600224,218100000
2014-06-16,20.2320613861084,20.352752230729116,20.0674838748087,20.08065121414761,142244000
2014-06-17,20.205720901489258,20.341770511057703,20.144278926307603,20.25619037788779,118904000
2014-06-18,20.227678298950195,20.25181647373337,20.04554540710238,20.24742680149856,134056000
2014-06-19,20.15744972229004,20.254002378847847,20.043341732872868,20.251807543698256,142112000
2014-06-20,19.94899559020996,20.308871723464147,19.946800753959643,20.15526499516278,403592000
2014-06-23,19.931434631347656,20.1047898145373,19.88096345683156,20.03895813893701,174776000
2014-06-24,19.81075096130371,20.131128438677493,19.791002455970442,19.91388650916322,156144000
2014-06-25,19.82830238342285,19.902910065488086,19.67250251131368,19.7953865402067,147476000
2014-06-26,19.94679069519043,19.97970652566832,19.705410728633712,19.830489545114744,130516000
2014-06-27,20.18379020690918,20.188178204667004,19.918270302904894,19.929242808553415,256116000
2014-06-30,20.39224624633789,20.56779622132652,20.207918605182964,20.210113440266696,197929200
2014-07-01,20.521717071533203,20.642407912228293,20.43613690237449,20.521717071533203,152892000
2014-07-02,20.512937545776367,20.640209522758862,20.427355717184685,20.59851770019937,113860000
2014-07-03,20.63362693786621,20.64898743565966,20.451494125337675,20.554629613737415,91567200
2014-07-07,21.059337615966797,21.06372561275918,20.648990437867973,20.657768105621678,225872000
2014-07-08,20.923290252685547,21.241474491082258,20.609495686084244,21.125171626873577,260888000
2014-07-09,20.932065963745117,21.054949975811613,20.79382145017031,20.943038468037813,145744000
2014-07-10,20.85525894165039,20.96717209936737,20.521714303716696,20.574380303918062,158744000
2014-07-11,20.894758224487305,21.041780379197355,20.815760896010815,20.925479221764963,136072000
2014-07-14,21.164670944213867,21.261223636610648,20.989122572965268,21.035204083199375,171240000
2014-07-15,20.91670799255371,21.252445904827898,20.853071143129885,21.241475073377153,181911600
2014-07-16,20.798208236694336,21.307301266695106,20.78943056860496,21.27877510103139,213585200
2014-07-17,20.427364349365234,20.907931322794106,20.313257986638472,20.85307214040887,229192000
2014-07-18,20.721410751342773,20.789435602796495,20.41200415440279,20.5436675334569,199952000
2014-07-21,20.613889694213867,20.846492123222923,20.56561333932453,20.84429728686351,156316000
2014-07-22,20.785045623779297,20.82234946301019,20.653383931443095,20.776267954400982,220788000
2014-07-23,21.32705307006836,21.47846325222899,20.883790005572486,20.93864917970134,371672000
2014-07-24,21.291934967041016,21.355571787730206,21.15807849493074,21.294129802007827,182916000
2014-07-25,21.432376861572266,21.469680689676274,21.206357383547243,21.252438878411386,173876000
2014-07-28,21.728620529174805,21.776896869335115,21.406049997881016,21.46529716815197,221272000
2014-07-29,21.588178634643555,21.82078263942914,21.55965247071644,21.79664447219508,172572000
2014-07-30,21.53771209716797,21.658401275746304,21.432381746209348,21.601348940055804,132040000
2014-07-31,20.978145599365234,21.384103109492408,20.918898434302566,21.320467947605042,227372000
2014-08-01,21.094446182250977,21.20197135441246,20.804789848966653,20.824540019551602,194044000
2014-08-04,20.9759578704834,21.193201455709115,20.883794838419497,21.147119939677165,159832000
2014-08-05,20.872819900512695,20.995703919097043,20.706047536598803,20.92548424073896,223732000
2014-08-06,20.837709426879883,20.951817451677123,20.782850250311377,20.791627919462645,154232000
2014-08-07,20.835500717163086,21.159675690043077,20.751698941897967,20.934737713402388,186844000
2014-08-08,20.892837524414062,20.910480181112078,20.57086661090884,20.786984949218663,167460000
2014-08-11,21.168498992919922,21.188347403517227,20.914891255820343,21.009718438127265,146340000
2014-08-12,21.164085388183594,21.364765116164367,21.08469512497252,21.17952229033596,135180000
2014-08-13,21.44416618347168,21.44416618347168,21.1795329611035,21.203791202778564,127664000
2014-08-14,21.501495361328125,21.516932265056916,21.347126324040193,21.464005978343387,112464000
2014-08-15,21.607351303100586,21.65366201790022,21.360359141672753,21.589708645320787,195804000
2014-08-18,21.867572784423828,21.913883495343285,21.607349492712377,21.719817641018352,190288000
2014-08-19,22.169692993164062,22.20277254969069,21.90285415350924,21.92270256042367,277596000
2014-08-20,22.17852210998535,22.29319603939136,22.04179401348493,22.14985404825803,210796000
2014-08-21,22.180721282958984,22.260111549955756,22.0770727853523,22.178515530404567,133912000
2014-08-22,22.343923568725586,22.377003144717744,22.09472723691262,22.116779726741687,176736000
2014-08-25,22.392433166503906,22.53136532393001,22.33509536459141,22.447565215362985,161080000
2014-08-26,22.24909210205078,22.38361445158121,22.242476524614332,22.36597179008615,132608000
2014-08-27,22.522541046142578,22.619573977832424,22.20718570064696,22.277754646649655,209476000
2014-08-28,22.549007415771484,22.66588708721124,22.39684242635173,22.403458002848836,273840000
2014-08-29,22.604145050048828,22.692356684304514,22.53798590373282,22.683535352629246,178380000
2014-09-02,22.780559539794922,22.87759078583672,22.652652803539443,22.727631570139756,214256000
2014-09-03,21.819055557250977,22.758504258733304,21.739665289168492,22.736451780376225,501684000
2014-09-04,21.638227462768555,22.072666600922947,21.565452753396258,21.799212105626097,342872000
2014-09-05,21.825672149658203,21.918293572572153,21.68012275722514,21.788182766454412,233828000
2014-09-08,21.69115447998047,21.9006556027129,21.622791274509257,21.89845153205019,185426800
2014-09-09,21.60955238342285,22.73204151252556,21.20157565306971,21.849928935547425,759385200
2014-09-10,22.273347854614258,22.297606090837824,21.55883696879301,21.613969017938096,403478400
2014-09-11,22.36817741394043,22.37038316723875,21.969021874281438,22.143239369919062,249412400
2014-09-12,22.41889190673828,22.53577155375514,22.290985179532726,22.31965323252864,250504400
2014-09-15,22.412273406982422,22.725424632525947,22.3703742060792,22.672496669549055,245266000
2014-09-16,22.242475509643555,22.330687130596772,21.808034664508757,22.008716144239745,267632400
2014-09-17,22.4012508392334,22.44976730350857,22.182926749995126,22.332885965710958,243706000
2014-09-18,22.44756317138672,22.571058411187213,22.3968409507564,22.47843698133684,149197600
2014-09-19,22.264524459838867,22.57105849005508,22.16308170072022,22.557827337886355,283609600
2014-09-22,22.286575317382812,22.524746134047994,22.1807227427514,22.44976736722544,211153600
2014-09-23,22.635009765625,22.701168885331118,22.171900975171106,22.185132126113807,253608800
2014-09-24,22.438745498657227,22.681326194575796,22.317454309449577,22.529162872884154,240687200
2014-09-25,21.583097457885742,22.20939679394939,21.550017888446483,22.165291823028245,400368000
2014-09-26,22.218212127685547,22.218212127685547,21.69997128800555,21.728639343116782,249482000
2014-09-29,22.07708168029785,22.149856401448826,21.750699153088483,21.755110659974733,199065200
2014-09-30,22.218212127685547,22.39242957604537,22.16969566326935,22.231443278891295,221056400
2014-10-01,21.871984481811523,22.204982497434756,21.766130217425914,22.182928333919435,205965200
2014-10-02,22.0307674407959,22.10133639725354,21.62058485560566,21.89183359847546,191031200
2014-10-03,21.969018936157227,22.099129760911516,21.841112181909686,21.929323794580284,173878400
2014-10-06,21.969018936157227,22.19616270309883,21.92491228857364,22.041791960301143,148204800
2014-10-07,21.77716064453125,22.079284896640274,21.772750820648632,21.92711989399093,168376800
2014-10-08,22.22924041748047,22.297603612422776,21.68012405763304,21.77936274456162,229618800
2014-10-09,22.277755737304688,22.57767419312337,22.187340059482427,22.39243133173349,309506000
2014-10-10,22.21380615234375,22.50049180060075,22.11897895978647,22.204984822513232,265326400
2014-10-13,22.010915756225586,22.44535651335618,22.010915756225586,22.3461195114466,214333600
2014-10-14,21.77716064453125,22.16749483426632,21.737465499600845,22.138826772787528,254754400
2014-10-15,21.51032066345215,21.86537119730449,20.989873980879647,21.605147856018238,403734400
2014-10-16,21.228042602539062,21.550013536229585,21.0405939902359,21.071467800144823,288618000
2014-10-17,21.538982391357422,21.832285212659905,21.34932806198109,21.50149301246809,272718800
2014-10-20,21.999900817871094,22.044005799135995,21.66028707814035,21.6823395687728,310069200
2014-10-21,22.597522735595703,22.718812224356014,22.332887911716284,22.718812224356014,378495600
2014-10-22,22.712196350097656,22.95918851264404,22.62619049615221,22.67911678723484,273052400
2014-10-23,23.117965698242188,23.166482159035375,22.85333091641467,22.95256959053607,284298800
2014-10-24,23.203977584838867,23.263519458826813,23.051812587707843,23.19515625489683,188215600
2014-10-27,23.17972183227539,23.261317881111342,23.08930445255202,23.122384022755615,136750800
2014-10-28,23.539175033569336,23.539175033569336,23.232641029594102,23.243668110455037,192243600
2014-10-29,23.67148780822754,23.678105065184315,23.45537119086217,23.519324548142627,210751600
2014-10-30,23.59210968017578,23.673704044654283,23.353938799137186,23.587698173584258,162619200
2014-10-31,23.817047119140625,23.82586844960288,23.64282962812878,23.819252872380375,178557200
2014-11-03,24.12578010559082,24.32425577839887,23.819246109669155,23.86555681957499,209130400
2014-11-04,23.949359893798828,24.14562983843452,23.755295702051317,24.11696178087415,166297600
2014-11-05,24.00670051574707,24.103733464284762,23.845714185900142,24.059626813814596,149743600
2014-11-06,24.07535743713379,24.09529191499934,23.876022797231112,24.053209331565952,139874000
2014-11-07,24.144018173217773,24.212677805743855,24.04213553825285,24.086431748309913,134766000
2014-11-10,24.10416030883789,24.21490256696197,24.06872197513766,24.146241217865967,108782000
2014-11-11,24.296836853027344,24.30791174841942,24.008908160543008,24.075352463520108,109769200
2014-11-12,24.640138626098633,24.68000588427635,24.223748577191635,24.225962204462977,187769600
2014-11-13,24.98787498474121,25.127409576584157,24.717663691826626,24.76196159464422,238091600
2014-11-14,25.28908920288086,25.291304520052655,24.631280255584667,25.060960538150802,176254400
2014-11-17,25.247007369995117,25.97569128014729,25.094184276473023,25.3090227342988,186986800
2014-11-18,25.574810028076172,25.623536878045396,25.224864187199266,25.2359390857531,176896000
2014-11-19,25.397621154785156,25.63460944569664,25.20493076718886,25.56816512541221,167476800
2014-11-20,25.760854721069336,25.882671839200906,25.437487640874473,25.450777856356574,173582000
2014-11-21,25.79629135131836,26.039923881815746,25.69883766320258,26.026635356997073,228717200
2014-11-24,26.274688720703125,26.30569639556839,25.829506378798317,25.880446834737732,189803200
2014-11-25,26.046566009521484,26.522757824070702,26.0133430104056,26.37214835923169,275361600
2014-11-26,26.356647491455078,26.378795596766786,26.097511110744662,26.121874533525176,163073200
2014-11-28,26.341142654418945,26.445240604225752,26.14623696932436,26.41644654759456,99257600
2014-12-01,25.486217498779297,26.412022636566792,24.64457584995707,26.314568930549463,335256000
2014-12-02,25.388757705688477,25.636820857079933,24.97236761672365,25.13848092681272,237395600
2014-12-03,25.676687240600586,25.76971028551774,25.49507009537533,25.636819979951536,172253600
2014-12-04,25.57923698425293,25.95797516620508,25.53494077306719,25.641252355829824,168178000
2014-12-05,25.47071075439453,25.709914356594624,25.390976220327836,25.689979878181855,153275600
2014-12-08,24.894847869873047,25.393187789328636,24.722090301495154,25.271370688656052,230659600
2014-12-09,25.275800704956055,25.315667965129165,24.219319155264515,24.405366932669672,240832000
2014-12-10,24.79517936706543,25.43748450292153,24.7043716363993,25.340032510230074,178261200
2014-12-11,24.72209930419922,25.204935558468982,24.660082227768953,24.863849242169007,165606800
2014-12-12,24.303482055664062,24.777458499429173,24.270259060302788,24.46516470874161,224112400
2014-12-15,23.971256256103516,24.717657568404167,23.554864521733887,24.518321279588047,268872400
2014-12-16,23.64345932006836,24.39872192303199,23.534932438954026,23.559295857745873,243162800
2014-12-17,24.23261070251465,24.327847378946167,23.658965187877623,23.725411188421273,213647200
2014-12-18,24.950223922729492,24.950223922729492,24.509470335208263,24.77746632007254,236024800
2014-12-19,24.75752830505371,25.08089535688695,24.73095125600486,24.8638415706252,353719200
2014-12-22,25.01445198059082,25.13626740280483,24.799611813848475,24.841694396140053,180670000
2014-12-23,24.92585563659668,25.10082852279733,24.90813647829465,25.07868041981577,104113600
2014-12-24,24.8084659576416,24.963504348229243,24.8084659576416,24.934711987060602,57918400
2014-12-26,25.247007369995117,25.36439383668308,24.808469185395097,24.828401971153305,134884000
2014-12-29,25.22929573059082,25.41977081219258,25.18278250682444,25.202716986980366,110395600
2014-12-30,24.921417236328125,25.231495650821877,24.830609535462848,25.16948030588141,119526000
2014-12-31,24.44745445251465,25.056536726634143,24.409802499301062,24.98787708373968,165613600
2015-01-02,24.214893341064453,24.68222562747745,23.776353422468404,24.671150729967486,212818400
2015-01-05,23.532712936401367,24.064275731276037,23.346666887580582,23.98454122755526,257142000
2015-01-06,23.53493309020996,23.79406943566659,23.173912432554356,23.596948452562806,263188400
2015-01-07,23.864944458007812,23.964611763586213,23.632385158602347,23.743127360263635,160423600
2015-01-08,24.781890869140625,24.83947728974081,24.075355049974863,24.192743208450004,237458000
2015-01-09,24.8084659576416,25.083106116593303,24.409793396428064,24.954644770225418,214798000
2015-01-12,24.197174072265625,24.945790840272345,24.097506754292127,24.93914657771306,198603200
2015-01-13,24.412017822265625,24.983448143293007,24.121873715993303,24.680013820160088,268367600
2015-01-14,24.318988800048828,24.471811893300426,24.03105839224342,24.15066017595681,195826400
2015-01-15,23.658967971801758,24.376577089070306,23.623531339856147,24.363288563314725,240056000
2015-01-16,23.475133895874023,23.82729501276512,23.300160996132067,23.705477902251076,314053200
2015-01-20,24.07978630065918,24.13515740540139,23.588090620181628,23.88487893049971,199599600
2015-01-21,24.26361656188965,24.598056787392125,23.98011511203048,24.130724570790218,194303600
2015-01-22,24.894847869873047,24.910351710886655,24.301269587107605,24.42087137055198,215185600
2015-01-23,25.0233097076416,25.193851962029953,24.702156295129555,24.872700239309875,185859200
2015-01-26,25.04988670349121,25.328957536245927,24.983442393649014,25.191636592238247,222460000
2015-01-27,24.172813415527344,24.91257237795925,24.14844999016091,24.899282161527914,382274800
2015-01-28,25.53936767578125,26.161740038857733,25.53936767578125,26.053211457485503,585908400
2015-01-29,26.334503173828125,26.398733871324843,25.59474418351453,25.76307284971998,337745600
2015-01-30,25.94911766052246,26.578132655604872,25.88045633543681,26.223757891488575,334982000
2015-02-02,26.274688720703125,26.394290476522663,25.70990462297878,26.14622907760055,250956400
2015-02-03,26.279129028320312,26.376581032432806,26.048785008958852,26.24590602450807,207662800
2015-02-04,26.480680465698242,26.691091708380142,26.203824901479106,26.24590748797394,280598800
2015-02-05,26.66968536376953,26.7341695476522,26.51625741948107,26.687472758681785,168984800
2015-02-06,26.445104598999023,26.738617841332328,26.338371739759072,26.68747462417415,174826400
2015-02-09,26.620765686035156,26.64744762610821,26.33392295502217,26.36060659155632,155559200
2015-02-10,27.132186889648438,27.16109458407621,26.71860158755748,26.72082395138966,248034000
2015-02-11,27.768131256103516,27.77702580044334,27.23891859134053,27.298954645058252,294247200
2015-02-12,28.11946678161621,28.346273490964776,27.921567774388155,28.030523007292487,297898000
2015-02-13,28.257320404052734,28.301791428327864,27.93934766074915,28.301791428327864,217088800
2015-02-17,28.42409324645996,28.657570397556903,28.221746155981133,28.3484904589152,252609600
2015-02-18,28.621992111206055,28.63533308100466,28.33959580975443,28.379620415611313,179566800
2015-02-19,28.56195831298828,28.6909266937872,28.53527636969285,28.568628798812142,149449600
2015-02-20,28.795438766479492,28.795438766479492,28.473019474319724,28.599762112292385,195793600
2015-02-23,29.573684692382812,29.573684692382812,28.831008011401682,28.91105721846636,283896400
2015-02-24,29.389131546020508,29.707106062803202,29.16677297786456,29.56034859351888,276912400
2015-02-25,28.637557983398438,29.26238839870181,28.495248638062286,29.253492156099437,298846800
2015-02-26,29.000001907348633,29.10006257703535,28.152816368187036,28.637556382320206,365150000
2015-02-27,28.564184188842773,29.03336092029741,28.515265030649584,28.906614903272516,248059200
2015-03-02,28.704265594482422,28.96887282281326,28.528603825590125,28.73984377825784,192386800
2015-03-03,28.76429557800293,28.79987375215848,28.481899334140593,28.675353535535493,151265200
2015-03-04,28.581966400146484,28.808773070180983,28.53305064084708,28.706490037661048,126665200
2015-03-05,28.10834312438965,28.628661280150922,27.963809737857854,28.590860736485048,226068400
2015-03-06,28.150590896606445,28.76652330753673,28.074989807114648,28.55083525175208,291368400
2015-03-09,28.270662307739258,28.810995279684807,27.808156175542326,28.452996227639467,354114000
2015-03-10,27.68586540222168,28.288456909775928,27.52799102465237,28.108347014999616,275426400
2015-03-11,27.181108474731445,27.743675330611506,27.152202474172537,27.73922890608748,275756000
2015-03-12,27.672521591186523,27.77258395917488,27.045470531678525,27.19667441748349,193450800
2015-03-13,27.481292724609375,27.883762858746906,27.2567118077468,27.661404305960183,207309200
2015-03-16,27.78369903564453,27.78369903564453,27.32119455940393,27.54577546449357,143497200
2015-03-17,28.248435974121094,28.310696108982544,27.939357664300708,27.99494731277864,204092400
2015-03-18,28.566396713256836,28.719824620838658,28.099444203418223,28.23952944743159,261083600
2015-03-19,28.35071563720703,28.739843106737325,28.328480121097527,28.62866382972867,183238000
2015-03-20,27.99493980407715,28.550834443294974,27.830394963725297,28.517482020323033,274780400
2015-03-23,28.286231994628906,28.428541336208223,28.13280404655136,28.266220538685488,150838800
2015-03-24,28.170604705810547,28.470786706839743,28.141697009126034,28.29067852409887,131369200
2015-03-25,27.434600830078125,28.199514883696004,27.434600830078125,28.137254753092005,206620800
2015-03-26,27.62582778930664,27.768137135955826,27.26115987646045,27.296738061353363,190291600
2015-03-27,27.40569305419922,27.728112293899432,27.33009195662695,27.699206291262012,158184800
2015-03-30,28.099451065063477,28.10612155024622,27.57246068163208,27.58357928791074,188398800
2015-03-31,27.66806983947754,28.126127833374003,27.652504811426518,28.03718408888496,168362400
2015-04-01,27.628055572509766,27.8215081618925,27.3723428476369,27.75479990446081,162485600
2015-04-02,27.865970611572266,27.91933618318835,27.614706086104803,27.801486434991567,128880400
2015-04-06,28.317363739013672,28.35294192475229,27.645841599579253,27.67697166386991,148776000
2015-04-07,28.01939582824707,28.488570715367082,28.012725344497895,28.381839582458724,140049200
2015-04-08,27.92823600769043,28.106123541988197,27.788150719542283,27.983825650100826,149316800
2015-04-09,28.141695022583008,28.146143143202508,27.7192151726219,27.98382066980979,129936000
2015-04-10,28.261770248413086,28.286229823662996,27.852631346889225,28.006057586730154,160752000
2015-04-13,28.206180572509766,28.588639230734085,28.152814997705434,28.544164808218575,145460400
2015-04-14,28.083887100219727,28.304021601912243,27.99716739662991,28.239537415262678,102098400
2015-04-15,28.190614700317383,28.268439848011404,28.019399375390535,28.108343128381268,115881600
2015-04-16,28.05497932434082,28.261772854593556,28.041638353505544,28.079438901846288,113476000
2015-04-17,27.739229202270508,28.04830745205387,27.674745018986492,27.917116721430638,207828000
2015-04-20,28.372953414916992,28.488579125779587,27.832622017726813,27.921565785715647,188217200
2015-04-21,28.219524383544922,28.506365420044734,28.166157110114217,28.48413160080693,129740400
2015-04-22,28.599760055541992,28.655349701672606,28.088336329017185,28.237316173496495,150618000
2015-04-23,28.833232879638672,29.00000179276501,28.493024568294725,28.52860275072968,183083600
2015-04-24,28.9688663482666,29.04669318376572,28.73538923469084,29.01556312815039,178103600
2015-04-27,29.495861053466797,29.602595603096105,29.162323219950373,29.420259958837757,387816800
2015-04-28,29.0311279296875,29.916113892359117,28.81099516558888,29.898328196468167,475696000
2015-04-29,28.604202270507812,29.26015928080993,28.528601181683193,28.942188199206498,253544400
2015-04-30,27.828170776367188,28.60420158242397,27.701426480269312,28.60420158242397,332781600
2015-05-01,28.67313575744629,28.93552062370091,27.861528367104484,28.03941419799725,234050400
2015-05-04,28.617538452148438,29.033351156961068,28.519700168663114,28.795425931856165,203953200
2015-05-05,27.972702026367188,28.56195073733543,27.968253906023552,28.495242503867665,197085600
2015-05-06,27.79703712463379,28.183940447483725,27.430145252889186,28.14169178875812,288564000
2015-05-07,27.96897315979004,28.152068713553735,27.69209562693978,27.85956113478025,175763600
2015-05-08,28.49593162536621,28.49593162536621,28.158767256911965,28.286040975612977,222201600
2015-05-11,28.205656051635742,28.482531869675185,28.051587245555062,28.444573431626868,168143200
2015-05-12,28.10517692565918,28.330695903089556,27.870724547028903,28.044888392389844,192640000
2015-05-13,28.136444091796875,28.399923276401505,28.105183993924086,28.167704189669664,138776800
2015-05-14,28.79290199279785,28.79290199279785,28.393219150803873,28.449040986155204,180814000
2015-05-15,28.75271224975586,28.91347941005312,28.62767188221232,28.819699134395467,152832000
2015-05-18,29.06978416442871,29.18812620170231,28.66116785555959,28.665634557087365,203531600
2015-05-19,29.042984008789062,29.223846196970214,28.94696868731493,29.18142106006961,178532800
2015-05-20,29.04075050354004,29.246174444717788,28.879983348341042,29.027353808455853,145819600
2015-05-21,29.337726593017578,29.391316786883003,28.98939885062926,29.04298904449469,158921600
2015-05-22,29.594511032104492,29.690526387530536,29.33996352778473,29.384623734268693,182384000
2015-05-26,28.942508697509766,29.67712607533172,28.830865009082903,29.607907533642262,282790400
2015-05-27,29.482858657836914,29.531982144843504,29.038519035042373,29.10327086404503,183332800
2015-05-28,29.42479705810547,29.462755486302473,29.272963345317446,29.44266044909702,122933200
2015-05-29,29.08987808227539,29.351123894449234,29.005027792013937,29.302000400834167,203538000
2015-06-01,29.147932052612305,29.337727681720942,29.038523420832306,29.089878562424854,128451200
2015-06-02,29.01841926574707,29.174719695721333,28.875515528757198,28.99608917271053,134670400
2015-06-03,29.05414581298828,29.237243055991655,29.005022328626115,29.174722877184216,123934000
2015-06-04,28.88445472717285,29.15686559498538,28.783976090673622,28.933578221833795,153800400
2015-06-05,28.725914001464844,28.958134735546285,28.661162174075283,28.915709597179813,142507200
2015-06-08,28.53612518310547,28.850961177235256,28.319536172144808,28.78173923393358,210699200
2015-06-09,28.45127296447754,28.598643429224612,28.049356767393892,28.290505804225184,224301600
2015-06-10,28.777280807495117,28.87999110211272,28.547293357670114,28.56292340731379,156349200
2015-06-11,28.71251678466797,29.067542819658165,28.68795504222306,28.844255490920546,141563600
2015-06-12,28.395458221435547,28.65447242288564,28.382061522583875,28.62321232319996,147544800
2015-06-15,28.339630126953125,28.411082010997315,28.06945263717518,28.156534567618184,175955600
2015-06-16,28.491470336914062,28.54729218385298,28.21682780396123,28.36419659403523,125976400
2015-06-17,28.424482345581055,28.5539877230391,28.299440262330396,28.51826263035849,131672400
2015-06-18,28.553987503051758,28.65000113774058,28.40661872861507,28.408852079248966,141628800
2015-06-19,28.2681827545166,28.540593638270437,28.223525958691983,28.516031889502628,218867600
2015-06-22,28.49370765686035,28.594186313927707,28.37536559743282,28.46691255332008,136157200
2015-06-23,28.364194869995117,28.493701955873092,28.33070142315806,28.464675210506293,121075600
2015-06-24,28.6053409576416,28.98269710333946,28.384286970399828,28.404382013082174,221123600
2015-06-25,28.46913719177246,28.848725006243843,28.46913719177246,28.772808124768485,127752400
2015-06-26,28.301673889160156,28.57854974843953,28.2480853978426,28.507097858833646,176267200
2015-06-29,27.805973052978516,28.239151051350287,27.794809707755416,28.01363035385756,196645600
2015-06-30,28.00693130493164,28.16100011566019,27.879657588452865,28.03819139644943,177482800
2015-07-01,28.2681827545166,28.34410135167553,28.131977312639684,28.335169651801092,120955200
2015-07-02,28.23245620727539,28.288278050960418,28.08285237150343,28.230222856534695,108844000
2015-07-06,28.13420295715332,28.1855597914771,27.87742219262861,27.89751893772821,112241600
2015-07-07,28.06499481201172,28.167706815102605,27.636281694637407,28.10965161212159,187787200
2015-07-08,27.368331909179688,27.830536680664583,27.361633560883114,27.794811588567054,243046400
2015-07-09,26.81011962890625,27.701035930385615,26.6203256684374,27.654145778049624,314380000
2015-07-10,27.52686309814453,27.654136814244254,27.064658370882672,27.22765887920902,245418000
2015-07-13,28.058292388916016,28.080620785729373,27.759086420265138,27.917620252251677,165762000
2015-07-14,28.04712677001953,28.216825648745473,27.919853036861934,28.1431404075628,127072400
2015-07-15,28.317302703857422,28.390987940927992,28.040426856633054,28.07168695050287,134596800
2015-07-16,28.69465446472168,28.708054566907215,28.435642039525213,28.52272396471212,144889600
2015-07-17,28.942508697509766,28.942508697509766,28.65000277896658,28.821935013130545,184658800
2015-07-20,29.48955726623535,29.690514486480552,29.18365132849646,29.243939857407636,235600800
2015-07-21,29.1948184967041,29.679351595599233,29.0988065798831,29.66372325413515,307025600
2015-07-22,27.960037231445312,28.022557405679308,27.238818470567157,27.238818470567157,461802400
2015-07-23,27.9466552734375,28.377598373566588,27.92432516782536,28.17887269916327,203998000
2015-07-24,27.799272537231445,28.076148348962484,27.665300480171084,27.98236807937494,168649200
2015-07-27,27.41298484802246,27.60054709170659,27.26784944586523,27.48443672572424,177822000
2015-07-28,27.549192428588867,27.667536154204573,27.36386522413786,27.549192428588867,134472400
2015-07-29,27.462116241455078,27.575993289929094,27.301349044444144,27.497843042367567,148046800
2015-07-30,27.323673248291016,27.368330036243712,27.176302781662045,27.31250819952921,134513200
2015-07-31,27.084758758544922,27.38396301770405,26.997676820219656,27.37503131844666,171540000
2015-08-03,26.44615936279297,27.36833568228285,26.240733666608726,27.129418239998433,279904000
2015-08-04,25.5976619720459,26.280920726034005,25.28729268813971,26.218400539858273,496554400
2015-08-05,25.767366409301758,26.222872911647134,25.030517304777366,25.220311254867685,397250400
2015-08-06,25.82343864440918,26.130727645651493,25.596898804222622,26.011849931022013,211612000
2015-08-07,25.910913467407227,26.07465181887954,25.682130178595333,25.700074435710377,154681600
2015-08-10,26.852968215942383,26.913527948658288,26.137456745056706,26.137456745056706,219806400
2015-08-11,25.45558738708496,26.507545878935208,25.41970058587761,26.424554977301863,388331200
2015-08-12,25.848100662231445,25.888474370090382,24.58978876376224,25.240253296485992,404870000
2015-08-13,25.827922821044922,26.10829540548688,25.69110086293657,26.027547964266923,194143200
2015-08-14,26.00959587097168,26.088099828708994,25.572215455536693,25.64174728792432,171718000
2015-08-17,26.278762817382812,26.38866839301048,25.906427198152485,26.027548361832526,163538800
2015-08-18,26.13072395324707,26.341564676953208,26.020818383154,26.115023157519488,138242800
2015-08-19,25.796520233154297,26.135209069986114,25.722501463015533,26.041004295950447,193146000
2015-08-20,25.267173767089844,25.648479738798063,25.03838881505836,25.58792002282396,274006400
2015-08-21,23.72176742553711,25.09895761627259,23.697094497750424,24.769239136994788,513102000
2015-08-24,23.129613876342773,24.40362677759417,20.63541912283421,21.27915509630601,648825200
2015-08-25,23.268680572509766,24.921757912591616,23.21484951655128,24.921757912591616,414406400
2015-08-26,24.603248596191406,24.648107512469675,23.562505994962294,24.020072417026125,387098400
2015-08-27,25.327735900878906,25.39951120986132,24.67727120064296,25.172971406945223,338464400
2015-08-28,25.410722732543945,25.415207939962393,25.01820119999396,25.159508335659048,212657600
2015-08-31,25.291852951049805,25.688859814939384,25.121385924552218,25.1281145934092,224917200
2015-09-01,24.16138458251953,25.09446351743567,24.080637153090667,24.706428875535263,307383600
2015-09-02,25.197641372680664,25.197641372680664,24.4776448587597,24.724374075491905,247555200
2015-09-03,24.755781173706055,25.29633868870744,24.681762392214587,25.231292036299056,212935600
2015-09-04,24.509044647216797,24.773716387417842,24.338579378873042,24.441756265899464,199985200
2015-09-08,25.1909122467041,25.246986756530266,24.744559627640125,25.065305892296124,219374400
2015-09-09,24.706430435180664,25.57446278945002,24.6211960813706,25.51614652882644,340043200
2015-09-10,25.249235153198242,25.408486586892877,24.650359681855335,24.733348877420127,251571200
2015-09-11,25.617080688476562,25.617080688476562,25.067551137537496,25.07427980539464,199662000
2015-09-14,25.863801956176758,26.218193208574714,25.762868540196884,26.148661375844487,233453600
2015-09-15,26.081375122070312,26.137449630575368,25.66418064189204,26.002871152414873,173364800
2015-09-16,26.110538482666016,26.139696614967626,25.892969086526172,26.074649970979333,148694000
2015-09-17,25.552034378051758,26.128480319144057,25.507175450917547,25.942314231404556,256450400
2015-09-18,25.446605682373047,25.63726033839424,25.092216167065928,25.168476660468148,297141200
2015-09-21,25.84137535095215,25.877263856489446,25.493714437664757,25.49595618581724,200888000
2015-09-22,25.43539810180664,25.61035029936734,25.238014731218577,25.430911182697873,201384800
2015-09-23,25.641752243041992,25.73147180261867,25.412968991816815,25.486986045553678,143026800
2015-09-24,25.794273376464844,25.906422391145128,25.2043701752995,25.401751825083856,200878000
2015-09-25,25.729230880737305,26.173341803252995,25.57446466798422,26.11726728689416,224607600
2015-09-28,25.22007942199707,25.697833768612547,25.22007942199707,25.536338859542884,208436000
2015-09-29,24.46194839477539,25.46007589130481,24.192791379564408,25.307553126349635,293461600
2015-09-30,24.740074157714844,25.01820324435386,24.387926308187456,24.710914317708884,265892000
2015-10-01,24.57857894897461,24.587551075675574,24.069421454058606,24.46418647261006,255716400
2015-10-02,24.758018493652344,24.89932736235935,24.123256303717053,24.22643320282759,232079200
2015-10-05,24.84773826599121,24.980075008332264,24.46418879718582,24.645869674183544,208258800
2015-10-06,24.96661376953125,25.063061993191063,24.621194589709095,24.814091037028717,192787200
2015-10-07,24.84773826599121,25.069792861350468,24.540451025761318,25.063064193499937,187062400
2015-10-08,24.560632705688477,24.715398884039228,24.271288060243098,24.715398884039228,247918400
2015-10-09,25.148300170898438,25.18418697216761,24.55839515284925,24.672787647458016,211064400
2015-10-12,25.031665802001953,25.289608940543022,24.995778998459635,25.285123731822196,121868800
2015-10-13,25.07427978515625,25.222315611668947,24.82530880709283,24.856710397906387,132197200
2015-10-14,24.719886779785156,25.013716664543725,24.57409271155276,24.962129073655152,177849600
2015-10-15,25.089981079101562,25.143812134243223,24.782692121453554,24.881383815261927,150694000
2015-10-16,24.90606117248535,25.121387142642675,24.7916686625941,25.072041286953947,156930400
2015-10-19,25.060821533203125,25.0653067411875,24.69745808117051,24.85222428113486,119036800
2015-10-20,25.518386840820312,25.60810639760575,24.856708318136878,24.973342544077195,195871200
2015-10-21,25.516145706176758,25.92436807367214,25.50268666001744,25.569976757039264,167180800
2015-10-22,25.90642547607422,25.90642547607422,25.592407855324677,25.643997161174436,166616400
2015-10-23,26.709407806396484,26.743052850607732,26.09258827046971,26.175577440098355,237467600
2015-10-26,25.857078552246094,26.496327643150536,25.77633111852571,26.485113767569437,265335200
2015-10-27,25.693334579467773,26.13968708548346,25.567726545614473,25.883987522338167,279537600
2015-10-28,26.752031326293945,26.75876170617066,26.032034692755182,26.227174638974653,342205600
2015-10-29,27.034648895263672,27.070537411574072,26.527734725560457,26.624182974071353,204909200
2015-10-30,26.80361557006836,27.189408469648065,26.792399983652906,27.1378191678985,197461200
2015-11-02,27.180437088012695,27.22081080445379,26.828289226765772,27.095204447196274,128813200
2015-11-03,27.492206573486328,27.69856032865356,27.072768685503767,27.092956395932074,182076000
2015-11-04,27.364360809326172,27.77258317262153,27.279128170399268,27.617816977818606,179544400
2015-11-05,27.238216400146484,27.636924307296095,27.07152584230477,27.447706558500503,158210800
2015-11-06,27.269760131835938,27.438703800358464,27.170647681606418,27.28102373050432,132169200
2015-11-09,27.15937042236328,27.438689999292013,27.04223696061349,27.247220948321374,135485600
2015-11-10,26.30339241027832,26.596228681477918,26.143459336143636,26.33267706854822,236511600
2015-11-11,26.15472412109375,26.44981174975811,25.951991440926772,26.213291721716057,180872000
2015-11-12,26.066877365112305,26.31466102415357,26.051109360952868,26.188516990878064,130102400
2015-11-13,25.30550193786621,26.03308658156117,25.289733934743825,25.949740440152322,183249600
2015-11-16,25.7199764251709,25.73349136463906,25.003655417441404,25.089252898378675,152426800
2015-11-17,25.60960578918457,25.915957084428005,25.526259634928262,25.88667241798415,110467600
2015-11-18,26.420530319213867,26.46558126467842,26.017317998547494,26.07588560251814,186698800
2015-11-19,26.75616455078125,26.97466524569888,26.301143813878102,26.499370380292167,173183200
2015-11-20,26.873294830322266,27.01295376704762,26.771927643562183,26.85076764309796,137148400
2015-11-23,26.524145126342773,26.970156985280802,26.43178846701266,26.86653673188203,129930000
2015-11-24,26.778690338134766,26.884561951850607,26.382237200649325,26.42954120960213,171212800
2015-11-25,26.587223052978516,26.857533903611337,26.562444515372583,26.853027777546504,85553200
2015-11-27,26.537660598754883,26.67281685596777,26.49035659616365,26.64578526080855,52185600
2015-11-30,26.648040771484375,26.89807746428209,26.524148097185197,26.578209573886948,156721200
2015-12-01,26.43179702758789,26.76292686488604,26.323674051276488,26.749411922493046,139409600
2015-12-02,26.193017959594727,26.605240795250975,26.14796701607765,26.43179105368523,133546400
2015-12-03,25.949737548828125,26.307898892106483,25.728985529710997,26.253837418650917,166278000
2015-12-04,26.812477111816406,26.862034179405825,25.92946558311689,25.970012118546116,231108000
2015-12-07,26.643539428710938,26.99944779460204,26.53766780050174,26.801221198722985,128336800
2015-12-08,26.63227653503418,26.71562096536293,26.32367219633195,26.472341707929797,137238000
2015-12-09,26.04434585571289,26.51063012048139,25.922706258132,26.499366526441563,185445600
2015-12-10,26.16823959350586,26.341689336187937,26.019570104075996,26.13895665188963,116850800
2015-12-11,25.49471664428711,25.992536933126495,25.420381044780573,25.947485992046726,187544800
2015-12-14,25.337038040161133,25.38208898374484,24.73109305303525,25.269459906202233,257274800
2015-12-15,24.88877296447754,25.40912046906789,24.857236960391255,25.215398319061666,213292400
2015-12-16,25.080242156982422,25.226660301473622,24.508087955539885,25.019423211298896,224954000
2015-12-17,24.54863739013672,25.28523088788774,24.54863739013672,25.233420749936244,179091200
2015-12-18,23.884122848510742,24.670273359488462,23.834565777468676,24.53286746057647,385813200
2015-12-21,24.176958084106445,24.185968616497497,23.780503251816764,24.1656944889718,190362400
2015-12-22,24.154434204101562,24.264810225644474,23.978731388772907,24.192727680349428,131157600
2015-12-23,24.465288162231445,24.519349637808695,24.147673341225545,24.163441343209882,130629600
2015-12-24,24.334636688232422,24.55313735989471,24.316615624499132,24.55313735989471,54281600
2015-12-28,24.062074661254883,24.25804986349754,23.917909587852204,24.23552267442949,106816800
2015-12-29,24.49457359313965,24.65000228462855,24.071088840671305,24.09361431456941,123724800
2015-12-30,24.174697875976562,24.48555341796242,24.143161881220728,24.45852354736189,100855200
2015-12-31,23.71067237854004,24.109378531524413,23.611558246655083,24.104874124885654,163649200
2016-01-04,23.730945587158203,23.735451712532264,22.97633113383233,23.113738741825244,270597600
2016-01-05,23.136272430419922,23.843583130038468,23.06869599305702,23.8210576509175,223164000
2016-01-06,22.683494567871094,23.059676977036663,22.496531613200904,22.65195856498295,273829600
2016-01-07,21.726144790649414,22.55509473351761,21.721640384466582,22.228471149896194,324377600
2016-01-08,21.841028213500977,22.32533353970958,21.795977274655915,22.199189536076883,283192000
2016-01-11,22.194686889648438,22.31407344302432,21.926629121332716,22.293801032941662,198957600
2016-01-12,22.516807556152344,22.681246784383312,22.264517774858547,22.64971077654453,196616800
2016-01-13,21.937891006469727,22.79387266060429,21.917618597967834,22.597897452169544,249758400
2016-01-14,22.417686462402344,22.63393576142978,21.566211077345198,22.066284359003014,252680400
2016-01-15,21.879323959350586,22.009974101608417,21.480617781489038,21.66983380662107,319335600
2016-01-19,21.77344512939453,22.221708192221037,21.512144952176186,22.167646738465823,212350800
2016-01-20,21.802736282348633,22.118098032270122,21.043615707294155,21.42204946348329,289337600
2016-01-21,21.692358016967773,22.048264546573222,21.386006831005872,21.86355295373588,208646000
2016-01-22,22.845684051513672,22.85469458488389,22.158647638223634,22.217213527254792,263202000
2016-01-25,22.399669647216797,22.870458327659843,22.34785951963661,22.868205265091177,207178000
2016-01-26,22.523569107055664,22.724048786886193,22.09107373384264,22.510054163700207,300308000
2016-01-27,21.043615341186523,21.76669377517496,21.02559427725693,21.633792295506485,533478800
2016-01-28,21.19454002380371,21.29140110397176,20.811601828860308,21.12696360512257,222715200
2016-01-29,21.92662811279297,21.92662811279297,21.25310670655269,21.35222084528705,257666000
2016-02-01,21.72164535522461,21.784717367715892,21.48962971559591,21.730655888235283,163774000
2016-02-02,21.282384872436523,21.63378693914292,21.23733222376723,21.494126306142334,149428800
2016-02-03,21.703624725341797,21.81400074941957,21.192289426440556,21.39952653410023,183857200
2016-02-04,21.878013610839844,22.04334511840949,21.558677038559985,21.710418542607215,185886800
2016-02-05,21.29368782043457,21.950481368356943,21.218950596826904,21.85988885693516,185672400
2016-02-08,21.517911911010742,21.674182274657653,21.07174506774626,21.092127482518418,216085600
2016-02-09,21.513383865356445,21.72854139364543,21.273315069828385,21.354848194330224,177324800
2016-02-10,21.35031509399414,21.821394929259718,21.311813825280545,21.724008249160672,169374400
2016-02-11,21.221214294433594,21.452225286451963,20.96982089436514,21.24159843039213,200298800
2016-02-12,21.286895751953125,21.40240125843209,21.06494589171672,21.33219287601772,161405600
2016-02-16,21.887073516845703,21.93463421044413,21.427318417485296,21.52017451606062,196231600
2016-02-17,22.222270965576172,22.242653384558366,21.776104030154784,21.89387314939601,179452800
2016-02-18,21.80101203918457,22.396655094579923,21.762509043401412,22.38533037913035,156084000
2016-02-19,21.751182556152344,21.914248756098978,21.696827732139703,21.74212313083212,141496800
2016-02-22,21.941421508789062,21.945952084619837,21.72400052243862,21.812327744146348,137123200
2016-02-23,21.445436477661133,21.855365579643816,21.413729349767934,21.832717877992803,127770400
2016-02-24,21.7647705078125,21.828184756206117,21.13515514460634,21.284633068313013,145022800
2016-02-25,21.914249420166016,21.914249420166016,21.572263447576336,21.753448503653868,110330800
2016-02-26,21.948223114013672,22.199614845314983,21.873484144430357,22.013900929565107,115964400
2016-02-29,21.89839744567871,22.24717758078485,21.889338019426862,21.9368987113174,140865200
2016-03-01,22.768077850341797,22.822432670918456,22.063723559374896,22.115814819696116,201628400
2016-03-02,22.817913055419922,22.849620190911832,22.566519532656002,22.763558212849404,132678400
2016-03-03,22.987768173217773,23.035328865537434,22.74996298371058,22.779406551271965,147822800
2016-03-04,23.329757690429688,23.49735278309212,22.958329794308,23.184810303060697,184220400
2016-03-07,23.071569442749023,23.28899051809232,22.86547135580049,23.18933854392739,143315600
2016-03-08,22.881317138671875,23.04664860976079,22.738635092486373,22.82469703223038,126247600
2016-03-09,22.90170669555664,23.005887508716018,22.70919690576823,22.944736811658146,108806800
2016-03-10,22.913036346435547,23.15537046071754,22.682026950578933,22.967392921386047,134054400
2016-03-11,23.159893035888672,23.16442188494813,22.987767397179063,23.15536245892038,109632800
2016-03-14,23.218780517578125,23.307109503844107,23.051185428376535,23.080628999768237,100304400
2016-03-15,23.685325622558594,23.821213545524536,23.519994135545762,23.544907123012198,160270800
2016-03-16,24.00013542175293,24.077137951320523,23.68759127068511,23.692121847664875,153214000
2016-03-17,23.961627960205078,24.113369419517063,23.77138351815779,23.898211994250385,137682800
2016-03-18,23.988811492919922,24.120170583094062,23.823481713829104,24.08393287770441,176820800
2016-03-21,23.986543655395508,24.38061912774425,23.812152753142776,23.991072503807256,142010800
2016-03-22,24.169998168945312,24.299091979127244,23.82801214523532,23.837071572184282,129777600
2016-03-23,24.03636932373047,24.249261497777155,23.98427978832034,24.1156388628559,102814000
2016-03-24,23.93218994140625,24.063549023716174,23.755535457979903,23.88689454028983,104532000
2016-03-28,23.823488235473633,24.049968772430972,23.79404465980718,24.00693691747808,77645600
2016-03-29,24.387413024902344,24.412326010693874,23.753267123150128,23.75553241128806,124760400
2016-03-30,24.813196182250977,25.00796949675472,24.595775169576513,24.607099882616183,182404400
2016-03-31,24.68410873413086,24.89020681454409,24.65919574137961,24.849440256215598,103553600
2016-04-01,24.91058349609375,24.912848784343115,24.5051832948904,24.636542366815014,103496000
2016-04-04,25.1665096282959,25.40884365418212,24.973999852742512,25.007972267717157,149424800
2016-04-05,24.86981773376465,25.078181061580132,24.781490496240938,24.80187463531264,106314800
2016-04-06,25.13027000427246,25.13480058080752,24.731663936712053,24.96494024682486,105616400
2016-04-07,24.58219337463379,25.007976087343256,24.487071980503337,24.90152997718862,127207600
2016-04-08,24.609365463256836,24.860757162220555,24.498388803456823,24.665985573310813,94326800
2016-04-11,24.690902709960938,25.051007594143087,24.647872591054057,24.679579721999776,117630000
2016-04-12,25.01250648498535,25.026094761789363,24.60937147931519,24.763376557518125,108929200
2016-04-13,25.374868392944336,25.44281148736374,25.094033134611852,25.094033134611852,133029200
2016-04-14,25.38846206665039,25.4541416147626,25.21407285317995,25.27975240129216,101895600
2016-04-15,24.87887954711914,25.433757741234675,24.8517029962933,25.390725898548595,187756000
2016-04-18,24.342121124267578,24.675045956179787,24.219821465889925,24.661457681218543,243286000
2016-04-19,24.213027954101562,24.459890837790415,24.059021164895416,24.43271255925679,129539600
2016-04-20,24.26285171508789,24.48027275522926,24.02051768543887,24.15187677049579,122444000
2016-04-21,24.00013542175293,24.217556463242936,23.89821817461431,24.217556463242936,126210000
2016-04-22,23.9344539642334,24.115639014935994,23.694385240774857,23.78271247781748,134732400
2016-04-25,23.798568725585938,23.927662527208124,23.66947492396375,23.78044987288941,112126400
2016-04-26,23.633241653442383,23.848399181793788,23.53359140072951,23.53359140072951,224064800
2016-04-27,22.154321670532227,22.355889170290585,21.669653555617863,21.74212724398144,458408400
2016-04-28,21.47713851928711,22.16790275955349,21.345779461747554,22.106753806786298,328970800
2016-04-29,21.230283737182617,21.452235409950184,20.95171366158771,21.28690386791922,274126000
2016-05-02,21.207624435424805,21.30727636396855,20.92678922432953,21.282363381832614,192640400
2016-05-03,21.55640983581543,21.683238338036464,21.21668915237302,21.334458229019873,227325200
2016-05-04,21.332195281982422,21.71947666489431,21.24839688894312,21.5609393046504,164102000
2016-05-05,21.24560546875,21.43472914791066,21.118004788077215,21.418779062826562,143562000
2016-05-06,21.127119064331055,21.293455415162843,20.92888080536488,21.275227988494596,174799600
2016-05-09,21.14307403564453,21.3663752751912,21.0975011123692,21.190924301261674,131745600
2016-05-10,21.286624908447266,21.320804166418394,20.988129648253217,21.26611839672215,134747200
2016-05-11,21.079269409179688,21.320799769083546,21.067875746062786,21.30029326158782,114876400
2016-05-12,20.584815979003906,21.14079343395983,20.38657942691291,21.127122427175387,305258800
2016-05-13,20.625823974609375,20.88786252877372,20.507337898327613,20.507337898327613,177571200
2016-05-16,21.391433715820312,21.507642463277467,20.883308372958975,21.05192379387707,245039200
2016-05-17,21.302568435668945,21.57827801843774,21.19319692996382,21.54410050942285,187667600
2016-05-18,21.546384811401367,21.694493772549624,21.393719427055466,21.455242440014104,168249600
2016-05-19,21.464353561401367,21.56461224798511,21.32080277341668,21.56461224798511,121768400
2016-05-20,21.696775436401367,21.744625708605128,21.53727279062599,21.56461654835507,128104000
2016-05-23,21.972484588623047,22.14565823969425,21.799310937551844,21.844883865954507,152074400
2016-05-24,22.30743408203125,22.350726182938512,22.06590195241827,22.152489631091072,140560800
2016-05-25,22.69935417175293,22.726696187300238,22.355285989205374,22.48288669757087,152675200
2016-05-26,22.879362106323242,22.95227704133742,22.476050013878265,22.713023987281645,225324800
2016-05-27,22.86568832397461,22.893032075275944,22.615043354880893,22.658337193167394,145364800
2016-05-31,22.754039764404297,22.877084048698546,22.51706578040381,22.694795833796864,169228800
2016-06-01,22.43503189086914,22.681120411559874,22.40541080054539,22.56263257340704,116693200
2016-06-02,22.266416549682617,22.29375855981205,22.018048947623726,22.23907280112426,160766400
2016-06-03,22.311988830566406,22.39173926144194,22.204894649778254,22.282367738649494,114019600
2016-06-06,22.473764419555664,23.216586299887336,22.22767767172545,22.327934591793806,93170000
2016-06-07,22.564910888671875,22.756313644418277,22.54896080389541,22.615040223234715,89638000
2016-06-08,22.544404983520508,22.68567667004546,22.485161064871615,22.56263241058802,83392400
2016-06-09,22.706186294555664,22.783657644976127,22.435033091226014,22.44414767452766,106405600
2016-06-10,22.519336700439453,22.637822780287234,22.439586287231464,22.45097821001625,126851600
2016-06-13,22.179828643798828,22.585419753465544,22.12514288569783,22.487440161885598,152082000
2016-06-14,22.20718002319336,22.439597617239645,22.045400035164416,22.1752798418034,127727600
2016-06-15,22.134262084960938,22.423644497893772,22.109197411764256,22.289206547254377,117780800
2016-06-16,22.227684020996094,22.27325520327819,21.890451361449387,21.977037303157044,125307200
2016-06-17,21.72183609008789,22.022610415685328,21.715000586528955,22.015774912126393,244032800
2016-06-20,21.669429779052734,22.00438339354534,21.653479689716388,21.87450359796957,137647600
2016-06-21,21.85399627685547,21.95425323250543,21.573728444965415,21.632972376778547,142185600
2016-06-22,21.77196502685547,22.077295769638027,21.726392106599683,21.931465901677825,116876400
2016-06-23,21.89728546142578,21.940579298719243,21.70360534149718,21.86082886562265,128960800
2016-06-24,21.282068252563477,21.569171582580047,21.11117370300611,21.170417633612853,301245600
2016-06-27,20.972179412841797,21.202317893911776,20.84913512806466,21.190924228524736,181958400
2016-06-28,21.32535743713379,21.341309261800948,20.994962048588413,21.16813565519468,161779600
2016-06-29,21.509923934936523,21.544103186627478,21.334471254189793,21.411944340584558,146124000
2016-06-30,21.783353805541992,21.822089478340487,21.487137689611927,21.51903785996703,143345600
2016-07-01,21.84943389892578,21.9815927449947,21.721833213578662,21.758289807208286,104106000
2016-07-05,21.64436149597168,21.737784673958213,21.52359630564104,21.735505593453183,110820800
2016-07-06,21.767404556274414,21.797027385905224,21.503088600549212,21.555495280247005,123796400
2016-07-07,21.86083221435547,21.988432926856422,21.787917273150736,21.806144704629926,100558400
2016-07-08,22.029443740844727,22.077293999454746,21.885892965014673,21.98614990468037,115648400
2016-07-11,22.097801208496094,22.250466560475083,22.040836369241642,22.045392791473265,95179600
2016-07-12,22.198060989379883,22.261861339375837,22.12970421656814,22.141096142822185,96670000
2016-07-13,22.072738647460938,22.255025107420934,22.06590140581734,22.19578292060921,103568800
2016-07-14,22.51022720336914,22.555798381658345,22.175273653813534,22.19122374005766,155676000
2016-07-15,22.507949829101562,22.626437683121686,22.444149479288797,22.539850004007945,120548000
2016-07-18,22.747201919555664,22.81555868928696,22.466934122213043,22.489719712123474,145975600
2016-07-19,22.756319046020508,22.785940142371054,22.635552102985354,22.685681449447255,95119600
2016-07-20,22.776824951171875,22.890754648849864,22.726695606044885,22.78593953559762,105104000
2016-07-21,22.65605354309082,23.013792626258883,22.587695047839347,22.747197623949873,130808000
2016-07-22,22.480602264404297,22.626432096089918,22.40085010840199,22.617317514305974,113254800
2016-07-25,22.179828643798828,22.521617674180654,22.084128132514852,22.387181490009677,161531600
2016-07-26,22.02716064453125,22.323378463935835,21.97019581298642,22.061339891143888,224959200
2016-07-27,23.45811653137207,23.77711993022284,23.412545362291386,23.758890767219103,369379200
2016-07-28,23.77484703063965,23.79991170167832,23.428501535677558,23.43078061625265,159479200
2016-07-29,23.74522590637207,23.822698999963638,23.62446071248406,23.740669483656855,110934800
2016-08-01,24.164487838745117,24.1872734289597,23.7907985962529,23.7907985962529,152671600
2016-08-02,23.80674934387207,24.169044932095982,23.697376074006293,24.164488509298266,135266400
2016-08-03,24.10524559020996,24.116637516895125,23.872828033938575,23.88194261834424,120810400
2016-08-04,24.254154205322266,24.28393576146537,24.11898799361885,24.187716812837056,109634800
2016-08-05,24.62299346923828,24.661938981640454,24.325170938035715,24.345788533596977,162213600
2016-08-08,24.82689094543457,24.82689094543457,24.54968771065634,24.63215985472597,112148800
2016-08-09,24.927696228027344,24.957479541138486,24.744422233725988,24.79482315020914,105260800
2016-08-10,24.742122650146484,24.94830735513366,24.687140644765385,24.9047789874568,96034000
2016-08-11,24.726083755493164,24.95517746146536,24.707755839532282,24.86124820305055,109938000
2016-08-12,24.78336524963379,24.84293012197347,24.691727387845084,24.691727387845084,74641600
2016-08-15,25.081186294555664,25.094931361217768,24.760454672281675,24.77419973894378,103472800
2016-08-16,25.058277130126953,25.25300824220447,25.019331606850184,25.11555057536226,135177600
2016-08-17,25.02161979675293,25.055984209017407,24.820016176986197,24.994127917372026,101424000
2016-08-18,24.989540100097656,25.10866804972815,24.9757932901758,25.023904503133075,87938800
2016-08-19,25.05368995666504,25.129291305551583,24.824596231200175,24.91852374976063,101472400
2016-08-22,24.858963012695312,24.99412748465648,24.70776030048799,24.939145474693174,103280800
2016-08-23,24.93684959411621,25.044523915788446,24.86353967797605,24.87728474105037,85030800
2016-08-24,24.74899673461914,24.913944508954565,24.668814274274574,24.87270756537071,94700400
2016-08-25,24.643613815307617,24.71463231618468,24.439720524273138,24.60237687173623,100344800
2016-08-26,24.499282836914062,24.73066623435003,24.35495267551242,24.606957164357713,111065200
2016-08-29,24.471799850463867,24.613838636875027,24.35038041510534,24.425981789220007,99881200
2016-08-30,24.283937454223633,24.398484329007708,24.16939057943956,24.238119403448643,99455600
2016-08-31,24.306846618652344,24.414520961220756,24.201463702989773,24.206046556801446,118649600
2016-09-01,24.4511775970459,24.46721409021607,24.196883385456967,24.316011370743013,106806000
2016-09-02,24.680269241333008,24.742123781734875,24.47179310013169,24.67339496098034,107210000
2016-09-06,24.67339324951172,24.810850881486054,24.629866630709817,24.719213042785295,107521600
2016-09-07,24.824602127075195,24.916239988594533,24.529070941294915,24.703182703396976,169457200
2016-09-08,24.173965454101562,24.574879412502995,24.109819500412716,24.570298307745,212008000
2016-09-09,23.626436233520508,24.219789915352393,23.626436233520508,23.972368262360416,186228000
2016-09-12,24.155641555786133,24.21978751549921,23.488978014811718,23.516469889480028,181171200
2016-09-13,24.730670928955078,24.923110598072498,24.568014567543866,24.629870862128524,248704800
2016-09-14,25.60581398010254,25.894472665651946,24.879587033075833,24.90937034653904,443554800
2016-09-15,26.476367950439453,26.51302379402007,25.999852470972353,26.084617798367415,359934400
2016-09-16,26.32744789123535,26.60465106172326,26.125846062111304,26.373267680476893,319547600
2016-09-19,26.020469665527344,26.616113091620228,25.944868305287013,26.389310758745914,188092000
2016-09-20,26.018173217773438,26.14417546052585,25.775334438482975,25.8990452546818,138057200
2016-09-21,26.013593673706055,26.114393726111114,25.759299494232636,26.082320743821352,144012800
2016-09-22,26.25872802734375,26.332037962380134,26.116689263527814,26.196871731872807,124296000
2016-09-23,25.821157455444336,26.29767289527699,25.555409602975875,26.21290757493233,209924800
2016-09-26,25.860103607177734,25.97694191692001,25.55541022758221,25.576027827500234,119477600
2016-09-27,25.908214569091797,25.92883391803515,25.736394235233423,25.887596967995265,98429600
2016-09-28,26.105228424072266,26.263303648543392,25.986100459960383,26.0456653159395,118564400
2016-09-29,25.699737548828125,26.07087006177409,25.61268255100721,25.92425019815642,143548000
2016-09-30,25.8990478515625,25.972357778011098,25.61268067827166,25.763881636889035,145516400
2016-10-03,25.777629852294922,25.899051016800733,25.722647837700507,25.821158227265812,86807200
2016-10-04,25.887592315673828,26.187704552234916,25.802827003645554,25.90133738060136,118947200
2016-10-05,25.8990478515625,26.038795171956153,25.81657396582702,25.979230310514634,85812400
2016-10-06,26.09148406982422,26.19457554641964,25.91737235029872,26.04795570298124,115117200
2016-10-07,26.130435943603516,26.244982833411136,26.004435413523233,26.187709388507326,97433600
2016-10-10,26.586332321166992,26.746697258697147,26.281637192012965,26.35036427330586,144944000
2016-10-11,26.643606185913086,27.191140157120522,26.62069541060492,26.964336066066327,256164000
2016-10-12,26.881858825683594,27.028480428464434,26.74669435697869,26.88415025249878,150347200
2016-10-13,26.799386978149414,26.904769890789296,26.510728370924866,26.75585860742008,140769600
2016-10-14,26.94829559326172,27.072006420704078,26.833748725020254,27.00556902738245,142608800
2016-10-17,26.92996597290039,26.99640160986492,26.753562839612247,26.879565077675206,94499600
2016-10-18,26.91163444519043,27.08116327632215,26.907051592868847,27.074290745685815,98214000
2016-10-19,26.83146095275879,26.978080814699002,26.070869763501435,26.861242511393115,80138400
2016-10-20,26.817716598510742,26.891026536204105,26.65047912245094,26.771898542894935,96503200
2016-10-21,26.712322235107422,26.783342463104557,26.639012328802597,26.760431697259396,92770800
2016-10-24,26.9528865814209,26.97350418496063,26.803975258194857,26.82688428918801,94154800
2016-10-25,27.09033203125,27.115532479943987,26.874983377990965,27.021603217021607,192516000
2016-10-26,26.480941772460938,26.50614222102865,25.95860838005083,26.187702095869042,264536800
2016-10-27,26.226654052734375,26.542802807956477,26.139597306511195,26.43512846258359,138248000
2016-10-28,26.052532196044922,26.393881271855754,25.990675926911525,26.086896595802813,151446800
2016-10-31,26.011301040649414,26.16937626592226,25.933408267382227,26.036501489543532,105677600
2016-11-01,25.54166030883789,26.063993750771612,25.32173053054193,25.99297525144537,175303200
2016-11-02,25.564571380615234,25.738683124487448,25.482099236514344,25.521044755532166,113326800
2016-11-03,25.290555953979492,25.665895442781576,25.22608063141921,25.555366820341316,107730400
2016-11-04,25.062580108642578,25.387261576155574,24.89448403168557,24.99119698748168,123348000
2016-11-07,25.424108505249023,25.447135151133345,25.2053509772968,25.348118992692342,130240000
2016-11-08,25.57377815246582,25.725757151256047,25.26061090358308,25.4010757030152,97016800
2016-11-09,25.53234100341797,25.633660381616046,24.88067813559394,25.302070967019397,236705600
2016-11-10,24.8207950592041,25.58068474636516,24.36946622370248,25.58068474636516,228538000
2016-11-11,24.968168258666992,25.06948758874479,24.535261428296625,24.666515216433712,136575600
2016-11-14,24.341833114624023,24.82539959689381,23.96649377621111,24.802372956180022,204702000
2016-11-15,24.66421127319336,24.79546505732826,24.445455551908545,24.539865305567652,129058000
2016-11-16,25.327392578125,25.382658633805825,24.54677754904232,24.56980419383247,235362000
2016-11-17,25.31818199157715,25.410290329096046,25.060280754708725,25.285944336968594,110528000
2016-11-18,25.343515396118164,25.454045768065143,25.25140880245312,25.265224440138745,113715600
2016-11-21,25.728063583374023,25.787932508481216,25.331998968318366,25.35732880464079,117058400
2016-11-22,25.744186401367188,25.886952675330733,25.652078051081272,25.778725495506333,103862000
2016-11-23,25.612930297851562,25.67740561027784,25.405686967323877,25.642864762386477,109705600
2016-11-25,25.741878509521484,25.7603005275793,25.548450833555098,25.589899495775015,45903600
2016-11-28,25.691219329833984,25.89846264489884,25.649770666821013,25.65898167602616,108776000
2016-11-29,25.6658878326416,25.797141630884603,25.345812749964455,25.509304199928877,114115200
2016-11-30,25.449438095092773,25.83629174207929,25.391870598557997,25.698130101759943,144649200
2016-12-01,25.21225929260254,25.546151813381687,25.10633531398931,25.414897996750025,148347600
2016-12-02,25.30666732788086,25.350417422829416,25.064883182701955,25.13856949489034,106112000
2016-12-05,25.124757766723633,25.33660572760053,24.926725442523757,25.32969790926202,137298000
2016-12-06,25.31818199157715,25.412593520659634,25.143178082793696,25.214561209881143,104782000
2016-12-07,25.566875457763672,25.603719497634987,25.136271721895906,25.159298368405217,119994800
2016-12-08,25.817873001098633,25.889256138829317,25.467861617704155,25.527732309541232,108273200
2016-12-09,26.239259719848633,26.41196217984804,25.861617147862216,25.861617147862216,137610400
2016-12-12,26.08958625793457,26.481044473510515,25.903066402222468,26.08728306650545,105497600
2016-12-13,26.52479362487793,26.692889688855924,26.19320436567073,26.213927815961114,174935200
2016-12-14,26.52479362487793,26.75736498774174,26.47643715071357,26.49025278424049,136127200
2016-12-15,26.669864654541016,26.879411145367662,26.534006231818875,26.56854531771756,186098000
2016-12-16,26.70440673828125,26.826449532315554,26.630720423572594,26.819541714814793,177404400
2016-12-19,26.858688354492188,27.02908763527047,26.653748227886037,26.66526242876879,111117600
2016-12-20,26.930072784423828,27.056721972983006,26.86790066438054,26.881716300652275,85700000
2016-12-21,26.955398559570312,27.033691252558103,26.89092325759226,26.895529640202245,95132800
2016-12-22,26.778099060058594,26.828758742188974,26.62842320562449,26.79191469815935,104343600
2016-12-23,26.831052780151367,26.831052780151367,26.616901664526413,26.616901664526413,56998000
2016-12-27,27.0014591217041,27.125805125291535,26.824150248195497,26.831058066702482,73187600
2016-12-28,26.88632583618164,27.176464772827636,26.75737344085162,27.06132977220982,83623600
2016-12-29,26.879411697387695,26.966913644828455,26.803422193209514,26.814934636472096,60158000
2016-12-30,26.669864654541016,26.987636542550618,26.58005951756395,26.860989128341537,122345200
2017-01-03,26.745861053466797,26.787309724052825,26.425785891593833,26.66526690422193,115127600
2017-01-04,26.71591567993164,26.828749207054972,26.653743573753964,26.676770214678285,84472400
2017-01-05,26.851778030395508,26.909345515795238,26.66756137438828,26.69289120850978,88774400
2017-01-06,27.151126861572266,27.20869434104453,26.819537617629607,26.8909207299928,127007600
2017-01-09,27.399818420410156,27.50113775157672,27.158036048517403,27.160337482901994,134247600
2017-01-10,27.427457809448242,27.489629931843083,27.240939685443166,27.349165101699334,97848400
2017-01-11,27.574831008911133,27.616279676942654,27.310020171866448,27.342257829577566,110354400
2017-01-12,27.45969009399414,27.471204293616978,27.22020914776478,27.379095967094887,108344800
2017-01-13,27.411340713500977,27.54489773368931,27.35837784107434,27.427459543053317,104447600
2017-01-17,27.632396697998047,27.687660999484315,27.222516428069017,27.250147700401918,137759200
2017-01-18,27.630090713500977,27.747528879506493,27.565615408814118,27.632393904902735,94852000
2017-01-19,27.581727981567383,27.653111087455017,27.487318237343732,27.49422605316255,102389200
2017-01-20,27.632396697998047,27.736017482887355,27.570224578428558,27.736017482887355,130391600
2017-01-23,27.650821685791016,27.818917799929746,27.579436792019994,27.632399664377807,88200800
2017-01-24,27.625486373901367,27.65542083515336,27.51725921556063,27.52877341586849,92844000
2017-01-25,28.065296173095703,28.115955834702337,27.69686466616563,27.72910231322076,129510400
2017-01-26,28.079118728637695,28.194253705538035,28.00082603079889,28.016944857292128,105350400
2017-01-27,28.0814151763916,28.17352349291877,28.000821058237836,28.12516702202651,82251600
2017-01-30,28.007732391357422,28.007732391357422,27.784372023519055,27.8465441348101,121510000
2017-01-31,27.943260192871094,27.952471202385627,27.77516410048706,27.89720690211886,196804000
2017-02-01,29.647253036499023,30.047923973514425,29.246583856303737,29.251188481832827,447940000
2017-02-02,29.596599578857422,29.794631897723733,29.423897097763813,29.469952146814403,134841600
2017-02-03,29.723243713378906,29.74857354684435,29.51139579423172,29.545934879120793,98029200
2017-02-06,30.001867294311523,30.050225525066214,29.681792235777884,29.734756848899746,107383600
2017-02-07,30.28740882873535,30.416359449564307,30.038716839861973,30.059440293857865,152735200
2017-02-08,30.40484619140625,30.446296614324577,30.216026637519,30.245962858868847,92016400
2017-02-09,30.62455940246582,30.63149717177017,30.323909793400347,30.446481756277915,113399600
2017-02-10,30.55516815185547,30.74480986093238,30.53898120508331,30.633802059621765,80262000
2017-02-13,30.82575035095215,30.948325797298406,30.70086702086009,30.777185983811883,92141600
2017-02-14,31.225860595703125,31.242047548811957,30.81651453647672,30.86739386717721,132904800
2017-02-15,31.33917808532715,31.51494431923625,31.133349360519563,31.341493027694728,142492400
2017-02-16,31.302175521850586,31.429370303188215,31.184226393800735,31.376179565781097,90338400
2017-02-17,31.387733459472656,31.41317311322332,31.244348244991187,31.244348244991187,88792800
2017-02-21,31.6143798828125,31.625944005042655,31.447866403547273,31.505683485823404,98028800
2017-02-22,31.709192276000977,31.71150368827983,31.477924008662008,31.551928019196147,83347600
2017-02-23,31.57506561279297,31.79476982608597,31.52187488362987,31.771645109824725,83152800
2017-02-24,31.605131149291992,31.605131149291992,31.28597972137464,31.43167990001077,87106400
2017-02-27,31.667577743530273,31.785526876421347,31.517254707301998,31.71614565628697,81029600
2017-02-28,31.681442260742188,31.785512278711174,31.614372484826873,31.70225555856122,93931600
2017-03-01,32.32899475097656,32.41225148179693,31.822520128099818,31.8895863837367,145658400
2017-03-02,32.137046813964844,32.442319156734115,32.09079032756467,32.377564310423224,104844000
2017-03-03,32.326683044433594,32.33824716533462,32.05147319981067,32.095414741910034,84432400
2017-03-06,32.22492218017578,32.32436937834266,32.05378590671845,32.23185994645789,87000000
2017-03-07,32.26654815673828,32.37292957863088,32.0977197885904,32.16016320597213,69785200
2017-03-08,32.14630126953125,32.331316658871906,32.104674659588994,32.13473714603339,74828800
2017-03-09,32.07228088378906,32.097720533766775,31.695316016322124,32.086159943764414,88623600
2017-03-10,32.178672790527344,32.229552101477296,32.06303863452733,32.20411244600232,78451200
2017-03-13,32.19253921508789,32.245729923711664,32.10465968102979,32.111597446116654,69686800
2017-03-14,32.14399719238281,32.29663165921415,32.10930481397163,32.21568983400641,61236400
2017-03-15,32.48394012451172,32.55100636467244,32.15322469019747,32.24110775491531,102767200
2017-03-16,32.53712844848633,32.61344738927058,32.43768127272265,32.54406621320551,76928000
2017-03-17,32.375247955322266,32.608827648937776,32.35211971565288,32.608827648937776,175540000
2017-03-20,32.715213775634766,32.72446295450743,32.43075123884514,32.47006642458355,86168000
2017-03-21,32.34055709838867,33.025112795244745,32.31511744511997,32.865537109184174,158119600
2017-03-22,32.70596694946289,32.747597084061425,32.322060673038834,32.342877504775444,103440800
2017-03-23,32.59033203125,32.74296997312818,32.51863941490938,32.66896241505103,81385200
2017-03-24,32.525569915771484,32.77996642873326,32.45850366901273,32.724460772576016,89582400
2017-03-27,32.58108139038086,32.65971177065704,32.058412739296315,32.23649033017133,94300400
2017-03-28,33.256385803222656,33.31188794268025,32.5209506955383,32.58802048588234,133499200
2017-03-29,33.33039855957031,33.415970261765054,33.11532065510559,33.22863990542014,116760000
2017-03-30,33.28645324707031,33.41827790567941,33.187009546470556,33.34658527894468,84829200
2017-03-31,33.224002838134766,33.365076633853526,33.073676334799764,33.23787837068514,78646800
2017-04-03,33.2332763671875,33.33040869508379,33.08295328258346,33.235591310224734,79942800
2017-04-04,33.480716705322266,33.50846777533685,33.11068597037959,33.129187860014184,79565600
2017-04-05,33.30726623535156,33.64029319877768,33.25869833282079,33.35351919607748,110871600
2017-04-06,33.224002838134766,33.42289370539606,33.17543494533447,33.36969945878765,84596000
2017-04-07,33.150001525878906,33.344266075859544,33.13381457781785,33.240196033289536,66688800
2017-04-10,33.11068344116211,33.274885493579646,33.04824000952453,33.21013064924229,75733600
2017-04-11,32.7545280456543,33.15230977466501,32.39143514753885,33.05748893171937,121517600
2017-04-12,32.79383850097656,32.874780271017244,32.611134607612726,32.74758555682854,81400000
2017-04-13,32.620399475097656,32.92798678522125,32.620399475097656,32.8192903850695,71291600
2017-04-17,32.8007926940918,32.81235681813894,32.57877351056247,32.71984735463705,66328400
2017-04-18,32.655094146728516,32.84935873659802,32.63428083971579,32.70366205863358,58790000
2017-04-19,32.53482437133789,32.840100236409285,32.4816336477722,32.81234916826621,69313600
2017-04-20,32.941856384277344,33.05286417738773,32.6458332500669,32.659708783096434,93278400
2017-04-21,32.90254211425781,32.99735943555886,32.805409851471275,32.94185730189468,69283600
2017-04-24,33.21937942504883,33.29107203548828,33.112994451288344,33.187002003273776,68537200
2017-04-25,33.425209045410156,33.51077719210791,33.27257111167275,33.28182382037621,75486000
2017-04-26,33.22863006591797,33.44140002279601,33.15925239397346,33.41133401237041,80164800
2017-04-27,33.25406265258789,33.339634311252254,33.14305487220087,33.28412865662189,56985200
2017-04-28,33.22169494628906,33.37202148152268,33.13381537853107,33.3234535784165,83441600
2017-05-01,33.899314880371094,34.042700126921005,33.52466128577298,33.55703871334473,134411600
2017-05-02,34.1143798828125,34.248515897551556,33.95943057152953,34.12131764832714,181408800
2017-05-03,34.010311126708984,34.109758317545925,33.36507420791331,33.67034648844741,182788000
2017-05-04,33.88774490356445,34.028818712660346,33.721231439422596,33.88543349087821,93487600
2017-05-05,34.449729919433594,34.45435274496605,33.94093680090705,33.94093680090705,109310800
2017-05-08,35.386356353759766,35.5459320230176,34.46590963683079,34.46590963683079,195009600
2017-05-09,35.613014221191406,35.81884291000075,35.488127336953184,35.5852596197635,156521600
2017-05-10,35.444190979003906,35.601455313885985,35.178233751073414,35.52976268003735,103222800
2017-05-11,35.75071716308594,35.778586322509284,35.36987172307813,35.40238278953829,109020400
2017-05-12,36.250003814697266,36.32431331590771,35.917923154502766,35.92488955950871,130108000
2017-05-15,36.1571044921875,36.37771553649131,36.00616102593758,36.229093023581775,104038800
2017-05-16,36.103702545166016,36.240713236094756,35.92953533157968,36.21284761582207,80194000
2017-05-17,34.8914794921875,35.89468379807155,34.76608072567155,35.66942737411441,203070800
2017-05-18,35.423274993896484,35.609053998391495,35.09584344055079,35.128354500579434,134272800
2017-05-19,35.544044494628906,35.75768918542705,35.444190326040655,35.61835754018011,107843200
2017-05-22,35.76000213623047,35.89701278335505,35.50920100363772,35.76232308936414,91865600
2017-05-23,35.715885162353516,35.971328243695154,35.60209465796139,35.971328243695154,79675600
2017-05-24,35.60905838012695,35.80180381095709,35.453469463455924,35.72516982929401,76712000
2017-05-25,35.73214340209961,35.8436129669423,35.5370769787863,35.69963233154739,76942400
2017-05-26,35.67176055908203,35.818062123052115,35.602092978932454,35.76232735024439,87710400
2017-05-30,35.6856803894043,35.86216845728879,35.60672548088537,35.6276246842982,80507600
2017-05-31,35.47437286376953,35.801808039519756,35.38613056151959,35.755364163055475,97804800
2017-06-01,35.571903228759766,35.6067387909086,35.34897122214482,35.569582275325985,65616400
2017-06-02,36.099056243896484,36.099056243896484,35.50456606913834,35.66480046881506,111082800
2017-06-05,35.74607467651367,35.86683159485282,35.63693315705113,35.84128693027032,101326800
2017-06-06,35.86682891845703,36.18265222816433,35.7112399888613,35.7391056050753,106499600
2017-06-07,36.080474853515625,36.2221309800143,35.87379659125762,35.999198955536784,84278400
2017-06-08,35.99222946166992,36.119949225164746,35.855215254172016,36.05260614156639,85003200
2017-06-09,34.59657287597656,36.03867890361753,33.909194952599776,36.03867890361753,259530800
2017-06-12,33.769840240478516,33.925429096286436,33.094071020247384,33.84415323972705,289229200
2017-06-13,34.04154586791992,34.24125765559363,33.70714440544866,34.173914589914546,136661600
2017-06-14,33.709476470947266,34.25287719776067,33.40294054703805,34.25287719776067,126124800
2017-06-15,33.50743103027344,33.55155393551454,33.024410655631954,33.2821781421212,128661600
2017-06-16,33.03834533691406,33.55620129202588,33.02208803682132,33.38900055920638,201444400
2017-06-19,33.983489990234375,34.07638125348718,33.3611344719178,33.3611344719178,130165600
2017-06-20,33.67463684082031,34.10657151739421,33.65838308263558,34.10657151739421,99600400
2017-06-21,33.87435531616211,33.92080273369375,33.581755720291255,33.79307942236266,85063200
2017-06-22,33.818626403808594,34.06710309612845,33.70019044179757,33.85113747224597,76425200
2017-06-23,33.969573974609375,34.173931311321,33.69787353926749,33.70251899058579,141757600
2017-06-26,33.86275863647461,34.43402521655292,33.76057995231317,34.17625755185173,102769600
2017-06-27,33.37739562988281,33.94169910603165,33.3518509697536,33.67464065132807,99047600
2017-06-28,33.86506652832031,33.93008865798964,33.24503179961903,33.55388868726849,88329600
2017-06-29,33.365787506103516,33.70251357547515,33.04067683488191,33.60498037410866,125997600
2017-06-30,33.44474411010742,33.663034209976,33.389009336702564,33.544598259420724,92096400
2017-07-03,33.3239860534668,33.741987980943975,33.23109831111197,33.64445478843934,57111200
2017-07-05,33.460994720458984,33.62355003161704,33.142850501232495,33.36810698363725,86278400
2017-07-06,33.145179748535156,33.32399240727423,33.07087024917093,33.212526386507434,96515200
2017-07-07,33.481903076171875,33.61427185791482,33.18465798501413,33.18465798501413,76806800
2017-07-10,33.686256408691406,33.89293466698357,33.2937991046057,33.46564534206682,84362400
2017-07-11,33.79540252685547,33.86971556488356,33.52834757625345,33.609623475225916,79127200
2017-07-12,33.844181060791016,33.94635620359092,33.63053632748653,33.87436764104115,99538000
2017-07-13,34.31556701660156,34.48276773005297,33.774487422160064,33.78842022437451,100797600
2017-07-14,34.61048889160156,34.67783549636971,34.213389838147556,34.36201230704108,80528400
2017-07-17,34.73126220703125,35.04244009501903,34.50136376510992,34.55941949988858,95174000
2017-07-18,34.85201644897461,34.863628303726074,34.524581279562305,34.647659144358606,71475200
2017-07-19,35.070308685302734,35.16319644205737,34.82182844365087,34.94490631589912,83692000
2017-07-20,34.912391662597656,35.23750586474434,34.877559643250706,35.1817710903488,68974800
2017-07-21,34.89613342285156,34.93561088752508,34.573343759048086,34.83111129945517,105010400
2017-07-24,35.31877517700195,35.400054598254506,34.81020652865198,34.96811992162958,85972800
2017-07-25,35.469722747802734,35.725165780959614,35.25143268115461,35.25143268115461,75415600
2017-07-26,35.636932373046875,35.74607389010833,35.54404107504466,35.61138770902635,63124000
2017-07-27,34.96348571777344,35.760012254548435,34.20644019952135,35.704277472611,129905200
2017-07-28,34.71732711791992,34.8868488601785,34.64533857847206,34.80789391648992,68854800
2017-07-31,34.538509368896484,34.9100674095341,34.39917776123744,34.81020972444371,79383600
2017-08-01,34.84505081176758,34.88452828403903,34.464205354244626,34.62443974039623,141474400
2017-08-02,36.49150848388672,37.09761042983001,36.26393102083106,36.98846537701505,279747200
2017-08-03,36.12692642211914,36.50777192249038,35.99920308955295,36.470615399663664,108389200
2017-08-04,36.31734085083008,36.55188471492229,36.154785522081,36.243031362019245,82239600
2017-08-07,36.87932586669922,36.90487053275964,36.38236889888449,36.47293570701855,87481200
2017-08-08,37.17424011230469,37.580630163856476,36.75391725450724,36.83055123229838,144823600
2017-08-09,37.40182876586914,37.450597145794674,36.948994709879614,36.98382673593992,104526000
2017-08-10,36.21050262451172,37.301571894907305,36.04963902653811,37.278256989530945,163217200
2017-08-11,36.71406936645508,36.96818901629287,36.38535198361389,36.508913149953436,105028400
2017-08-14,37.26660919189453,37.35053788468499,37.01015942021377,37.14304799936353,88490800
2017-08-15,37.674591064453125,37.81446983217427,37.33421263735661,37.45544374859917,117862000
2017-08-16,37.52304458618164,37.88673429761588,37.33653603849995,37.75384931414014,110686400
2017-08-17,36.80267333984375,37.46710918957584,36.79800964605219,37.42281299194622,111762400
2017-08-18,36.71874237060547,37.18501211499411,36.536897454882364,36.80267106688966,109712400
2017-08-21,36.651126861572266,36.809656832697826,36.16154231336909,36.718734394586384,105474000
2017-08-22,37.25027847290039,37.3015684140581,36.83996250099347,36.88891881741825,86418400
2017-08-23,37.29690933227539,37.411146680312214,37.040463152141896,37.084759339285874,77596400
2017-08-24,37.13138198852539,37.47409044200262,36.963524641624105,37.40181566310647,79275600
2017-08-25,37.26892852783203,37.43212217310998,37.131379852337375,37.219968655571314,101920400
2017-08-28,37.64427947998047,37.767840649368395,37.28524986687383,37.334209744062925,103864000
2017-08-29,37.97998809814453,38.028944410128425,37.301565030389256,37.32487993147503,118067600
2017-08-30,38.08256530761719,38.20845651555382,37.91004430077035,38.18747524045675,109078400
2017-08-31,38.234107971191406,38.35533906569599,38.11287687668682,38.15017929920435,107140400
2017-09-01,38.24576950073242,38.45325935674631,38.14785329919999,38.42062062290216,66364400
2017-09-05,37.7864990234375,38.2924012492851,37.4321330356037,38.17583381778042,117874000
2017-09-06,37.746864318847656,37.99865038307383,37.42280702048679,37.93337290983247,86606800
2017-09-07,37.5953254699707,37.8238001893692,37.38550552322698,37.78882782667486,87714000
2017-09-08,36.982177734375,37.56967492105878,36.958862829370304,37.502067388313236,114446000
2017-09-11,37.651283264160156,37.7795081601223,37.275935963628775,37.41814838326752,126323200
2017-09-12,37.502071380615234,38.22479082443765,37.014820407399995,37.9100573601444,286856000
2017-09-13,37.219966888427734,37.29224165973439,36.81431464047578,37.27125682555916,179629600
2017-09-14,36.90058135986328,37.16169123643117,36.85628517208367,37.06610865777309,95042800
2017-09-15,37.27360916137695,37.52772535005012,36.835314408541564,36.94488809675041,196458400
2017-09-18,36.99149703979492,37.41813413626858,36.835297155952865,37.32721170963351,113077600
2017-09-19,37.005489349365234,37.24795155668751,36.93788181613128,37.1873342261794,83242400
2017-09-20,36.385353088378906,36.8959153563297,35.86312981059454,36.811986678781416,211805600
2017-09-21,35.76054382324219,36.322399497770945,35.61133770608045,36.322399497770945,150046800
2017-09-22,35.41082763671875,35.499419956558484,35.10075807463271,35.32922907293447,186581600
2017-09-25,35.09844207763672,35.39685431346478,34.77438487354119,34.967887169131245,177549200
2017-09-26,35.70227813720703,35.88412307305742,35.36423324658035,35.38521453363472,146640000
2017-09-27,35.95637512207031,36.07061244173676,35.79551155917314,35.856128876991974,102016800
2017-09-28,35.73490524291992,35.96804006499396,35.59968661923437,35.877117626679286,88022000
2017-09-29,35.93073654174805,35.93307016660472,35.43649187240753,35.718586563733275,105199200
2017-10-02,35.85847091674805,36.00767707931691,35.60435478254342,35.9633808883838,74795200
2017-10-03,36.0146598815918,36.15687223993574,35.88177490658272,35.905086250211006,64921200
2017-10-04,35.78153991699219,35.870132308584026,35.54374490380764,35.81651228294703,80655200
2017-10-05,36.22682189941406,36.23847935264511,35.9144220740115,35.9447271835859,85135200
2017-10-06,36.20583724975586,36.25013343349978,36.03331620710981,36.12890233441458,69630400
2017-10-09,36.33172607421875,36.53921590218833,36.25013102931436,36.32473231486565,65051600
2017-10-10,36.3457145690918,36.83529908108613,36.1592095715271,36.38301699154666,62468000
2017-10-11,36.49726486206055,36.597511149322166,36.31075625330116,36.362046209643886,67622400
2017-10-12,36.36903762817383,36.68843124334951,36.306090220834726,36.45063625092287,64500400
2017-10-13,36.59983825683594,36.66744579232641,36.46461962849979,36.539220924304615,65576800
2017-10-16,37.27360916137695,37.30158421118133,36.75371577013709,36.811999495467056,96486000
2017-10-17,37.41114044189453,37.504392935964724,37.122052018509535,37.25027686587202,75989200
2017-10-18,37.24562072753906,37.467101671243675,37.20832185675938,37.39949057557953,65496800
2017-10-19,36.36436462402344,36.620814323552636,36.140557211120395,36.54387941369388,170336800
2017-10-20,36.427330017089844,36.77703238525391,36.35972245781496,36.51125872774348,95896400
2017-10-23,36.408668518066406,36.76303448048517,36.25246859793545,36.576525891982904,87937200
2017-10-24,36.62549591064453,36.70009723227727,36.41567235650482,36.43665364471187,71028800
2017-10-25,36.46461868286133,36.730392239980006,36.19884512574264,36.58118609488452,84828400
2017-10-26,36.69775390625,36.79567010653239,36.550877827148845,36.65578778764032,68002000
2017-10-27,38.01264190673828,38.140866798874264,36.998503782174275,37.13605250403111,177816800
2017-10-30,38.86823654174805,39.1829699641332,38.168832098540996,38.20846459010681,178803200
2017-10-31,39.40911865234375,39.55133107180744,38.919537537485446,39.14334503074754,144187200
2017-11-01,38.90785598754883,39.61891764452872,38.60944380975952,39.60259650546264,134551200
2017-11-02,39.19229507446289,39.28321751276203,38.53252310122351,38.84026277383908,165573600
2017-11-03,40.215763092041016,40.62607916236106,39.894035848950885,40.56546537979789,237594400
2017-11-06,40.623741149902344,40.79626219210494,40.03391035782357,40.185446563274354,140105200
2017-11-07,40.754302978515625,40.85688288274763,40.47221179923316,40.54448303429965,97446000
2017-11-08,41.08769226074219,41.08769226074219,40.64240378911487,40.719338725889955,97638000
2017-11-09,41.003746032714844,41.05503596863797,40.36495545817056,40.82423125698391,117930400
2017-11-10,40.8680419921875,41.03416430570005,40.77445426945602,40.970990629277786,100582000
2017-11-13,40.70426559448242,40.82827094555374,40.570899328154894,40.59429804615229,67928400
2017-11-14,40.08891677856445,40.58961865361651,40.05148025684352,40.48667000395555,99130000
2017-11-15,39.560157775878906,39.8502855995203,39.39637737952686,39.76839361627184,116632400
2017-11-16,40.032772064208984,40.21292866021531,39.84559299536479,40.05148675796399,94550000
2017-11-17,39.81049346923828,40.10062119394135,39.69116855761888,40.01872923861939,87598000
2017-11-20,39.77072525024414,39.906430004022866,39.67245702926181,39.84325630119698,65049600
2017-11-21,40.51006317138672,40.64108740931225,39.95788704717005,39.95788704717005,100525200
2017-11-22,40.935909271240234,40.945266618461126,40.4890200758842,40.56155111981388,102355600
2017-11-24,40.9382438659668,41.06224923331061,40.86337081466449,40.96866148932631,56106800
2017-11-27,40.73234558105469,40.963980061627794,40.55686588762935,40.95696115950226,82867200
2017-11-28,40.49369430541992,40.91484269830939,40.21058550605959,40.781479992599294,105715200
2017-11-29,39.65373992919922,40.458607557273915,39.11092446826275,40.390756963460994,166665600
2017-11-30,40.208248138427734,40.276098715053735,39.41039961629005,39.87600344692711,166108800
2017-12-01,40.02106475830078,40.16612681204002,39.424433156736974,39.76369314346366,159037200
2017-12-04,39.72861862182617,40.388420666999764,39.68884363773281,40.355664587737884,130169600
2017-12-05,39.691165924072266,40.131036155210275,39.40103821861945,39.555461202335145,109400800
2017-12-06,39.543766021728516,39.82219439660401,38.9471378700168,39.19046816116915,114240000
2017-12-07,39.61629867553711,39.878347217695996,39.52036891630265,39.54844452577864,102693200
2017-12-08,39.62799835205078,40.0093754121684,39.49931608257127,39.890050490050605,93420800
2017-12-11,40.40009689331055,40.45157121269032,39.492280973495845,39.588210711443864,141095200
2017-12-12,40.17314529418945,40.33458716270803,40.11699408436946,40.27843238274499,77636800
2017-12-13,40.306514739990234,40.60365776912856,40.243341053812145,40.36032751036392,95273600
2017-12-14,40.294822692871094,40.50773893926903,40.16145639453041,40.336936111203535,81906000
2017-12-15,40.70426559448242,40.75105946033409,40.35096780163774,40.62471566552028,160677200
2017-12-18,41.277503967285156,41.46000256744993,40.91250676695561,40.91718722520547,117684400
2017-12-19,40.83763122558594,41.03650963242742,40.732344127317134,40.9522792397837,109745600
2017-12-20,40.793182373046875,41.0435315553513,40.53581071820715,40.914845727931436,93902400
2017-12-21,40.94761276245117,41.18392777340611,40.7347000493088,40.75107630256071,83799600
2017-12-22,40.94761276245117,41.04354254768744,40.82828781969152,40.87040124532036,65397600
2017-12-26,39.90877151489258,40.11934576146174,39.70053214264536,39.96258429876794,132742000
2017-12-27,39.9157829284668,39.9578963418206,39.707547165438044,39.79879646451484,85992800
2017-12-28,40.02809524536133,40.208255427893,39.88771003842733,40.009376979760525,65920800
2017-12-29,39.5952262878418,39.91342952177186,39.5928878444819,39.897053277967515,103999600
2018-01-02,40.304176330566406,40.313537247208004,39.60225752847971,39.81283531119191,102223600
2018-01-03,40.297149658203125,40.839968474154716,40.23397954869898,40.36734223890624,118071600
2018-01-04,40.48432540893555,40.58727404295443,40.262051896472606,40.36967741738859,89738400
2018-01-05,40.94525909423828,41.03182792816311,40.48901263550257,40.58026192724971,94640000
2018-01-08,40.793182373046875,41.08798698392758,40.694910599276334,40.793182373046875,82271200
2018-01-09,40.78849792480469,40.959297149866934,40.5732432755148,40.83997225073741,86336000
2018-01-10,40.779144287109375,40.78148630152458,40.47732074949381,40.51475727869783,95839600
2018-01-11,41.010772705078125,41.059908588629746,40.82593567106534,40.849330820735744,74670800
2018-01-12,41.43425750732422,41.49743118615743,41.09733598040432,41.221341324320264,101672400
2018-01-16,41.223690032958984,41.97240267540656,41.21199067273534,41.623781733545634,118263600
2018-01-17,41.90454864501953,41.93964315265485,40.961638125023185,41.214325720283874,137547200
2018-01-18,41.941978454589844,42.13851839305448,41.705667123879905,41.96771561497552,124773600
2018-01-19,41.75481414794922,42.01686270900164,41.50914183689063,41.78990866232449,129700400
2018-01-22,41.413211822509766,41.59571043645508,41.3196240713074,41.48340442098347,108434400
2018-01-23,41.42256164550781,41.98409876115503,41.37109089079645,41.48339688586861,130756400
2018-01-24,40.762760162353516,41.48339714467017,40.52410679746099,41.47169778528601,204420400
2018-01-25,40.035099029541016,40.93355401821586,39.89939433279178,40.830605381361764,166116000
2018-01-26,40.12870407104492,40.24335211522979,39.789443967823296,40.24335211522979,156572000
2018-01-29,39.2980842590332,39.81282385170851,39.089848550490544,39.81282385170851,202561600
2018-01-30,39.06645965576172,39.16004739790291,38.53534011524448,38.7295380718238,184192800
2018-01-31,39.17408752441406,39.41040247806591,38.95649440447249,39.04306324959199,129915600
2018-02-01,39.255985260009766,39.45252170117444,39.01733182708451,39.113261603180696,188923200
2018-02-02,37.552642822265625,39.026672506887714,37.45905510933252,38.83949351087909,346375200
2018-02-05,36.61442184448242,38.34348150059493,36.499773833727474,37.225091280275514,290954000
2018-02-06,38.14460372924805,38.30604561047682,36.031828610000396,36.226026556250716,272975200
2018-02-07,37.328041076660156,38.23117676302514,37.218077079981796,38.1586457232369,206434400
2018-02-08,36.30088806152344,37.66963073040576,36.27281246056751,37.50350842775057,217562000
2018-02-09,36.74491500854492,37.0926057952475,35.295416555680326,36.8999676132487,282690400
2018-02-12,38.22495651245117,38.50216852680545,37.00333379549357,37.235912711121244,243278000
2018-02-13,38.607872009277344,38.70419286398582,37.97591830186138,38.04639706346999,130196800
2018-02-14,39.3197135925293,39.35965073484387,38.26489411950926,38.30247969864652,162579600
2018-02-15,40.639991760253906,40.66348229136409,39.70263246077714,39.88822307075236,204588800
2018-02-16,40.50844192504883,41.06992063350234,40.35339290200922,40.49199890679154,160704400
2018-02-20,40.37218475341797,40.938355795703735,40.271164333497524,40.419169411304395,135722000
2018-02-21,40.18894577026367,40.90546993442809,40.17484714537294,40.60241581622641,149886400
2018-02-22,40.5248908996582,40.86553419317909,40.33930022295099,40.36044278396192,123967600
2018-02-23,41.22966003417969,41.2648976259703,40.76920185482098,40.799743490838885,135249600
2018-02-26,42.044864654541016,42.14353351551222,41.39646774614467,41.42935736646841,152648800
2018-02-27,41.908599853515625,42.399596100612726,41.85456768273009,42.075399491200336,155712400
2018-02-28,41.845176696777344,42.43249392454348,41.82873367844383,42.1129932092507,151128400
2018-03-01,41.11220169067383,42.23515182722027,40.5624736826807,41.943841221891674,195208000
2018-03-02,41.39646530151367,41.41760785946614,40.5131379769265,40.595363815229945,153816000
2018-03-05,41.539756774902344,41.75588899178021,40.99942444035851,41.16152449919149,113605600
2018-03-06,41.50453567504883,41.87572061331402,41.37767672423165,41.795846326329126,95154000
2018-03-07,41.11924743652344,41.311889179650166,40.94070431594449,41.09810487975081,126814000
2018-03-08,41.567962646484375,41.610247764152966,41.12865052877318,41.22496782502932,95096400
2018-03-09,42.282142639160156,42.286842180896265,41.673682825885265,41.807592880114115,128740800
2018-03-12,42.690914154052734,42.84831473803731,42.33617584549344,42.354966841900726,128828400
2018-03-13,42.27980422973633,43.10909609119969,42.10830855690446,42.8953117025718,126774000
2018-03-14,41.920352935791016,42.409001275131494,41.77234785465769,42.362016616189074,117473600
2018-03-15,41.96968078613281,42.34321720616517,41.83342636615037,41.934443192119986,90975200
2018-03-16,41.821678161621094,42.080095541605395,41.72770527232746,41.969679637122375,157618800
2018-03-19,41.182682037353516,41.692472927584866,40.79740210449804,41.65723533010099,133787200
2018-03-20,41.168582916259766,41.53506823255151,41.09810414358075,41.168582916259766,78597600
2018-03-21,40.23591995239258,41.13333859622522,40.23356838983998,41.1215915375593,148219600
2018-03-22,39.66740417480469,40.567170949186654,39.60867245620693,39.93756864647452,165963200
2018-03-23,38.74884033203125,39.91877519588673,38.74884033203125,39.55933735467391,164115200
2018-03-26,40.588314056396484,40.6658403493108,39.10122662256602,39.48415854628537,150164800
2018-03-27,39.547584533691406,41.147435786997505,39.21398884136804,40.8020930353932,163690400
2018-03-28,39.110618591308594,39.942261596856255,38.807564550618565,39.291513258456376,166674000
2018-03-29,39.416038513183594,40.34869867620136,39.20930167562791,39.423086034036594,153594000
2018-04-02,39.15760040283203,39.688537307064934,38.63841414116743,39.14820490735568,150347200
2018-04-03,39.559329986572266,39.643903791381845,38.734738078203186,39.38313485861057,121112000
2018-04-04,40.3157958984375,40.40976520228885,38.70889714356491,38.734739239828905,138422000
2018-04-05,40.595367431640625,40.93131116470009,40.426219783553385,40.54368322890842,107732800
2018-04-06,39.55699157714844,40.52018969217468,39.51470287216489,40.16545137256232,140021200
2018-04-09,39.94931411743164,40.66349020989333,39.90232946136302,39.90937698053834,116070800
2018-04-10,40.701087951660156,40.87728313759808,40.297013371799835,40.64235622301418,113634400
2018-04-11,40.51078796386719,40.858478709963855,40.336940798469165,40.461451746423364,89726400
2018-04-12,40.91017150878906,41.112208792528925,40.65175047678454,40.738675870113404,91557200
2018-04-13,41.04877471923828,41.309543712008065,40.84204149245945,41.060521780745006,100497200
2018-04-16,41.304847717285156,41.391769519895405,41.0722688045849,41.11925346586882,86313600
2018-04-17,41.873355865478516,42.037803915384,41.44343937341934,41.46223394836548,106421600
2018-04-18,41.77939987182617,42.00963081941792,41.553872050744566,41.77235235146113,83018000
2018-04-19,40.595367431640625,41.203827218251746,40.56247781032921,40.82089523929037,139235200
2018-04-20,38.93207550048828,40.22417309688834,38.86394471070118,40.07851960585239,261964400
2018-04-23,38.819313049316406,39.213988427152856,38.54914502750533,39.19284587149001,146062000
2018-04-24,38.27897644042969,39.0753782130152,37.874902025195276,38.920325652232485,134768000
2018-04-25,38.44577407836914,38.8615955688351,38.1544671050226,38.20379973161242,113528400
2018-04-26,38.579681396484375,38.93441959250887,38.37999217218198,38.556187281378676,111852000
2018-04-27,38.133331298828125,38.605533017528785,37.736304314562105,38.52800672018398,142623200
2018-04-30,38.824012756347656,39.293866490425344,38.020563301238745,38.08869410011174,169709600
2018-05-01,39.72614669799805,39.74963724100626,38.82637609419961,39.094192660457324,214277600
2018-05-02,41.48104476928711,41.75825679274042,40.83029624761953,41.166239996519735,266157600
2018-05-03,41.55620574951172,41.69951125552429,40.980635747713265,41.31893094778877,136272800
2018-05-04,43.186607360839844,43.28527621703222,41.856920403424276,41.875714983370386,224805200
2018-05-07,43.49905776977539,44.0887228912663,43.402736897928456,43.50375372593912,169805600
2018-05-08,43.70814895629883,43.74808609775909,43.14902180645542,43.459127024429044,113611200
2018-05-09,44.015892028808594,44.02528752495806,43.51314874438485,43.825601865665355,92844800
2018-05-10,44.64549255371094,44.7230188366596,44.08401758147566,44.10516372024267,111957200
2018-05-11,44.4756965637207,44.82237098712518,44.206847378072545,44.687948193562164,104848800
2018-05-14,44.3719367980957,44.69738719101418,44.30354687419681,44.57475313594708,83115200
2018-05-15,43.968658447265625,44.117234231162634,43.652643426187645,44.048840718550096,94780800
2018-05-16,44.379005432128906,44.445041913162775,43.864891761356354,43.88140178124538,76732400
2018-05-17,44.09836196899414,44.55116036327544,43.949786202651836,44.33655172267472,69176000
2018-05-18,43.93798828125,44.29173731933448,43.895540123970086,44.14552220178638,73190800
2018-05-21,44.24930191040039,44.636067492860136,44.07950203531832,44.33655888007339,73603200
2018-05-22,44.138458251953125,44.54409086890035,44.0488406556325,44.426174494172024,60962800
2018-05-23,44.421470642089844,44.4544870933376,43.80830386346207,43.94744796377781,80233600
2018-05-24,44.3719367980957,44.53466199455494,43.91442422063814,44.518155570933565,92936000
2018-05-25,44.47332763671875,44.7256667354169,44.25400137106335,44.39078475854842,69844000
2018-05-29,44.31298065185547,44.513439966610946,44.070073161376456,44.24223369231623,90056400
2018-05-30,44.2186393737793,44.33655574544271,44.048839510702216,44.270522865192966,74762000
2018-05-31,44.070064544677734,44.39079722646225,43.8979076459214,44.152607446031645,109931200
2018-06-01,44.86482620239258,44.869540266724215,44.27760132608851,44.334202484769676,93770000
2018-06-04,45.23979949951172,45.614772730208344,45.12660078050418,45.19499069863809,105064800
2018-06-05,45.58882522583008,45.7374009997512,45.364784848273516,45.53222767273398,86264000
2018-06-06,45.74684143066406,45.77042614795653,45.26102648202931,45.664302117185684,83734400
2018-06-07,45.624210357666016,45.79872430858135,45.360075201959646,45.78457491780687,85388800
2018-06-08,45.20914840698242,45.27989896882582,44.753992816513936,45.08415730708573,106627200
2018-06-11,45.098297119140625,45.27281465481039,44.85775029790672,45.12659949697931,73234000
2018-06-12,45.345924377441406,45.42374962276294,45.07943219787274,45.13603335770362,67644400
2018-06-13,44.97331237792969,45.487429731871785,44.91199714793704,45.378945065014086,86553600
2018-06-14,44.99690246582031,45.178494743556236,44.86011899933952,45.17377707960222,86440400
2018-06-15,44.53466796875,44.84596901217522,44.39788450408042,44.815309594664896,246876800
2018-06-18,44.511085510253906,44.624284250591025,44.14790097049282,44.30826915128323,73939600
2018-06-19,43.791786193847656,43.94271901773257,43.26351951098928,43.662077454917885,134314000
2018-06-20,43.982810974121094,44.147893191048695,43.80121873623951,43.94743749853748,82514800
2018-06-21,43.737545013427734,44.4191015421544,43.614910971313066,44.15968406816612,102847600
2018-06-22,43.61019515991211,43.90026845785163,43.558311662911876,43.89319376267183,108801600
2018-06-25,42.961647033691406,43.610187026720794,42.62204733430526,43.25172027753299,126652400
2018-06-26,43.494625091552734,43.989875223254224,43.048901412430034,43.15502901102434,98276800
2018-06-27,43.43095779418945,44.1667547835361,43.40029838679268,43.6832969520397,101141200
2018-06-28,43.74698257446289,43.914425438825695,43.34606755089744,43.41681810764965,69460800
2018-06-29,43.654998779296875,44.145531311824726,43.136167469409244,43.93327968606021,90950800
2018-07-02,44.1431770324707,44.17147941242454,43.25644709523927,43.35078236421446,70925200
2018-07-03,43.37436294555664,44.32476872776422,43.284745340770385,44.28703462064132,55819200
2018-07-05,43.723392486572266,43.961585878435855,43.459260945558434,43.690376043945534,66416800
2018-07-06,44.3294792175293,44.43796025980042,43.676221537946965,43.728105027214696,69940800
2018-07-09,44.94500732421875,44.96858844083861,44.64314168271515,44.690307514477155,79026400
2018-07-10,44.89076614379883,45.110088877632826,44.85067140893668,44.97566607914282,63756400
2018-07-11,44.30826187133789,44.756342693838846,44.2445860160065,44.454477036854996,75326000
2018-07-12,45.051124572753906,45.14074215859507,44.64549200323947,44.69737548993469,72164400
2018-07-13,45.121883392333984,45.24215680710404,45.02047343207802,45.062925201040784,50055600
2018-07-16,45.022830963134766,45.43317764323029,44.907271620687844,45.16668908392699,60172400
2018-07-17,45.150184631347656,45.24923396629142,44.61956088081296,44.749269628425964,62138000
2018-07-18,44.90256881713867,45.232736934021425,44.791727100577305,45.228019269895334,65573600
2018-07-19,45.25160217285156,45.40960972875177,44.73512772676942,44.73512772676942,81147200
2018-07-20,45.1478271484375,45.38129929328812,44.84831851576083,45.228009428517055,82704800
2018-07-23,45.18791198730469,45.270454886685215,44.70445414490889,44.968585665291265,63957600
2018-07-24,45.51572036743164,45.67137084476869,45.29167997651918,45.38601163631743,74791600
2018-07-25,45.9449348449707,45.95200953909044,45.38129115760423,45.52986693116255,66839600
2018-07-26,45.801082611083984,46.21378994746489,45.65958151348729,45.89541427713352,76304000
2018-07-27,45.039344787597656,46.03220240716992,44.83181438141604,45.98503656933422,96096000
2018-07-30,44.7869987487793,45.327054166940535,44.58890010095334,45.256303621710636,84118000
2018-07-31,44.87661361694336,45.31290565554583,44.65257321814302,44.87897424756083,157492000
2018-08-01,47.520301818847656,47.58161704185553,46.53216196456808,46.96137932119036,271742800
2018-08-02,48.90934753417969,49.14282322186188,47.24908677289368,47.30332729077155,249616000
2018-08-03,49.05085754394531,49.227732115734135,48.458915007304384,48.82445650870577,133789600
2018-08-06,49.3055419921875,49.34799014889635,48.83387661442028,49.053199287791834,101701600
2018-08-07,48.843318939208984,49.40695904402814,48.76077604077673,49.364510878106664,102349600
2018-08-08,48.87635040283203,49.008416202101316,48.23252783213272,48.59335174746598,90102000
2018-08-09,49.26074981689453,49.472997869054055,48.86454889473496,49.41403967695169,93970400
2018-08-10,49.11402893066406,49.48558670831836,48.91050127150326,49.073797180859934,98444800
2018-08-13,49.43113708496094,49.9233899602011,49.154245519727546,49.535267986992444,103563600
2018-08-14,49.639404296875,49.831098200524664,49.28677981496923,49.73643570353363,82992000
2018-08-15,49.7553825378418,49.87371249702613,49.30336122708312,49.513988409985494,115230400
2018-08-16,50.48428726196289,50.60024829186361,50.046465040138585,50.11272951755133,114001600
2018-08-17,51.492469787597656,51.580032809166745,50.446433294076634,50.51269778788202,141708000
2018-08-20,50.99073028564453,51.87110156077517,50.90789789788546,51.61551211353429,121150800
2018-08-21,50.891326904296875,51.400147691984785,50.6523017823488,51.307850505178855,104639200
2018-08-22,50.893699645996094,51.20372346063428,50.607339648826624,50.66887351875901,76072400
2018-08-23,50.99783706665039,51.36702588882089,50.78720992522527,50.79904002989907,75532800
2018-08-24,51.15638732910156,51.33151328398734,50.907893796984375,51.26051822721865,73905600
2018-08-27,51.57764434814453,51.76697293591533,51.19662187429495,51.390681058681736,82100400
2018-08-28,51.99417495727539,52.19296838996736,51.8095805396124,51.83087906215585,91107200
2018-08-29,52.77040100097656,52.891099809668496,51.925527395842835,52.10065333607512,109019200
2018-08-30,53.25556564331055,54.01997594606434,52.63314908356902,52.83431140009816,195175200
2018-08-31,53.87088394165039,54.164339850677784,53.48512722248886,53.60582244851051,173360400
2018-09-04,54.04364013671875,54.23769932388201,53.634219632745676,54.05547385071295,109560400
2018-09-05,53.691017150878906,54.353665430113836,53.272131830936814,54.19273847104645,133332000
2018-09-06,52.7988166809082,53.80462109487018,52.37282820688396,53.539559593731255,137160000
2018-09-07,52.37281799316406,53.336021566308695,52.23318956842449,52.50298161416799,150479200
2018-09-10,51.66994857788086,52.502992310884245,51.22976108607632,52.28999626644421,158066000
2018-09-11,52.97631072998047,53.082806943997085,51.25105834056841,51.59421441290767,142996000
2018-09-12,52.318397521972656,53.24846904799571,52.02730329115404,53.23427003403245,197114800
2018-09-13,53.5821533203125,54.041273971237196,52.673380433963544,52.89820655167568,166825600
2018-09-14,52.973941802978516,53.68392137771475,52.66155266788886,53.42596299890154,127997200
2018-09-17,51.563453674316406,52.76331733842613,51.41909100904988,52.57398872003908,148780400
2018-09-18,51.648643493652344,52.50298563919337,51.38358202388521,51.54214367939406,126286800
2018-09-19,51.67941665649414,51.97524150544351,50.95287270526893,51.710183596350696,108495200
2018-09-20,52.072261810302734,52.60474642477888,51.86400000551983,52.121961963223164,106435200
2018-09-21,51.511383056640625,52.38702376647529,51.423816457857285,52.24976062216609,384986800
2018-09-24,52.252140045166016,52.36337049198138,51.26763756205365,51.31260352282714,110773600
2018-09-25,52.58345413208008,52.732550997350124,51.99416978895151,52.006003504013755,98217600
2018-09-26,52.16456604003906,52.95264380917307,52.008369665368996,52.30182919252401,95938800
2018-09-27,53.23663330078125,53.589257782363156,52.902942040808725,52.969210122012925,120724800
2018-09-28,53.42359924316406,53.44726306298628,53.01654398633508,53.19876948242372,91717600
2018-10-01,53.7833251953125,54.2945114233787,53.567967440306184,53.94662109687337,94403200
2018-10-02,54.26136779785156,54.4317631714536,53.634220666637496,53.78094861179492,99152800
2018-10-03,54.92165756225586,55.2529799345801,54.37970443970897,54.44360361549401,114619200
2018-10-04,53.956077575683594,54.9879146101768,53.65788386972213,54.616356932476414,128168000
2018-10-05,53.080440521240234,54.05548163878989,52.202434427966345,53.94898541978365,134322000
2018-10-08,52.95738220214844,53.201141588936295,52.11250469969764,52.588193368222875,118655600
2018-10-09,53.691017150878906,53.78568325427967,52.597649837383955,52.92660687302358,107564000
2018-10-10,51.203731536865234,53.56796502679298,51.13036755219829,53.357337879043975,167962400
2018-10-11,50.751712799072266,51.946845968410145,50.247629687849226,50.76828072475724,212497600
2018-10-12,52.564517974853516,52.74674706543594,51.31731958871107,52.16456226162704,161351600
2018-10-15,51.44038391113281,52.49825370424345,51.419085391816054,52.33969204186986,123164000
2018-10-16,52.57398223876953,52.772779249697095,51.298385840102064,51.811937261784536,116736000
2018-10-17,52.34679412841797,52.68995019740248,51.90897195034415,52.6094867130337,91541600
2018-10-18,51.12326431274414,52.00363928676678,50.408550519609015,51.55871759140356,130325200
2018-10-19,51.90187072753906,52.363356709270114,51.456949057386716,51.606045917308556,132314800
2018-10-22,52.218990325927734,52.86034005758021,51.81430403669069,52.015462726587266,115168400
2018-10-23,52.71124267578125,52.834306797919794,50.810864538749705,51.078291300952,155071200
2018-10-24,50.90317153930664,53.066242647781394,50.77300788610359,52.68048950792541,163702000
2018-10-25,52.0178337097168,52.39175669137161,51.296020473330685,51.523215509312536,119423200
2018-10-26,51.189537048339844,52.110143914104796,50.33046045651048,51.094870921734916,189033600
2018-10-29,50.22867965698242,51.99179452917274,48.77321965060917,51.873464623507054,183742000
2018-10-30,50.47954559326172,50.924463645690075,49.52580670807782,49.97072476050618,146640000
2018-10-31,51.795372009277344,52.17166028299006,51.26525267501024,51.326786543689,153435600
2018-11-01,52.59055709838867,52.62368933605675,51.310226322888035,51.84034573672041,233292800
2018-11-02,49.10218811035156,50.56237905391569,48.617034661599845,49.592075767555244,365314800
2018-11-05,47.708255767822266,48.370904034951764,46.898879557030305,48.34960551625416,264654800
2018-11-06,48.22418212890625,48.44900828041715,47.73192917201314,47.78635993032477,127531600
2018-11-07,49.686744689941406,49.71277742307654,48.30938596616977,48.74483931029979,133697600
2018-11-08,49.51337814331055,49.90047723917868,49.100151860589314,49.86722939737878,101450400
2018-11-09,48.55868148803711,48.92440772185427,48.03146315999094,48.815166373876544,137463200
2018-11-12,46.11258316040039,47.461503388574435,46.02233746371556,47.2596391587509,204542000
2018-11-13,45.6518440246582,46.8273967148012,45.46660559463527,45.50935487588611,187531600
2018-11-14,44.36231994628906,46.186207990732846,44.155704967567836,46.048465879499844,243204000
2018-11-15,45.457122802734375,45.59011416840596,44.38606035126789,44.739915225013526,185915200
2018-11-16,45.96057891845703,46.30255869558967,44.99401459922713,45.24099798063293,147713200
2018-11-19,44.13907241821289,45.28850181754832,43.93246111209579,45.122262627353955,167701200
2018-11-20,42.03020095825195,43.09651261910129,41.68109683232495,42.36030580111065,271300800
2018-11-21,41.98270034790039,42.81152632280583,41.928079679401435,42.68328208090455,124496800
2018-11-23,40.91640090942383,41.939967101500436,40.87128168001678,41.54574005409915,94496000
2018-11-26,41.4697265625,41.548097230703135,40.43428939505379,41.379484515509546,179994000
2018-11-27,41.37948226928711,41.50534931703304,40.581530700774955,40.7311441285485,165549600
2018-11-28,42.97064971923828,43.05376751403634,41.543358788745984,41.9708336400061,184250000
2018-11-29,42.64053726196289,43.4123654086961,42.20118748278702,43.37911757194036,167080000
2018-11-30,42.41018295288086,42.82578279276526,42.042079512806076,42.81628133855752,158126000
2018-12-03,43.892086029052734,43.92058313866177,43.03476295213865,43.80659107648332,163210000
2018-12-04,41.961326599121094,43.314993644535846,41.86158309301077,42.97301383859059,165377200
2018-12-06,41.49347686767578,41.50772542131723,40.47228824638183,40.79051802351422,172393600
2018-12-07,40.013954162597656,41.43886790910072,39.96883131415951,41.20138228468355,169126400
2018-12-10,40.27756118774414,40.39392681826417,38.788525387961656,39.185125924591716,248104000
2018-12-11,40.04719543457031,40.797647130558154,39.66009277068402,40.76677646859411,189126800
2018-12-12,40.1588249206543,40.82853257024421,40.139825633778514,40.46755336709126,142510800
2018-12-13,40.59816360473633,40.982892750447746,40.26568520596623,40.488922255315906,127594400
2018-12-14,39.299110412597656,40.1540598989454,39.2516140241877,40.13506061883299,162814800
2018-12-17,38.93338394165039,39.98069614858021,38.64602481476613,39.29198583874038,177151600
2018-12-18,39.43924331665039,39.78597033355622,39.04026554352327,39.27537763967372,135366000
2018-12-19,38.20905303955078,39.76695779190644,37.78157829073558,39.42260444171222,196189200
2018-12-20,37.24485778808594,38.49878115325955,36.88150520066301,38.09267928415886,259092000
2018-12-21,35.796199798583984,37.56071950978802,35.53496783964715,37.25198753673331,382978400
2018-12-24,34.87001037597656,35.99094267515283,34.813012528584636,35.183489477275636,148676800
2018-12-26,37.32561111450195,37.33985967062577,34.843887332724314,35.21911501353624,234330000
2018-12-27,37.08338165283203,37.23062521543055,35.639472134315575,37.00976168340444,212468400
2018-12-28,37.10237121582031,37.64621522429912,36.70339718009544,37.40397891761338,169165600
2018-12-31,37.46098327636719,37.845708823973354,37.16174907379083,37.64859532308761,140014000
2019-01-02,37.50371551513672,37.72457894857997,36.627393305047725,36.784134628944,148158800
2019-01-03,33.76808166503906,34.6064056330403,33.72295881640133,34.19317934017915,365248800
2019-01-04,35.20960998535156,35.27848283128066,34.15042635194018,34.323789806748884,234428400
2019-01-07,35.13124084472656,35.34498004544206,34.64914539714357,35.3141057597988,219111200
2019-01-08,35.80095672607422,36.055068075400506,35.27136481535477,35.51834826233486,164101200
2019-01-09,36.408912658691406,36.6986453479839,35.534967488442895,35.929190786032024,180396400
2019-01-10,36.52528381347656,36.56565592820539,35.82707561156554,36.21655182724987,143122800
2019-01-11,36.166683197021484,36.50153878834281,35.98144470474648,36.30680246578782,108092800
2019-01-14,35.622840881347656,35.924448615457706,35.43760239866407,35.824705095839064,129756800
2019-01-15,36.35192108154297,36.42791458616587,35.634713583499995,35.68696070331559,114843600
2019-01-16,36.796024322509766,37.01926139590715,36.33530161762464,36.35430090299284,122278800
2019-01-17,37.01450729370117,37.441982116151216,36.397043258635236,36.620280311678194,119284800
2019-01-18,37.24249267578125,37.49422682619904,37.043002022319946,37.4039811406747,135004000
2019-01-22,36.40653991699219,37.22111371203419,36.24504783922982,37.1451202112431,121576000
2019-01-23,36.55379104614258,36.84352383088879,36.02657260988264,36.608411731342564,92522400
2019-01-24,36.26405715942383,36.68678131637326,36.03607297019486,36.59891278758119,101766000
2019-01-25,37.465728759765625,37.553600900151864,36.64878130027886,36.924261855530716,134142000
2019-01-28,37.1190071105957,37.126131390060124,36.492045151523456,36.99788711221388,104768400
2019-01-29,36.7342643737793,37.55359244791163,36.598899490058756,37.107118439253085,166348800
2019-01-30,39.24448776245117,39.458223311358054,38.05230926781852,38.76951665488747,244439200
2019-01-31,39.527103424072266,40.13506597381766,39.080629341215584,39.44873274205534,162958400
2019-02-01,39.546104431152344,40.13031699712782,39.405985168485806,39.65059867839811,130672400
2019-02-04,40.669395446777344,40.766765380026705,39.726577639075366,39.757451916384056,125982000
2019-02-05,41.365234375,41.57897355982607,40.930638975712235,41.05175531049415,144406400
2019-02-06,41.37948226928711,41.69533847596294,41.04937750984635,41.47684858776138,112958400
2019-02-07,40.59578323364258,41.30823993167424,40.453290444539384,40.942510130722376,126966800
2019-02-08,40.64348602294922,40.70311205010361,40.16886153665804,40.30481062542633,95280000
2019-02-11,40.409751892089844,40.83429258000177,40.366822896722226,40.79613104681893,83973600
2019-02-12,40.75796890258789,40.784204501347254,40.47414841763224,40.569552249159045,89134000
2019-02-13,40.58863067626953,41.13719089744632,40.52662091325393,40.87722227186637,89960800
2019-02-14,40.736507415771484,40.846217281030114,40.39783197721137,40.47653877930612,87342800
2019-02-15,40.64588165283203,40.951166710090945,40.486084289992206,40.84384055765046,98507200
2019-02-19,40.76750564575195,40.88914507060669,40.42406278544301,40.4765339806188,75891200
2019-02-20,41.029869079589844,41.337541474435355,40.78182636217737,40.82952646483924,104457600
2019-02-21,40.79852294921875,41.11096283125137,40.61726108922249,40.97501734607539,68998800
2019-02-22,41.25406265258789,41.26121748586465,40.874841931781916,40.922542033388446,75652800
2019-02-25,41.55457305908203,41.945719682081254,41.48779219461515,41.537879662607395,87493600
2019-02-26,41.57841491699219,41.809764155796586,41.30174932264914,41.43054355831514,68280800
2019-02-27,41.70722198486328,41.73822869074752,41.19682321958781,41.311307838567444,111341600
2019-02-28,41.296993255615234,41.71676290033313,41.24213831860219,41.57604632138093,112861600
2019-03-01,41.7310676574707,41.773996653747055,41.234978633444705,41.56649922650965,103544800
2019-03-04,41.94095230102539,42.39410868782575,41.4925633764932,41.902790767174956,109744800
2019-03-05,41.8646240234375,41.97672124062049,41.62850365631687,41.962411577028405,78949600
2019-03-06,41.62373733520508,41.855086607706475,41.48540451788479,41.659511495165575,83241600
2019-03-07,41.141963958740234,41.60466257047475,41.027482991072056,41.46871346445025,99185600
2019-03-08,41.23976135253906,41.27792289728009,40.42646117176131,40.62203635909517,95997600
2019-03-11,42.668399810791016,42.72087102579427,41.82171281447137,41.85510325681114,128044000
2019-03-12,43.14779281616211,43.56755887000828,42.7804943346723,42.93075313521677,129870400
2019-03-13,43.33858108520508,43.71780172616493,43.150160810497724,43.46737169635389,124130000
2019-03-14,43.82036209106445,43.9086110924784,43.5413127001033,43.86090735580744,94318000
2019-03-15,44.390380859375,44.6789724147162,43.822743589745585,44.087483279947165,156171600
2019-03-18,44.84355163574219,44.931797007327894,44.311684756998986,44.31407212765884,104879200
2019-03-19,44.48816680908203,45.07488846111762,44.34267917125134,44.92224599185948,126585600
2019-03-20,44.87694549560547,45.194156478384144,44.058874300168924,44.41663055512888,124140800
2019-03-21,46.52976608276367,46.82551249017216,45.27046466941773,45.320552133949356,204136800
2019-03-22,45.56621551513672,47.14988281885893,45.501818379976086,46.58939664841029,169630800
2019-03-25,45.0152702331543,45.78802127537282,44.50487154702467,45.67592404455743,175381200
2019-03-26,44.55018615722656,46.00267911768265,44.0230940523578,45.71170377934582,199202000
2019-03-27,44.95086669921875,45.25853537790645,44.492939277369054,45.0176475541166,119393600
2019-03-28,45.01050567626953,45.2108482986207,44.726685141629694,45.065360614447535,83121600
2019-03-29,45.303855895996094,45.334862595503004,44.96756422056934,45.27523656677985,94256000
2019-04-01,45.61152648925781,45.716465238779,44.929404601308974,45.706926675834836,111448000
2019-04-02,46.274566650390625,46.37950903701482,45.56620917996109,45.57574774270704,91062800
2019-04-03,46.59178161621094,46.86605990037226,46.06706963719681,46.09092150507348,93087200
2019-04-04,46.672874450683594,46.835055514550795,46.06468818261306,46.45821854703762,76457200
2019-04-05,46.98531723022461,47.009169100776084,46.730116044604905,46.85413922076049,74106400
2019-04-08,47.724674224853516,47.75567728467312,46.82789643538214,46.846977201039394,103526800
2019-04-09,47.58157730102539,48.38056764876141,47.51718016237022,47.77715244831723,143072800
2019-04-10,47.84869384765625,47.87731681584689,47.26674323132718,47.38599528748367,86781200
2019-04-11,47.45039367675781,47.93932784783885,47.328757886390626,47.90355368575557,83603200
2019-04-12,47.43132019042969,47.734221486599644,46.79690190331519,47.51002699837706,111042800
2019-04-15,47.51718521118164,47.66506027266798,47.22620982993786,47.36215895495653,70146400
2019-04-16,47.521942138671875,48.02756966837451,47.35737372664653,47.57202960118193,102785600
2019-04-17,48.44734191894531,48.50696794754076,47.36930230294008,47.59110938245884,115627200
2019-04-18,48.62145233154297,48.69061692830525,48.30185766916621,48.44495796431432,96783200
2019-04-22,48.781246185302734,48.879033745551126,48.25892159292873,48.37578991902685,77758000
2019-04-23,49.484832763671875,49.54922989372461,48.63098759521515,48.75739448502875,93292000
2019-04-24,49.40852355957031,49.7233471640804,49.382287955920745,49.45622366458279,70162400
2019-04-25,48.96012878417969,49.55161802291001,48.921967248962424,49.329810923117755,74172800
2019-04-26,48.72639465332031,48.89334681703382,48.206453755716254,48.86949494823866,74596400
2019-04-29,48.80033493041992,49.12470072433398,48.621456815525065,48.75024745696415,88818800
2019-04-30,47.86062240600586,48.51173764933064,47.48855655267741,48.43064712012503,186139600
2019-05-01,50.20988464355469,51.352317692477015,49.90221231353754,50.05724216362862,259309200
2019-05-02,49.883140563964844,50.71790507301995,49.63986895589644,50.04770900660693,127985200
2019-05-03,50.50325393676758,50.52471843691336,50.140726608516964,50.298140221488424,83569600
2019-05-06,49.72334671020508,49.809208354157676,48.53559700159812,48.72401368842716,129772400
2019-05-07,48.38296127319336,49.47053982302818,47.89879804718606,49.103244963027386,155054800
2019-05-08,48.39249038696289,48.9744410929356,48.11821207126675,48.153986237910765,105358000
2019-05-09,47.87254333496094,48.10150523340118,46.904217269389115,47.79622027595835,139634400
2019-05-10,47.2093505859375,47.60918957732427,46.15349960538394,47.266813330080936,164834800
2019-05-13,44.46556854248047,45.36579626358833,43.77842680351272,44.94202086357993,229722400
2019-05-14,45.169471740722656,45.418469654624175,44.39134823649402,44.630770853179754,146118800
2019-05-15,45.710567474365234,45.909288693023,44.53739806425962,44.59725372096499,106178800
2019-05-16,45.50945281982422,46.08167274519695,45.21256745080139,45.46875141212985,132125600
2019-05-17,45.25086975097656,45.70577121307955,44.714561831332965,44.75526323345386,131516400
2019-05-20,43.83588409423828,44.137558916174555,43.163107155315394,43.93883771462418,154449200
2019-05-21,44.67626190185547,45.01145210514859,44.22135673647284,44.34585752053852,113459200
2019-05-22,43.76166915893555,44.4631793828225,43.70660297552515,44.2117848841149,118994400
2019-05-23,43.014671325683594,43.22536075947972,42.57173799121202,43.048190348330664,146118800
2019-05-24,42.84946823120117,43.608437527210064,42.76566884967899,43.143957042131575,94858800
2019-05-28,42.67228698730469,43.237324443115924,42.595673658588964,42.83748915813703,111792800
2019-05-29,42.46877670288086,42.94043945879135,42.138372386702336,42.23892942786569,113924800
2019-05-30,42.68906021118164,42.91172152723815,42.29880011361617,42.60526082042716,84873600
2019-05-31,41.91571807861328,42.61483166128946,41.89656383142089,42.19344552965514,108174400
2019-06-03,41.491947174072266,42.598078679964765,40.76649681588305,42.0426200156373,161584400
2019-06-04,43.00988006591797,43.055370949044665,41.78403739904803,42.00430577492002,123872000
2019-06-05,43.70419692993164,44.29078518409569,43.36900677323679,44.120793541794136,119093600
2019-06-06,44.34584426879883,44.405699905307486,43.6108152988894,43.833480166416635,90105200
2019-06-07,45.526206970214844,45.94998600483363,44.477538442467015,44.65470883240894,122737600
2019-06-10,46.108009338378906,46.77599685145349,45.87816201203644,45.9236528950948,104883600
2019-06-11,46.64191436767578,46.92682783549049,46.35221507841626,46.65388622788541,107731600
2019-06-12,46.493473052978516,46.91964496831461,46.3019342514873,46.43601031654152,73012800
2019-06-13,46.48390197753906,47.11597757221876,46.35222245417614,46.615585154201376,86698400
2019-06-14,46.146324157714844,46.3498312238866,45.56213229096333,45.86141061177457,75046000
2019-06-17,46.42164993286133,46.677833880392626,46.00984274939172,46.18462023261922,58676400
2019-06-18,47.5134162902832,47.95395301650747,46.73768937090985,46.9388034867993,106204000
2019-06-19,47.37454605102539,47.85578778829949,47.240469987030195,47.80790034833085,84496800
2019-06-20,47.755226135253906,48.03056062202927,47.41284996964704,47.973097891587294,86056000
2019-06-21,47.5924186706543,48.08802514932684,47.44158128091943,47.59720814502802,191202400
2019-06-24,47.54454803466797,47.92283624223558,47.44638387600242,47.53496908327158,72881600
2019-06-25,46.823883056640625,47.707349446417524,46.75684136270738,47.50862823550264,84281200
2019-06-26,47.83663558959961,48.12154906442843,47.25005095787499,47.350608010173595,104270000
2019-06-27,47.82228088378906,48.26042476671561,47.78157947214666,47.953960417155784,83598800
2019-06-28,47.38651657104492,47.764804685647896,47.17822009560668,47.568476416564636,124442400
2019-07-01,48.25563049316406,48.95953359072476,48.04014794005199,48.64349397414677,109012000
2019-07-02,48.538143157958984,48.633914390891135,48.210135361751455,48.22210722253035,67740800
2019-07-03,48.94038009643555,48.94756248298667,48.52857288544068,48.66983135867862,45448000
2019-07-05,48.897281646728516,49.10079233915633,48.57884911730465,48.68659222111898,69062000
2019-07-08,47.889312744140625,48.21971347045251,47.5038421856941,48.07845500360109,101354400
2019-07-09,48.1814079284668,48.2460494035654,47.599609079485354,47.69298375237137,82312000
2019-07-10,48.65785598754883,48.777567292500045,48.25802066740765,48.32745527012685,71588400
2019-07-11,48.30351257324219,48.93558813067086,48.29393727609442,48.67701126809106,80767200
2019-07-12,48.67462158203125,48.842216692964875,48.41125522677883,48.4711108844908,70380800
2019-07-15,49.13190841674805,49.289924540363614,48.84220549240544,48.86375264744867,67789600
2019-07-16,48.96193313598633,49.34740375815225,48.722510480064635,48.98348029822733,67467200
2019-07-17,48.68658447265625,49.10317743545347,48.667430227322086,48.85417955270678,56430000
2019-07-18,49.23965835571289,49.292331625927645,48.77038839924491,48.84221591801951,74162400
2019-07-19,48.50461196899414,49.44075498620239,48.44954580718721,49.27076337371393,83717200
2019-07-22,49.6131591796875,49.615552090872,48.74884331314436,48.758418611181895,89111600
2019-07-23,50.001014709472656,50.017776044989866,49.62990895028045,49.91003660607573,73420800
2019-07-24,49.960323333740234,50.075245181428414,49.601189363077445,49.72090068663171,59966400
2019-07-25,49.565269470214844,50.09678795373076,49.49583486785246,50.0129885793759,55638400
2019-07-26,49.737648010253906,50.21409660563263,49.59399300114856,49.67539580143556,70475600
2019-07-29,50.2021369934082,50.43198433339106,49.90525526033395,49.91004473601888,86693600
2019-07-30,49.98665237426758,50.317056746119604,49.63470084424237,49.98186289912939,135742800
2019-07-31,51.006587982177734,53.00097863500099,50.58999500539061,51.81583752155325,277125600
2019-08-01,49.902854919433594,52.20131353212769,49.4982337605151,51.21249694274107,216071600
2019-08-02,48.84699249267578,49.4239980949657,48.27477271128733,49.20851924885061,163448400
2019-08-05,46.289955139160156,47.561288300596566,46.10799531556545,47.403272193424044,209572000
2019-08-06,47.1662483215332,47.42243223605077,46.45755587635723,47.001046156589894,143299200
2019-08-07,47.6546745300293,47.77917530974308,46.4048918709798,46.7855729428345,133457600
2019-08-08,48.70573806762695,48.72968178909559,47.73847236505692,47.93240408773638,108038000
2019-08-09,48.30438995361328,48.72977548121816,47.89582211277538,48.378892379334594,98478800
2019-08-12,48.18181610107422,48.559139553712626,47.862173717775995,47.97513018657987,89927600
2019-08-13,50.22223663330078,50.98408951762822,48.181814264515985,48.31159574878954,188874000
2019-08-14,48.72736358642578,49.61419017383491,48.68890954638256,48.82590068884438,146189600
2019-08-15,48.484642028808594,49.30177042418164,47.98715238184237,48.89801389955404,108909600
2019-08-16,49.62861633300781,49.787236519570556,48.98933158147647,49.0950783725183,110481600
2019-08-19,50.553890228271484,51.12587848929439,50.47698214806522,50.61877729536903,97654400
2019-08-20,50.556297302246094,51.274892121646914,50.54668562484565,50.68127111152873,107537200
2019-08-21,51.1042594909668,51.346993790769034,50.854315515628436,51.18837726179461,86141600
2019-08-22,51.061004638671875,51.53686158978541,50.650034771451054,51.23644619968191,89014800
2019-08-23,48.70093536376953,50.96246310509183,48.30679055271319,50.332790008185185,187272000
2019-08-26,49.62620544433594,49.79443727851556,49.28252843498855,49.474794959984806,104174400
2019-08-27,49.06624984741211,50.121308639627706,48.91483930455021,49.95547874357522,103493200
2019-08-28,49.39548873901367,49.441152454824554,48.86435650196321,49.0518153700021,63755200
2019-08-29,50.231842041015625,50.30634811863267,49.66706345619883,50.10927391421569,83962000
2019-08-30,50.166961669921875,50.57792781692434,49.79684790345952,50.508233068974185,84573600
2019-09-03,49.43635559082031,49.74398065522446,49.08066479769928,49.611797150867986,80092000
2019-09-04,50.275108337402344,50.344803082405896,49.82568816430708,50.082841787242316,76752400
2019-09-05,51.2580680847168,51.42389794369397,50.83267892479877,50.950443061493466,95654800
2019-09-06,51.25325012207031,51.532036389387336,51.07300094931551,51.44311463765885,77449200
2019-09-09,51.47196960449219,52.01752496664898,50.72694165520818,51.63299180966499,109237600
2019-09-10,52.08000946044922,52.0992364848002,50.88075361239367,51.39746659829906,127111600
2019-09-11,53.735897064208984,53.764739433347756,52.32754966606249,52.40926543357923,177158400
2019-09-12,53.615726470947266,54.41603338856972,53.56045107438245,54.02669627568618,128906800
2019-09-13,52.57268524169922,53.062961469937115,52.156911432083696,52.8731005859375,159053200
2019-09-16,52.84906768798828,52.90434675357643,52.28669102458082,52.32754707272448,84632400
2019-09-17,53.04133224487305,53.07017461149301,52.66160681112901,52.86348870875079,73274800
2019-09-18,53.538822174072266,53.55804919622197,52.73851525459077,53.12785236837871,101360000
2019-09-19,53.10383224487305,53.77675982238734,52.962033385800865,53.356178252850775,88242400
2019-09-20,52.327552795410156,53.48835829201576,52.26506771503566,53.204767926646866,221652400
2019-09-23,52.56548309326172,52.83465410674232,52.3083257615272,52.620758497705765,76662000
2019-09-24,52.315521240234375,53.47152241710132,52.19776078738406,53.12063572645369,124763200
2019-09-25,53.120643615722656,53.233600080826086,52.1857511921416,52.5246205874519,87613600
2019-09-26,52.8466682434082,53.09901788679732,52.591916597251874,52.87310494256668,75334000
2019-09-27,52.58950424194336,53.103815105725225,52.21939052658369,53.00287233449689,101408000
2019-09-30,53.82722854614258,53.9738314040598,53.06296988230488,53.08940658347618,103909600
2019-10-01,53.976226806640625,54.84863417143314,53.882497362527516,54.09158894337955,139223200
2019-10-02,52.6231575012207,53.73349145834526,52.37561187967944,53.60851764627017,138449200
2019-10-03,53.07017135620117,53.103817725877704,51.70268021152755,52.49577373492866,114426000
2019-10-04,54.557830810546875,54.6731929479549,53.80799525329293,54.22857675291312,138478800
2019-10-07,54.569847106933594,55.25959957952468,54.27664143090137,54.3799862186076,122306000
2019-10-08,53.93055725097656,54.81017419574898,53.9137358998427,54.27183228459761,111820000
2019-10-09,54.56264114379883,54.745292369499005,54.22857939735441,54.56264114379883,74770400
2019-10-10,55.29804992675781,55.3821676863081,54.62752452153625,54.7789313546757,113013600
2019-10-11,56.768898010253906,57.11257146209531,55.83159977697895,55.985412312624774,166795600
2019-10-14,56.687164306640625,57.230317516335425,56.39876635191698,56.45404174033743,96427600
2019-10-15,56.55499267578125,57.114963649042345,56.44924588810258,56.812146302927566,87360000
2019-10-16,56.3266716003418,56.53576316392705,56.04548329122299,56.08633933608511,73903200
2019-10-17,56.545379638671875,56.75446755281839,56.122396137875576,56.49971591783996,67585200
2019-10-18,56.816951751708984,57.098140062206895,56.307444855303956,56.37954526837045,97433600
2019-10-21,57.80231475830078,57.91767689190389,57.03565787328163,57.08372359535983,87247200
2019-10-22,57.670135498046875,58.208477458025,57.58841973582485,57.95853350048938,82293600
2019-10-23,58.44400405883789,58.458427076554564,57.97295482779117,58.184448414812785,75828800
2019-10-24,58.54014205932617,58.83334775862676,58.11475286162288,58.763649338023576,69275200
2019-10-25,59.26112747192383,59.297175843055165,58.37189886795237,58.43919160551697,73477200
2019-10-28,59.85475540161133,59.90282112444377,59.294780746023385,59.46301260952673,96572800
2019-10-29,58.470436096191406,60.022984167085156,58.29740023636161,59.83552529068843,142839600
2019-10-30,58.46323013305664,58.953510046434744,57.97055188420088,58.82372855934893,124522000
2019-10-31,59.78506088256836,59.88359800446322,57.0212394670206,59.41975843149152,139162000
2019-11-01,61.4818000793457,61.50823310726698,59.881186358924026,59.97251012339732,151125200
2019-11-04,61.88556671142578,61.969684482565675,61.37606341335742,61.84470699366309,103272000
2019-11-05,61.7966423034668,62.05139394165395,61.60197373719849,61.77741161321152,79897600
2019-11-06,61.82308578491211,61.88316886698713,61.37366550448869,61.710129297236655,75864400
2019-11-07,62.536590576171875,62.758363326737026,62.218397769161385,62.3702628523427,94940400
2019-11-08,62.70775604248047,62.780069259509496,61.914686765954706,62.358224995286456,69986400
2019-11-11,63.20430374145508,63.26938561343264,62.259369691789686,62.26418811906959,81821200
2019-11-12,63.14645004272461,63.34652881203322,62.89575939265847,63.047617104065104,87388800
2019-11-13,63.751502990722656,63.82622908514769,62.93192148786903,62.946384128313966,102734400
2019-11-14,63.31037521362305,63.850333385659255,63.180204098443475,63.57794140753723,89182800
2019-11-15,64.06246948242188,64.06728791082074,63.39957143680535,63.56107338652864,100206400
2019-11-18,64.38545989990234,64.4650044028249,63.6936367950426,64.07208560229782,86703200
2019-11-19,64.19022369384766,64.60242366565966,63.97327672744023,64.5783168124191,76167200
2019-11-20,63.44296646118164,64.13960829630712,62.770424127126624,64.00944450755844,106234400
2019-11-21,63.15851974487305,63.64062743076924,62.95844093565361,63.563488435494776,121395200
2019-11-22,63.10306167602539,63.44053551515698,62.876470521956044,63.29831465996502,65325200
2019-11-25,64.2094955444336,64.22637107491714,63.281437000749,63.32723780841707,84020400
2019-11-26,63.708133697509766,64.39995717446843,63.276645181059905,64.3469250252043,105207600
2019-11-27,64.56385040283203,64.59760146667433,63.95398456897874,64.01906644818817,65235600
2019-11-29,64.42163848876953,64.6024288680645,64.09621433476273,64.26495496465644,46617600
2019-12-02,63.67677688598633,64.66268611017567,63.505630736496585,64.42645072231561,94487200
2019-12-03,62.54141616821289,62.56069723689113,61.77968521879456,62.26661128399151,114430400
2019-12-04,63.09343338012695,63.47188969636738,62.83791688344509,62.93193141754983,67181600
2019-12-05,64.0190658569336,64.09379930384016,63.332068402488204,63.58758484552913,74424400
2019-12-06,65.25566101074219,65.32556866060735,64.43366681014422,64.47706207759182,106075600
2019-12-09,64.34210205078125,65.2773848846026,63.8575814192928,65.08454473165352,128042400
2019-12-10,64.71813201904297,65.10140670875774,64.08656483345956,64.74705730032277,90420400
2019-12-11,65.2701416015625,65.34969348345126,64.7229520666511,64.79767816395331,78756800
2019-12-12,65.43647766113281,65.70163837389192,64.43851852305019,64.54940123697496,137310400
2019-12-13,66.32595825195312,66.3621148543044,65.3087108196568,65.43646905221725,133587600
2019-12-16,67.4613037109375,67.68548930512532,66.76707504123782,66.7718934682827,128186000
2019-12-17,67.59387969970703,67.92170925302658,67.20577935538249,67.39139544211973,114158400
2019-12-18,67.43241119384766,67.95308846634468,67.28295896270495,67.44687383838529,116028400
2019-12-19,67.49989318847656,67.77951652381924,67.24197117220628,67.37454784079026,98369200
2019-12-20,67.36006927490234,68.13384985354818,67.14794077021222,68.03261138491365,275978000
2019-12-23,68.45927429199219,68.51953773767175,67.58424788370439,67.62281737170464,98572000
2019-12-24,68.52437591552734,68.67383548324801,68.19895910016623,68.62562177025686,48478800
2019-12-26,69.88389587402344,69.90077140261619,68.62800785445863,68.65693312840226,93121200
2019-12-27,69.85740661621094,70.86260446261116,69.45243789154644,70.17559948118166,146266000
2019-12-30,70.27200317382812,70.55403936484663,68.75336713216096,69.77543291987965,144114400
2019-12-31,70.78546142578125,70.79269274701018,69.78990785044671,69.88874081149524,100805600
2020-01-02,72.40052795410156,72.46079141879511,71.15668916006118,71.4097927692221,135480400
2020-01-03,71.69664001464844,72.45595811976894,71.47246171476719,71.62914523544616,146322800
2020-01-06,72.2679214477539,72.306490935931,70.56849521434884,70.8191932093111,118387200
2020-01-07,71.92805480957031,72.53309491165653,71.70869494472285,72.2775784441153,108872000
2020-01-08,73.08511352539062,73.38643082203993,71.63155918060959,71.63155918060959,132079200
2020-01-09,74.63748931884766,74.83032941641996,73.81067654984861,74.06136720541696,170108400
2020-01-10,74.80624389648438,75.37031642330658,74.30485508599608,74.87133314916862,140644800
2020-01-13,76.4044189453125,76.4309386915993,75.00389679896787,75.12201817653433,121532000
2020-01-14,75.37271881103516,76.55147571173875,75.24978634537415,76.3417600315841,161954400
2020-01-15,75.04969787597656,76.05248268254357,74.61820946436237,75.17263768221467,121923600
2020-01-16,75.98980712890625,76.10069718746519,75.23048903454546,75.5920697800867,108829200
2020-01-17,76.83110046386719,76.83350600016065,75.9319669058597,76.23810266381822,137816400
2020-01-21,76.31040954589844,76.90098699093934,76.1730071029982,76.45986173724447,110843200
2020-01-22,76.58281707763672,77.1348251407198,76.48880253772091,76.79493830286927,101832400
2020-01-23,76.95161437988281,77.03115890447519,76.08863757604202,76.63583446102108,104472000
2020-01-24,76.72985076904297,77.93993845348767,76.53941616685312,77.19749582877215,146537600
2020-01-27,74.47359466552734,75.1533609751762,73.49250366771739,74.74116092508633,161940000
2020-01-28,76.58038330078125,76.75152944120848,75.25458738363722,75.35342032568062,162234000
2020-01-29,78.18338012695312,79.02948122719883,77.46986301615,78.2098998673926,216229200
2020-01-30,78.0700912475586,78.12312337660362,76.83589699674123,77.26738534868132,126743200
2020-01-31,74.60857391357422,77.78324876217432,74.31448794421121,77.361404556077,199588400
2020-02-03,74.4036636352539,75.5679502030693,72.85127664058147,73.35266528651083,173788400
2020-02-04,76.86001586914062,77.050450456367,75.60171457078681,76.00668324335653,136616400
2020-02-05,77.48674774169922,78.28463523931488,76.88411323556181,77.98572352193352,118826800
2020-02-06,78.39311981201172,78.39553270453209,77.19990767879175,77.75674147890366,105425600
2020-02-07,77.3275375366211,78.14181565091206,76.83703724788526,77.89294126547146,117684000
2020-02-10,77.69480895996094,77.69480895996094,75.83429386411699,75.91402717049185,109348800
2020-02-11,77.22604370117188,78.26262078747321,77.00858188468877,78.19013597325772,94323200
2020-02-12,79.06001281738281,79.06484268174145,77.67549348632544,77.67549348632544,113730400
2020-02-13,78.49703216552734,78.82322871837643,78.12976332478873,78.33272826628952,94747600
2020-02-14,78.5163345336914,78.76520890109116,78.00891869878639,78.46558778851511,80113600
2020-02-18,77.07865905761719,77.25987847546425,76.01791785904396,76.19913727689102,152531200
2020-02-19,78.19499206542969,78.42453967717096,77.32030726926044,77.32030726926044,93984000
2020-02-20,77.39278411865234,78.4438584118609,76.88778679879077,77.9557766771897,100566000
2020-02-21,75.64097595214844,77.42901329626612,75.0248329307541,76.98683382307465,129554000
2020-02-24,72.0479965209961,73.4977516680358,69.88544951763012,71.8257048611315,222195200
2020-02-25,69.60758209228516,73.0990790994302,69.13641603822464,72.71731344350151,230673600
2020-02-26,70.71183013916016,71.97553646481957,69.22583207719232,69.23308056046676,198054800
2020-02-27,66.08953857421875,69.10503360425979,65.95422860881692,67.9210677200737,320605600
2020-02-28,66.05085754394531,67.27107285671417,61.94563554811998,62.1606861550344,426510000
2020-03-02,72.20025634765625,72.8357338359803,67.1043654657983,68.20617931193843,341397200
2020-03-03,69.9072036743164,73.45426993984877,69.05667582944147,73.3745366413102,319475600
2020-03-04,73.14983367919922,73.30930768219956,70.82781196815235,71.62759322830975,219178400
2020-03-05,70.77705383300781,72.37902717401828,70.41219640582361,71.40527520257908,187572800
2020-03-06,69.8371353149414,70.26964775134793,67.95245619771107,68.13850549074616,226176800
2020-03-09,64.31356811523438,67.19374467213605,63.54761077884886,63.72883020122201,286744800
2020-03-10,68.94552612304688,69.21131605967966,65.0867606135554,66.96419837707879,285290000
2020-03-11,66.551025390625,67.9500415324096,65.68841908631278,67.02461750309321,255598800
2020-03-12,59.978797912597656,65.23899494473845,59.92322498627828,61.841735279374994,418474000
2020-03-13,67.16474151611328,67.63591489908035,61.119261384040925,64.00427846865324,370732000
2020-03-16,58.524208068847656,62.60043194062402,57.99021323308223,58.46138297821733,322423600
2020-03-17,61.0975227355957,62.245242026979696,57.60361074150865,59.80482274842446,324056000
2020-03-18,59.60186004638672,60.40647473225053,57.29433197423103,57.934642818544056,300233600
2020-03-19,59.14518737792969,61.09269153777121,58.62085961850456,59.77583112302971,271857200
2020-03-20,55.39032745361328,60.848656123776394,55.09070998430256,59.72509337905043,401693200
2020-03-23,54.21360397338867,55.21152015646839,51.372084613414366,55.1100377172106,336752800
2020-03-24,59.652610778808594,59.848327192203485,56.61295613694801,57.110704962845915,287531200
2020-03-25,59.32400131225586,62.39989846973341,59.029217373030974,60.58770393527842,303602000
2020-03-26,62.44578552246094,62.50377336707359,59.52694479994546,59.56560582096582,252087200
2020-03-27,59.860408782958984,61.8248250722316,59.69368630258447,61.07095335601888,204216800
2020-03-30,61.56869888305664,61.74025490515105,60.2615017965214,60.5852833250574,167976400
2020-03-31,61.44304656982422,63.4243781505614,60.88972489834924,61.75957958595021,197002000
2020-04-01,58.21010208129883,60.09719995282628,57.78000823267317,59.56079010801558,176218400
2020-04-02,59.181434631347656,59.23459262853542,57.241178794751,58.07237254686632,165934000
2020-04-03,58.33091354370117,59.3674871060243,57.741345715951596,58.66677342106095,129880000
2020-04-06,63.419559478759766,63.57419624282321,60.256676873255664,60.62394564001491,201820400
2020-04-07,62.68500900268555,65.64976368215225,62.58111162954673,65.43229446081726,202887200
2020-04-08,64.28939819335938,64.60350888065241,63.119929845723,63.48477990198321,168895200
2020-04-09,64.75333404541016,65.25592013573771,63.95839000283478,64.92489377394622,161834800
2020-04-13,66.0242919921875,66.13302662112467,64.23142416734326,64.83065918840516,131022800
2020-04-14,69.35871124267578,69.64866527052683,67.1840781553046,67.65525160710325,194994800
2020-04-15,68.72566223144531,69.18475002856255,67.80748663721087,68.23516188327974,131154400
2020-04-16,69.27172088623047,69.63657830758835,68.22306550095219,69.43844332553729,157125200
2020-04-17,68.3318099975586,69.33456350529407,66.89655138464681,68.7884865443206,215250000
2020-04-20,66.91344451904297,68.06116730050987,66.89411769563229,67.1599076040023,130015200
2020-04-21,64.84513092041016,66.99076973874533,64.13475030153334,66.75639235940385,180991600
2020-04-22,66.71292114257812,67.14784486961675,65.77058148476895,66.11126755910753,116862400
2020-04-23,66.45437622070312,68.0781026916564,66.41571518879498,66.65734110784256,124814400
2020-04-24,68.37288665771484,68.3825537591584,66.93037962499518,66.9787077583751,126161200
2020-04-27,68.42119598388672,68.75222222241877,67.64316044289428,68.09016237151883,117087600
2020-04-28,67.3121337890625,69.06392140300909,67.22032214952667,68.88270199466979,112004800
2020-04-29,69.52305603027344,69.99181108981836,68.59521301647013,68.79817798444202,137280800
2020-04-30,70.98969268798828,71.16608226501852,69.67283584195576,70.06185003558508,183064000
2020-05-01,69.84680938720703,72.24615310349837,69.06877359729275,69.16542249456992,240616800
2020-05-04,70.83504486083984,70.96310628408554,69.18232470328076,69.8709599457229,133568000
2020-05-05,71.8982162475586,72.72941009570229,71.14917433658927,71.2941513796541,147751200
2020-05-06,72.6400146484375,73.27065487426464,72.21475059268822,72.59893499011841,142333600
2020-05-07,73.39144897460938,73.73697961793019,72.96377378346223,73.26580616038919,115215200
2020-05-08,75.1383056640625,75.19160756554702,73.72339119914562,74.05047071308249,133838400
2020-05-11,76.32061767578125,76.81486350373997,74.4380975285037,74.64646215282984,145946400
2020-05-12,75.44842529296875,77.45450365262057,75.32728527754581,77.00385895047138,162301200
2020-05-13,74.53742980957031,76.54835795686193,73.46170617265714,75.6276896528906,200622400
2020-05-14,74.99535369873047,75.05592369907653,73.05468852162736,73.77668558751988,158929200
2020-05-15,74.55197143554688,74.59800522378177,72.73487156458532,72.7687943111998,166348400
2020-05-18,76.30850219726562,76.68161544536761,75.18432690881329,75.87482634655969,135178400
2020-05-19,75.8675537109375,77.17101374486556,75.83605613168199,76.32545901161194,101729600
2020-05-20,77.34304809570312,77.41330397310716,76.68646396339064,76.72522965116472,111504800
2020-05-21,76.76641082763672,77.7452239875939,76.5289737926269,77.20493698671349,102688800
2020-05-22,77.26065826416016,77.34303256146072,76.40298515469343,76.50473859508931,81803200
2020-05-26,76.73734283447266,78.55686050645615,76.68161577577496,78.37757568234818,125522000
2020-05-27,77.07169342041016,77.21706291080646,75.85545038481993,76.59440888025136,112945200
2020-05-28,77.1056137084961,78.36304756047794,76.47084126097369,76.74703662948228,133560800
2020-05-29,77.0304946899414,77.80821132778638,76.67434283627068,77.34788086093664,153532400
2020-06-01,77.97781372070312,78.09895371175787,76.85363105469186,76.9844643152945,80791200
2020-06-02,78.33879089355469,78.36302036507111,77.27033552571095,77.71128676840137,87642800
2020-06-03,78.77008056640625,79.03174713400516,78.08684912120862,78.65863382513984,104491200
2020-06-04,78.09168243408203,78.89120338502829,77.71856920653472,78.59320375117642,87560400
2020-06-05,80.3158187866211,80.37638878570603,78.31216587865904,78.34123829521202,137250400
2020-06-08,80.79068756103516,80.82461031040765,79.30309219050388,80.01297082329648,95654400
2020-06-09,83.34188842773438,83.73438081455681,80.43937898287314,80.47087656345983,147712400
2020-06-10,85.486083984375,85.95368266276594,83.85069379935202,84.2892200574616,166651600
2020-06-11,81.3818359375,85.05480096655532,81.2800824962617,84.63081104253492,201662400
2020-06-12,82.08445739746094,84.26497730063338,80.97481830000675,83.51875818704126,200146000
2020-06-15,83.09961700439453,83.75135081292053,80.5774812512651,80.73981210877636,138808800
2020-06-16,85.30193328857422,85.57329308072946,83.51875616005826,85.15172088189794,165428800
2020-06-17,85.1832275390625,86.10631378252053,85.06208753447432,86.04574378022643,114406400
2020-06-18,85.21714782714844,85.6338697266432,84.60902265567091,85.13961645194037,96820400
2020-06-19,84.73015594482422,86.38735014117718,83.62293464807695,85.92217671437545,264476000
2020-06-22,86.94703674316406,87.08998107946098,85.0766345392279,85.12266833831674,135445200
2020-06-23,88.80287170410156,90.22021092110661,87.77075672869731,88.18990371305667,212155600
2020-06-24,87.2353286743164,89.35043555341034,86.86221543627708,88.4321923624518,192623200
2020-06-25,88.3934326171875,88.43219830369976,86.63205971274161,87.39039728120305,137522400
2020-06-26,85.67745971679688,88.50971291769464,85.52966510284091,88.2892372764143,205256800
2020-06-29,87.65205383300781,87.74654657742667,85.10811395697272,85.58540582946648,130646000
2020-06-30,88.38372039794922,88.6696163504572,87.22077962710664,87.24015876930861,140223200
2020-07-01,88.21656036376953,89.00397030229519,88.16810880383152,88.46126551068063,110737200
2020-07-02,88.21656036376953,89.75746488824406,88.10269587070599,89.12269252080957,114041600
2020-07-06,90.57637786865234,91.04397648582848,89.61210082402599,89.6435984064739,118655600
2020-07-07,90.29533386230469,91.7320524889195,90.18388713248098,90.95433575857336,112424400
2020-07-08,92.39830780029297,92.42980537831811,91.18448282629508,91.27170745727221,117092000
2020-07-09,92.79566955566406,93.34321735378231,91.74901813164107,93.28991545550893,125642800
2020-07-10,92.9579849243164,93.01613714978424,91.78050772022172,92.39105063414506,90257200
2020-07-13,92.52913665771484,96.86837145256374,92.31592911855529,94.26143682269026,191649200
2020-07-14,94.06036376953125,94.25175963929699,90.97856198164641,91.91133403395911,170989200
2020-07-15,94.70726013183594,96.18274459430761,93.51039621887803,95.9331964647362,153198000
2020-07-16,93.54188537597656,94.39713348994569,92.94345347342261,93.58065106367306,110577600
2020-07-17,93.35289764404297,94.14757567538506,92.88044872986721,93.99252033438566,92186800
2020-07-20,95.3202133178711,95.45831468469305,93.09608481622666,93.44012565034129,90318000
2020-07-21,94.00463104248047,96.18515083470295,93.75508296201137,96.11004463336359,103433200
2020-07-22,94.26873016357422,94.94953641432485,93.6194214977863,93.70663875417605,89001600
2020-07-23,89.97795867919922,94.07975781052636,89.16874426666178,94.00222642645338,197004400
2020-07-24,89.7550277709961,90.09906855159667,86.39218089831441,88.1777903319354,185438800
2020-07-27,91.88226318359375,91.97433076494785,90.59333922603253,90.81623268150157,121214000
2020-07-28,90.37286376953125,91.63029754160469,90.36801343757494,91.45343048257014,103625600
2020-07-29,92.10517120361328,92.28930638065711,90.81866491806582,90.85500544148256,90329200
2020-07-30,93.21963500976562,93.32381361272807,90.87194172588752,91.27897026336679,158130000
2020-07-31,102.97869110107422,103.12890351490226,97.7115189842411,99.7079111699714,374336800
2020-08-03,105.5735092163086,108.19013023936542,104.56078059833798,104.85878026409463,308151200
2020-08-04,106.27854919433594,107.36880923031337,105.04049450870605,105.76249159429877,173071600
2020-08-05,106.66376495361328,106.98357631299436,105.53473931977294,105.99992015103618,121776800
2020-08-06,110.38516998291016,110.8794231758555,106.406937145771,106.99567567916016,202428800
2020-08-07,107.8754653930664,110.36331214727882,107.07935472800354,109.90700345990237,198045600
2020-08-10,109.44342803955078,110.46041197638358,106.79538698699508,109.31964010708016,212403600
2020-08-11,106.18861389160156,109.20558233257063,105.9289051039155,108.7080157903305,187902400
2020-08-12,109.71770477294922,109.97498398938008,107.08422600127558,107.2783964791796,165598000
2020-08-13,111.65943908691406,112.66186065911528,110.60847119171306,111.09633433148385,210082000
2020-08-14,111.5599365234375,111.64974056440289,109.75169319709691,111.48469489954057,165565200
2020-08-17,111.2686767578125,112.70556367842538,110.64247058340116,112.68129051352851,119561600
2020-08-18,112.19586181640625,112.62061629597079,110.68616274132592,111.02111317320909,105633600
2020-08-19,112.33661651611328,113.74923011045664,112.24196081309763,112.60360648521876,145538000
2020-08-20,114.829345703125,114.94342292138063,112.36091202603218,112.37790398361146,126907200
2020-08-21,120.74676513671875,121.22976923366335,115.77592204362502,115.78805492165831,338054800
2020-08-24,122.19095611572266,125.03317609028124,120.32689227036526,124.94821629442238,345937600
2020-08-25,121.18850708007812,121.53316822878249,119.4676456893335,121.06472653687041,211495600
2020-08-26,122.83655548095703,123.29286429117482,121.43850421682247,122.50403462016395,163022400
2020-08-27,121.36811065673828,123.77100549354533,120.22490919644622,123.4384846629305,155552400
2020-08-28,121.1715316772461,122.75889449051752,120.94822892350749,122.3414212260646,187630000
2020-08-31,125.28070068359375,127.18360697027765,122.32927082637391,123.86324282555849,225702700
2020-09-01,130.2709503173828,130.87289803905446,126.72729105741708,128.89232070779244,151948100
2020-09-02,127.57194519042969,133.96025319602614,123.30013540143739,133.58161557752118,200119000
2020-09-03,117.35844421386719,125.08654753719104,116.98951728236517,123.21278063679146,257599600
2020-09-04,117.43610382080078,120.0962780604988,107.65947073062564,116.57203254505438,332607200
2020-09-08,109.53324890136719,115.52349838716887,109.39732807142673,110.63032628792358,231366600
2020-09-09,113.90216064453125,115.66913897859283,111.90217621343139,113.84391097205425,176940500
2020-09-10,110.18374633789062,116.98952932974198,109.22258962320309,116.85360847744802,182274400
2020-09-11,108.73714447021484,111.87304930648419,106.79540974753245,111.23227329257654,180860300
2020-09-14,111.99925994873047,112.55265405113641,109.51384186173257,111.377905426981,140150100
2020-09-15,112.17402648925781,115.36818130078377,110.30025200733317,114.8827475739342,184642000
2020-09-16,108.86334228515625,112.62060121644382,108.77596778791039,111.87303669164397,154679000
2020-09-17,107.12549591064453,108.9313097079175,105.54298485481058,106.52356291630672,178011000
2020-09-18,103.72746276855469,107.64976770036112,102.99931226553164,107.18375552641913,287104900
2020-09-21,106.87308502197266,106.97988102839547,100.09642732020315,101.49447874455225,195713800
2020-09-22,108.55267333984375,109.5720869949024,105.97988085188311,109.3973305799532,183055400
2020-09-23,103.99929809570312,108.84392339466623,103.65948864684648,108.36820053624751,150718700
2020-09-24,105.06727600097656,107.03813572764626,101.9410816453774,102.1061273331871,167743300
2020-09-25,109.00896453857422,109.16430684101944,104.53326629739041,105.27112741974788,149981400
2020-09-28,111.61088562011719,111.96039838338362,109.49439495683866,111.6594319400097,137672400
2020-09-29,110.76625061035156,111.9507099432901,110.26140285567331,111.21285610238571,99382200
2020-09-30,112.43614196777344,113.84390402616219,110.30994757365427,110.4749932403561,142675200
2020-10-01,113.38758850097656,114.29049535158379,112.45555681762868,114.21282419285578,116120400
2020-10-02,109.72742462158203,112.00896881944756,108.9507351859753,109.60121453266758,144712000
2020-10-05,113.10603332519531,113.25166489244758,110.2419779334605,110.59149073201426,106243800
2020-10-06,109.86334228515625,112.73710847512729,108.97984952644627,112.32933859803765,161498200
2020-10-07,111.72740936279297,112.18371817362878,110.80508099423795,111.28081129884058,96849000
2020-10-08,111.62061309814453,113.00895361392693,111.25167878876417,112.86332203954677,83477200
2020-10-09,113.56234741210938,113.59147224549314,111.57206651675105,111.92157933161523,100506900
2020-10-12,120.77589416503906,121.53316947743221,115.80505089927543,116.56232621166858,240226800
2020-10-13,117.57203674316406,121.73705863931524,116.1642820228976,121.62055188862823,262330500
2020-10-14,117.65941619873047,119.44580856247916,116.13515475963598,117.4749490324475,150712000
2020-10-15,117.1933822631836,117.66910513115165,114.70796452850907,115.26135855246798,112559200
2020-10-16,115.55262756347656,118.0089281560019,115.34874631090426,117.74678982617324,115393800
2020-10-19,112.60118865966797,116.9118342796432,112.29051143113706,116.46523622657561,120639300
2020-10-20,114.08661651611328,115.513792607474,112.2613812832418,112.81477533834804,124423700
2020-10-21,113.46527099609375,115.25166338254114,113.05750107559587,113.2710930798733,89946000
2020-10-22,112.37788391113281,114.60117079702067,111.2516743484804,114.02835526922215,101988000
2020-10-23,111.68856811523438,113.15457972080071,110.95070693925585,112.99923740706663,82572600
2020-10-26,111.69827270507812,113.1545734839859,109.59148528217365,110.68856994284661,111850700
2020-10-27,113.20311737060547,113.86330738232272,111.203133250019,112.12545415431511,92276800
2020-10-28,107.96045684814453,112.06722939685507,107.86337158513633,111.69830243457162,143937800
2020-10-29,111.96041870117188,113.52351567412646,108.93131000553764,109.09636307884779,146129200
2020-10-30,105.68862915039062,108.7274415434045,104.58184087142044,107.82453453612558,190272600
2020-11-02,105.60122680664062,107.45558679697702,104.19347226654686,105.93132552110745,122866900
2020-11-03,107.22260284423828,108.24200921576619,105.56242040449504,106.46532742335162,107624400
2020-11-04,111.6011734008789,112.22252777022936,109.07692034950163,110.81477339747906,138235500
2020-11-05,115.56233978271484,116.1351553723964,113.46527015302647,114.51380126430563,126387100
2020-11-06,115.43106079101562,115.92705207680842,112.94134718075708,115.07121742885344,114457900
2020-11-09,113.1261215209961,118.64043465344767,112.86353836131654,117.19134868504119,154515300
2020-11-10,112.78572082519531,114.36123445028848,110.99623930767311,112.37725487942362,138023400
2020-11-11,116.20906829833984,116.34522361614252,113.24281896631516,113.97222563450443,112295000
2020-11-12,115.936767578125,117.22052312713384,115.31434109496367,116.33551348572685,103162300
2020-11-13,115.98538208007812,116.38412051420482,114.63354904794981,116.16043996869443,81581900
2020-11-16,116.99684143066406,117.66789057082231,114.90587400574458,115.65472831052979,91183000
2020-11-17,116.11180877685547,117.35666156399112,115.69361534806072,116.26741908520137,74271000
2020-11-18,114.78916931152344,116.53002096182686,114.75999422898965,115.35324564020682,76322100
2020-11-19,115.38243103027344,115.7908970620543,113.60267663763,114.36125853091154,74113000
2020-11-20,114.11810302734375,115.50883872913519,114.06948036722605,115.38241090893905,73604300
2020-11-23,110.72393798828125,114.39042656864258,110.62668524347754,113.96250558761568,127959300
2020-11-24,112.00769805908203,112.66902713847026,109.49853707376413,110.78230006896696,113874200
2020-11-25,112.84407806396484,113.54430968345936,112.00769112066959,112.37726193090761,76499200
2020-11-27,113.3886947631836,114.26398425207363,113.02885888768483,113.36924718338975,46691300
2020-11-30,115.78117370605469,117.6484533013128,113.60267342501068,113.75828376790362,169410200
2020-12-01,119.35037231445312,120.07977891765921,116.71478401192405,117.68732614953217,127728200
2020-12-02,119.70051574707031,119.98255392256038,117.57064559900594,118.66961579736986,89004200
2020-12-03,119.56434631347656,120.38127824003541,118.85438720785504,120.1284151780445,78967600
2020-12-04,118.89328002929688,119.48653134532607,118.18332098194936,119.23366830409037,78260400
2020-12-07,120.35210418701172,121.14958854018184,118.89329080292673,118.95164096391939,86712000
2020-12-08,120.96479797363281,121.54832923828494,119.71021762648395,120.95507789382133,82225500
2020-12-09,118.43621063232422,122.49171060296122,117.67762875809393,121.11070219500817,115089200
2020-12-10,119.85609436035156,120.46880067316184,116.85094263147249,117.19133090530717,81312200
2020-12-11,119.04890441894531,119.38929273400028,117.23997517904313,119.0683519998447,86939800
2020-12-14,118.43621063232422,119.96310188222377,118.20280253715556,119.23369509240086,79184500
2020-12-15,124.36869812011719,124.3881531199314,120.72166474533367,120.92589772393254,157243700
2020-12-16,124.30062103271484,124.84524231148528,123.08494323552482,123.91161007354079,98208600
2020-12-17,125.16616821289062,126.02201002953473,124.52428685040753,125.36067366945107,94359800
2020-12-18,123.18220520019531,125.5552106694522,122.65703149372492,125.41905534776451,192541500
2020-12-21,124.70907592773438,124.78688108062977,120.06032563089732,121.5872165119075,121251600
2020-12-22,128.2588653564453,130.71939584455194,126.09008564573021,127.99627481697722,168904800
2020-12-23,127.36416625976562,128.79379001399928,127.18910090140182,128.5312142361838,88223700
2020-12-24,128.34640502929688,129.79549835924004,127.50029800003861,127.71425848740788,54930100
2020-12-28,132.93679809570312,133.56894460120503,129.8441061270866,130.31093707619408,124486200
2020-12-29,131.1667938232422,134.97915839822994,130.6513475184492,134.25948649182007,121047300
2020-12-30,130.04837036132812,132.25604575507535,129.7371496715403,131.85729981121693,96452100
2020-12-31,129.04664611816406,131.0403608931575,128.1032788564328,130.398479383972,99116600
2021-01-04,125.85671997070312,129.94139522635723,123.27948103610497,129.85386996883645,143301900
2021-01-05,127.41278076171875,128.12274743338224,124.90361946526627,125.35099552083753,97664900
2021-01-06,123.12386322021484,127.4516812419368,122.90990271047859,124.21311335164054,155088000
2021-01-07,127.32522583007812,128.015737336711,124.34924900731144,124.8355201179548,109578200
2021-01-08,128.42420959472656,128.98828589154797,126.65417554196101,128.79376556588605,105158200
2021-01-11,125.43849182128906,126.595819441527,124.97167570919714,125.64273221772613,100384500
2021-01-12,125.263427734375,126.12898962558135,123.3766936515664,124.9716621310865,91951100
2021-01-13,127.29606628417969,127.84068762018809,124.96197060419559,125.22454635131636,88636800
2021-01-14,125.37044525146484,127.40305532059554,125.22455498651907,127.20854980715394,90221800
2021-01-15,123.64901733398438,126.64444915422231,123.5128620166925,125.24398598218208,111598500
2021-01-19,124.32008361816406,125.1759255883475,123.45452156734409,124.27145353534586,90757300
2021-01-20,128.4047393798828,128.85211530015263,125.02029683978466,125.127277070296,104319500
2021-01-21,133.11184692382812,135.83496806730975,129.92190967683482,130.1261500695179,120150900
2021-01-22,135.25146484375,136.01004665089906,131.31266555904966,132.53806351525557,114459400
2021-01-25,138.99575805664062,141.106173284309,132.79093279458516,139.1416483205631,157611700
2021-01-26,139.22914123535156,140.33783872046894,137.48828243304504,139.6570621664172,98390600
2021-01-27,138.15936279296875,140.33786298237393,136.5546738638665,139.49174105337266,140843800
2021-01-28,133.32579040527344,138.0912555090123,132.94649958704122,135.68907538027003,142621100
2021-01-29,128.33668518066406,132.98543606950525,126.63473619885515,132.10041903740844,177523800
2021-02-01,130.4568328857422,131.66279076657688,127.33496534929878,130.07754195512933,106239800
2021-02-02,131.28350830078125,132.5672565949287,130.91393742770222,132.00318020332065,83305400
2021-02-03,130.2623291015625,132.04208344252265,129.94138833452192,132.03234852121233,89880900
2021-02-04,133.61756896972656,133.62728904915303,130.89444790890877,132.55750155942113,84183100
2021-02-05,133.20359802246094,133.84643851699295,132.32700815681875,133.77826657108233,75693800
2021-02-08,133.3497314453125,133.39843419416206,131.411474992241,132.49261062393538,71297200
2021-02-09,132.47312927246094,134.29451105529114,132.31730127973145,133.06726715184539,76774200
2021-02-10,131.86927795410156,133.4276770274743,130.90501685547775,132.9309297060643,73046600
2021-02-11,131.6160125732422,132.84324151471785,130.29137814000228,132.36597838425936,64280000
2021-02-12,131.8497314453125,132.00557425125427,130.21342656888774,130.85626699690658,60145100
2021-02-16,129.72647094726562,132.47313069680968,129.33686380627134,131.96666370650627,80576300
2021-02-17,127.43754577636719,128.78166409146453,126.103176926271,127.83688742969167,97918500
2021-02-18,126.33697509765625,126.61942728077476,124.09678225798234,125.8402278328021,96856700
2021-02-19,126.4927978515625,127.31096541209789,125.45063033694109,126.85318631272438,87668800
2021-02-22,122.72342681884766,126.34669108531578,122.33382715227125,124.68115232492676,103916400
2021-02-23,122.58708190917969,123.4149766498793,115.31133387912055,120.54169271715817,158273000
2021-02-24,122.09034729003906,122.29488547484925,119.0514857660057,121.691012957123,111039900
2021-02-25,117.8437271118164,123.17148430278391,117.40543205845579,121.43777330096201,148199500
2021-02-26,118.1067123413086,121.60335309106918,118.04826755034811,119.40212088348072,164560400
2021-03-01,124.4668960571289,124.60325484384613,119.5969181572381,120.53195302229754,116307900
2021-03-02,121.8663330078125,125.3727157063762,121.75919289657611,125.07077944616279,102260900
2021-03-03,118.88589477539062,122.44098002866822,118.6716145648539,121.56438254510716,112966300
2021-03-04,117.00608825683594,120.38585416346811,115.53536025738819,118.58396379730593,178155000
2021-03-05,118.26253509521484,118.7690169305712,114.5126538027712,117.83398211644732,153766600
2021-03-08,113.33411407470703,117.85345248459532,113.18801326724598,117.7852730985796,154376600
2021-03-09,117.94112396240234,118.88590088596752,115.70093853482196,115.93469539878758,129525800
2021-03-10,116.85999298095703,118.99303824849771,116.34376908141869,118.52552453136408,111943300
2021-03-11,118.78849792480469,120.00599237807343,118.10670400337277,119.35341713456053,103026500
2021-03-12,117.88267517089844,118.01903394756955,116.06130832636462,117.26906067587845,88105100
2021-03-15,120.76569366455078,120.77543569972144,117.28853020817765,118.25279105319385,92403800
2021-03-16,122.30462646484375,123.91172068145192,121.47673169598399,122.43124321692929,115227900
2021-03-17,121.51570129394531,122.58709503966791,119.15862613615897,120.82416526324258,111932600
2021-03-18,117.39569091796875,119.97678079779097,117.19115272943903,119.68457913932171,121229700
2021-03-19,116.86973571777344,118.27229182875169,116.5677994448256,116.78207967633583,185549500
2021-03-22,120.18128967285156,120.64881072616973,117.1326868002608,117.20086617980772,111912300
2021-03-23,119.35343933105469,121.00922912303349,118.96383954735445,120.12289686033829,95467100
2021-03-24,116.96710968017578,119.7040419397164,116.94763304087101,119.62612052050626,88530500
2021-03-25,117.45411682128906,118.4962991670475,115.90546750304253,116.43142597838931,98844700
2021-03-26,118.0580062866211,118.32098926109825,115.82755546141085,117.22036947257719,94071200
2021-03-29,118.23331451416016,119.3923715504468,117.59048134086395,118.48655542775977,80819200
2021-03-30,116.7820816040039,117.26907943602144,115.76912522168777,116.9866198017316,85671900
2021-03-31,118.97356414794922,120.30793336547684,117.99956854695249,118.48656634745086,118323800
2021-04-01,119.80144500732422,120.95075998024407,119.30470522783453,120.44428559619276,75089100
2021-04-05,122.62604522705078,122.87928615898178,119.86963594729222,120.6488353850815,88651200
2021-04-06,122.92798614501953,123.82406033078875,122.3825509764638,123.21044576616356,80171300
2021-04-07,124.57402038574219,124.59349702523619,121.88579084483872,122.55785008781349,83466700
2021-04-08,126.97005462646484,126.99927330265552,125.17790646414029,125.59671739753477,88844600
2021-04-09,129.54139709472656,129.58035037412546,126.1031942856078,126.42461457311639,106686700
2021-04-12,127.82718658447266,129.39532007888374,127.23304868008105,129.07389975073812,91420000
2021-04-13,130.93418884277344,131.15821847574705,128.4992004477625,128.99594759201815,91266500
2021-04-14,128.59664916992188,131.48941754486856,128.2362755221187,131.43098018165665,87222800
2021-04-15,131.00241088867188,131.48940869866695,130.16477406100063,130.34010100083557,89347100
2021-04-16,130.67123413085938,131.16796646381349,129.81411337251544,130.80759290041487,84922400
2021-04-19,131.33360290527344,131.9472250749177,129.87260906288077,130.03818658157886,94264200
2021-04-20,129.64852905273438,132.00559615119002,128.3823320528723,131.5088638445784,94812300
2021-04-21,130.0283966064453,130.27189547649485,127.88560952240783,128.91804235349915,68847100
2021-04-22,128.5089569091797,130.66147844484067,127.99274053029319,129.58034294411806,84566500
2021-04-23,130.82705688476562,131.60624124145804,128.72322345292264,128.72322345292264,78657500
2021-04-26,131.21665954589844,131.54781441014728,130.0868213316481,131.3237996328013,66905100
2021-04-27,130.89527893066406,131.88875868630524,130.62256132903624,131.49915149684074,66015800
2021-04-28,130.1063690185547,131.50892543763737,129.61937108759528,130.81738183639615,107760100
2021-04-29,130.00892639160156,133.50558183329358,129.00571212903608,132.92117853809344,151101000
2021-04-30,128.0414581298828,130.08683981317637,127.66160046998598,128.3531289693404,109839500
2021-05-03,129.0933380126953,130.5835645811877,128.40180963228673,128.6063403344398,75135100
2021-05-04,124.52533721923828,128.070688075214,123.40524078183631,127.77848641989287,137564700
2021-05-05,124.76885223388672,127.05773315883954,124.6422280399721,125.84023856195147,84000900
2021-05-06,126.3662109375,126.37594554444907,123.82407406523244,124.5643128982338,78128300
2021-05-07,127.03937530517578,128.0637957522919,126.3271401858517,127.66379062246624,78973300
2021-05-10,123.76118469238281,126.38567778466182,123.72215780429457,126.25885342470616,88071200
2021-05-11,122.8440933227539,123.19532046962064,119.78054551827158,120.4927732833166,126142800
2021-05-12,119.78054809570312,121.60501628867115,119.27321336720668,120.39521236408822,112172300
2021-05-13,121.92697143554688,123.07823863645709,121.23426088704589,121.54646856304096,105861300
2021-05-14,124.34659576416016,124.7758841676664,122.7855571745272,123.17581868284023,81918000
2021-05-17,123.19532012939453,123.83925269137897,122.12210663637244,123.7319305977149,74244600
2021-05-18,121.8099136352539,123.8978042561465,121.74161842592076,123.47827441492306,63342900
2021-05-19,121.65379333496094,121.87818865261369,119.86835215925528,120.16105011854478,92612000
2021-05-20,124.2099838256836,124.61000384937135,122.05379848438088,122.18063773268084,76857100
2021-05-21,122.37577056884766,124.88319058200729,122.16112639405591,124.70757329750661,79295400
2021-05-24,124.0051040649414,124.82465387319235,122.87335402183648,122.94164921888921,63092900
2021-05-25,123.80998229980469,125.19541091008112,123.24410353248182,124.7075784829674,72009500
2021-05-26,123.76118469238281,124.28803651614747,123.34165494995638,123.86850677372105,56575900
2021-05-27,122.22943115234375,124.5319657543007,122.03430412924318,123.36118872845968,94625600
2021-05-28,121.57572937011719,122.73675508280117,121.51719276060966,122.51235234032615,71311100
2021-06-01,121.2537612915039,122.29770632572136,120.92204391783555,122.03428414331518,67637100
2021-06-02,122.01480102539062,122.19041834387204,121.02939976844125,121.25379512651105,59278900
2021-06-03,120.53179931640625,121.80989840712398,120.13177925202119,121.64403969713835,76229200
2021-06-04,122.82456970214844,123.08799935298282,120.83424294183042,121.04888711847525,75169300
2021-06-07,122.8343276977539,123.24409888195902,121.79038257021139,123.09774990370911,71057600
2021-06-08,123.65388488769531,125.33201160333881,123.13679155370112,123.51729447658813,74403800
2021-06-09,124.03437805175781,124.63928371308171,123.43923097435068,124.1124318358548,56877900
2021-06-10,123.03922271728516,125.06857651400928,122.87336400291547,123.9270603510902,71186400
2021-06-11,124.24901580810547,124.3368281715762,123.02945340825438,123.44898317154788,53522400
2021-06-14,127.30281066894531,127.36134728829198,123.9758479654745,124.70758548178374,96906500
2021-06-15,126.48329162597656,127.41992237053559,126.23937907541064,126.7759896641038,62746300
2021-06-16,126.98085021972656,127.70283662845416,125.33201411236685,127.19549442536886,91815000
2021-06-17,128.58087158203125,129.3223749059046,126.49298175181782,126.63933814390342,96721700
2021-06-18,127.2833023071289,128.30772287123602,127.06865812161917,127.52721480091387,108953300
2021-06-21,129.0784912109375,129.18581330080102,126.063736441913,127.1271913132279,79663300
2021-06-22,130.71762084960938,130.81519183288202,128.41508558444835,128.91267675700027,74783600
2021-06-23,130.44439697265625,131.04931007255976,129.98584029942936,130.51269961588608,60214200
2021-06-24,130.1614532470703,131.36149842351492,129.69313058879897,131.1761225655203,68711000
2021-06-25,129.86875915527344,130.6297648884673,129.57606120699057,130.2102425761428,70783700
2021-06-28,131.49813842773438,131.95669523246048,130.10296572752944,130.1615023600917,62111300
2021-06-29,133.0103759765625,133.16648356087228,131.07859300425446,131.51763255879192,64556100
2021-06-30,133.62501525878906,134.06405473109936,132.5615455661884,132.85424351014055,63261400
2021-07-01,133.92745971679688,133.98599632611845,132.45421890843855,133.27377610064684,52485800
2021-07-02,136.55198669433594,136.59100614570704,134.39579354693674,134.54213509862615,78852600
2021-07-06,138.56182861328125,139.6643030810213,136.65931393358588,136.65931393358588,108181800
2021-07-07,141.04971313476562,141.36191336128311,139.1862182535438,140.04478004189397,104911600
2021-07-08,139.75213623046875,140.55216163148216,137.24470813835896,138.1325533693018,105575500
2021-07-09,141.5765380859375,142.1033824089943,139.1764331121068,139.2740040435633,99890800
2021-07-12,140.98143005371094,142.75712026323748,140.49360503622404,142.64979816390084,76299700
2021-07-13,142.0936737060547,143.8693639556699,140.1326224508896,140.52287651879445,100827100
2021-07-14,145.51817321777344,145.92795926693185,144.08396670742601,144.49375275658443,127050800
2021-07-15,144.86451721191406,146.34750947636803,143.50836421958925,145.60602078776031,106820300
2021-07-16,142.82537841796875,146.11331359035626,142.32780236268064,144.84498071759424,93251400
2021-07-19,138.98133850097656,140.56190161268026,138.2203326975493,140.24968646910114,121434600
2021-07-20,142.59121704101562,143.51809629152285,139.4789065811411,139.96673149730913,96350000
2021-07-21,141.85948181152344,142.57171691870616,141.108242148076,141.98632105555998,74993500
2021-07-22,143.22540283203125,144.59130668501456,142.25950410848452,142.38634335455993,77338200
2021-07-23,144.94253540039062,145.09864294509043,143.3424702853048,143.9571344380385,71447400
2021-07-26,145.36209106445312,146.18163344756866,144.10349429509156,144.6596219111436,72434100
2021-07-27,143.19615173339844,145.5767400665626,142.00585756681636,145.48892025406204,104818600
2021-07-28,141.44973754882812,143.391286472983,139.06914908747908,141.28387882976534,118931200
2021-07-29,142.0936737060547,142.9815188308623,141.05948702759235,141.16680912935195,56699500
2021-07-30,142.30831909179688,142.7668758133756,140.60093147786202,140.86436116386733,70440600
2021-08-02,141.9765625,143.37173456258094,141.7131328866216,142.79610475580563,62880000
2021-08-03,143.7717742919922,144.43520909857267,141.64484970305608,142.2595139229218,64786600
2021-08-04,143.37179565429688,144.1913382593153,142.7181117988245,143.6840108679653,56368300
2021-08-05,143.4790496826172,144.24005529573455,142.61072200163795,143.40099591624184,46397700
2021-08-06,142.79510498046875,143.74290453377364,142.29678337483543,143.0003050001657,54126800
2021-08-09,142.74624633789062,143.34228507821692,142.18930041536296,142.8537292225246,48908700
2021-08-10,142.2675018310547,144.3292085832048,141.97436527249621,143.08827226738262,69023100
2021-08-11,142.52154541015625,143.3618622586966,142.19909668704307,142.7071990606952,48493500
2021-08-12,145.48219299316406,145.63853447846216,142.50199865892714,142.8439937943236,72282600
2021-08-13,145.68739318847656,146.0196076628779,144.87638850599475,145.56036386786354,59375000
2021-08-16,147.6611328125,147.72953779617734,143.117568833467,145.1401825389347,103296000
2021-08-17,146.75241088867188,148.20829780218608,145.67758203815535,146.79148879708086,92229700
2021-08-18,143.0100860595703,147.27029417589944,142.80488601790597,146.37135309386304,86326000
2021-08-19,143.34228515625,144.61253336364982,141.1926423719419,141.71051038649435,86960300
2021-08-20,144.79818725585938,145.10108950161558,143.42045616108942,144.06535347049768,60549600
2021-08-23,146.28338623046875,146.75239563031982,144.50503593715925,144.91542102572143,60131800
2021-08-24,146.1954803466797,147.40710449199298,145.73623655262395,146.02937310982574,48606400
2021-08-25,144.9643096923828,146.8794554129226,144.41712946066949,146.3811188443998,58991300
2021-08-26,144.16305541992188,145.70689371393732,144.13374326132688,144.95452843061085,48597200
2021-08-27,145.19879150390625,145.3453522818871,143.4692997760321,144.1044163600025,55802400
2021-08-30,149.6153564453125,149.97689795560206,145.20858752404757,145.58966053577964,90956700
2021-08-31,148.35488891601562,149.30268857096087,147.82724018566304,149.1658935130071,86453100
2021-09-01,149.01931762695312,151.43278500420377,148.85321040744938,149.33200056452,80313700
2021-09-02,150.13319396972656,151.1787105563669,148.91180444862712,150.34815971820325,71115500
2021-09-03,150.7683563232422,151.0908050119508,149.58604446464392,150.24070759279422,57808700
2021-09-07,153.1036376953125,153.66058362239795,150.8562777588282,151.4230043452141,82278300
2021-09-08,151.55978393554688,153.4456022050819,150.45564303417842,153.38697789342345,74420200
2021-09-09,150.54364013671875,152.53694188624507,150.42637656824454,151.93113726904932,57305700
2021-09-10,145.5603485107422,151.92134106933233,145.2965241455898,151.45233157203938,140893200
2021-09-13,146.1270751953125,147.9542695218118,145.34538275990522,147.18235774668085,102404300
2021-09-14,144.7297821044922,147.61227358439965,143.5474852815467,146.9087519585389,109296300
2021-09-15,145.6190185546875,146.01963810356514,143.01989672820292,145.15977466393468,83281300
2021-09-16,145.38446044921875,145.56034832894838,143.85040265204483,145.0424802595639,68034100
2021-09-17,142.71694946289062,145.41378761722353,142.4238129361749,145.41378761722353,129868800
2021-09-20,139.6683807373047,141.5248874282257,138.03660561412693,140.50869758793672,123478900
2021-09-21,140.1471405029297,141.29037444715544,139.51202378684255,140.6356964105484,75834000
2021-09-22,142.51174926757812,143.0784609405733,140.4109501394529,141.14378392401113,76404300
2021-09-23,143.4693145751953,143.71359250338787,142.30654925147212,143.29342671393508,64838200
2021-09-24,143.55726623535156,144.09468071612673,142.22839356904527,142.32611071447462,53477900
2021-09-27,142.04270935058594,142.61921652920344,140.52819828937186,142.1404264749726,74150700
2021-09-28,138.66192626953125,141.43691994614318,138.44696050068399,139.97125238193445,108972300
2021-09-29,139.56085205078125,141.1437680766469,138.77915978644447,139.2090912773067,74602000
2021-09-30,138.2613067626953,141.075393254431,138.04634099404652,140.37187163149707,89056700
2021-10-01,139.38497924804688,139.64880358400276,135.9260103602956,138.65214546670163,94639600
2021-10-04,135.95530700683594,138.95504676613083,135.10522468851968,138.5153346198599,98322000
2021-10-05,137.88021850585938,138.9843593851802,136.1702732054442,136.29730248452776,80861100
2021-10-06,138.7498779296875,138.8964387383312,135.20295726507902,136.27778622694314,83221100
2021-10-07,140.01036071777344,140.9190825580318,139.45341467529775,139.78562915042673,61732700
2021-10-08,139.62924194335938,140.87994360098938,139.29702757701324,140.73338282452485,58773200
2021-10-11,139.5413360595703,141.49555969160025,138.56422424355534,139.0137022391212,64452200
2021-10-12,138.27105712890625,139.97123668009885,137.81181348420836,139.95169027343047,73035900
2021-10-13,137.68482971191406,138.163604960137,136.01396194464323,138.00727840066958,78762700
2021-10-14,140.46958923339844,140.58685278975153,138.27108764845218,138.85736070158842,69907100
2021-10-15,141.52484130859375,141.58346561937512,140.22528108462743,140.47933964406647,67940300
2021-10-18,143.19573974609375,143.47909561279081,139.88333128324254,140.1666871499396,85589200
2021-10-19,145.3551483154297,145.75576773810008,143.19573955238386,143.64520263819782,76378900
2021-10-20,145.8436737060547,146.3224637629304,144.7297670657769,145.29649358936246,58418800
2021-10-21,146.0586700439453,146.21501151275598,144.48551942420278,145.40400691653662,61421000
2021-10-22,145.28677368164062,146.7426608994433,145.2379151037615,146.26388560104417,58883400
2021-10-25,145.23789978027344,145.95118723150932,144.24124155296286,145.27697769272697,50720600
2021-10-26,145.90232849121094,147.38752756365847,145.5994113354405,145.91209424092938,60893400
2021-10-27,145.443115234375,146.30296358535784,145.0913543468451,145.94143694606547,56094900
2021-10-28,149.07794189453125,149.66419997930225,146.29316753585874,146.3908846714247,100077900
2021-10-29,146.3713836669922,146.50817875349358,143.05897451355807,143.85043286471236,124953200
2021-11-01,145.5506134033203,146.27366675771924,144.417159879151,145.57992557122589,74588300
2021-11-02,146.58628845214844,148.10081443519022,145.2476354029817,145.25741606122364,69122000
2021-11-03,148.02268981933594,148.4916993652847,146.39091470548655,146.94786074576106,54511500
2021-11-04,147.50479125976562,148.94113176601576,147.192108353955,148.11059575284676,60394600
2021-11-05,148.03321838378906,148.93347149692437,146.83940090236302,148.63012712450208,65463900
2021-11-08,147.21121215820312,148.31696452355757,146.93722280009231,148.1603949099799,55020900
2021-11-09,147.5732879638672,148.17997664131613,146.83938459031998,146.97637928946335,56787900
2021-11-10,144.7453155517578,146.9078907486886,144.67682566721112,146.8002509889988,65187100
2021-11-11,144.6963653564453,146.22288178403127,144.5104408038777,145.76298280044355,41000000
2021-11-12,146.77090454101562,147.17209373098063,144.3147648635999,145.24437287945577,63804000
2021-11-15,146.78067016601562,148.62032601011296,146.22289645235986,147.14272437440852,59222800
2021-11-16,147.7592315673828,148.2387205417783,146.13485497458598,146.72198372154762,59256200
2021-11-17,150.19580078125,151.67338776419928,147.74945581731131,147.75923582189736,88807000
2021-11-18,154.48175048828125,155.26458367795593,149.76520627698585,150.41104477831504,137827700
2021-11-19,157.104248046875,157.5641620110988,153.1705218782956,154.2664794451428,117305600
2021-11-22,157.56414794921875,162.14369731452808,157.54457301404287,158.20997149701574,117467900
2021-11-23,157.94578552246094,158.3274146566765,155.64621578340464,157.66200120676388,96041900
2021-11-24,158.4644317626953,158.66013635871653,156.2137915801923,157.2999692591092,69463600
2021-11-26,153.44448852539062,157.00636502097973,153.0041495633598,156.14526203093936,76959800
2021-11-29,156.8009033203125,157.73051124922804,155.38201155737082,155.9495652762871,88748200
2021-11-30,161.7522735595703,161.9675530331192,156.4877363212738,156.556241122539,174048100
2021-12-01,161.23367309570312,166.6449857878265,160.99881865483053,163.88550209995378,152052500
2021-12-02,160.24533081054688,160.6758897940943,154.41325439149716,155.33308223247562,136739200
2021-12-03,158.36656188964844,161.41961013164072,156.29206642790317,160.49978216462458,118023100
2021-12-06,161.77188110351562,164.27693555746282,160.7541933995356,160.76397340255957,107497000
2021-12-07,167.506103515625,167.89752761795768,164.72705957992557,165.4511829707639,120405400
2021-12-08,171.3224334716797,172.1835516828611,167.03643228768738,168.43574938085717,116998900
2021-12-09,170.8135528564453,172.95655298827864,170.18728927314578,171.15604705270513,108923700
2021-12-10,175.59861755371094,175.77476213435622,170.94078267392138,171.4496265464153,115402700
2021-12-13,171.9682159423828,178.22107107247726,171.7627164613835,177.232738467209,153237000
2021-12-14,170.58848571777344,173.92530298904865,168.51399049049428,171.48873864529648,139380400
2021-12-15,175.45184326171875,175.6475478496639,168.6118581679586,171.35176719309973,131063300
2021-12-16,168.56289672851562,177.25231617436867,167.08531019517628,175.43223547777242,150185800
2021-12-17,167.4669647216797,169.74695967221308,166.0480878451819,166.28292736988075,195432700
2021-12-20,166.1068115234375,166.91899978685493,163.86596626176092,164.66835958996737,107499100
2021-12-21,169.27723693847656,169.48272148768493,165.49028600162353,167.87792030585337,91185900
2021-12-22,171.87037658691406,172.08565609490324,168.45527432954148,169.32617236411534,92135300
2021-12-23,172.4966278076172,173.0544014741378,171.50831008728667,172.07586375572322,68356600
2021-12-27,176.45974731445312,176.54781214494253,173.26971902697096,173.28927903509933,74919600
2021-12-28,175.44203186035156,177.43825729141835,174.69834852343934,176.29336988152778,79144300
2021-12-29,175.53012084960938,176.75329313798875,174.3167285642682,175.48119097181373,62348900
2021-12-30,174.3754425048828,176.69458737092964,174.26780274374727,175.61818975957434,59773000
2021-12-31,173.7589874267578,175.38334904304386,173.45562812611084,174.2678163999058,64062300
2022-01-03,178.10366821289062,178.9550062933326,173.89596741451703,174.0133871781769,104487900
2022-01-04,175.84324645996094,179.01371442958575,175.27569272230144,178.71037008888723,99310400
2022-01-05,171.1658477783203,176.30317175638402,170.8918583606612,175.75519292106577,94537600
2022-01-06,168.30848693847656,171.53766438344002,167.95621276391145,168.99346035254746,96904000
2022-01-07,168.47488403320312,170.4026050689991,167.3593513212815,169.17943258086993,86709100
2022-01-10,168.4944305419922,168.79777487885306,164.56070430318124,165.4511773077938,106765600
2022-01-11,171.3224334716797,171.42027831211996,167.15386700004245,168.62167398838997,76138300
2022-01-12,171.76272583007812,173.37730710526796,171.06797240622825,172.34005950483805,74805200
2022-01-13,168.4944305419922,172.82934594142114,168.10300645305696,172.00737775161056,84505800
2022-01-14,169.3555450439453,170.05029852382498,167.4180294399018,167.66266389110206,80440800
2022-01-18,166.15573120117188,168.83691537487223,165.77410203397278,167.82902257608225,90956700
2022-01-19,162.66233825683594,167.40825267441707,162.37856885772902,166.35143003303915,94815000
2022-01-20,160.979248046875,166.03828667936338,160.65632878123083,163.3962376065405,91420500
2022-01-21,158.92431640625,162.76018251834915,158.81667665863466,160.8911718694381,122848900
2022-01-24,158.15130615234375,158.81671975397313,151.37982501105924,156.58565431735994,162294600
2022-01-25,156.3507843017578,159.26682305990172,153.65002507588994,155.56795099632697,115798400
2022-01-26,156.26271057128906,160.8618354481178,154.43284958250229,159.99093736491258,108275300
2022-01-27,155.8027801513672,160.3236197319786,154.88295228679408,158.9634528706825,121954600
2022-01-28,166.67433166503906,166.69390660020625,159.30594382680772,162.15349217595866,179935700
2022-01-31,171.02880859375,171.2440880703996,165.87191101795182,166.5079694467073,115541600
2022-02-01,170.8625030517578,171.08756258764447,168.61186289898112,170.27537434014533,86213900
2022-02-02,172.06607055664062,172.10522042730014,169.60994623393472,170.99946801633135,84914300
2022-02-03,169.1891632080078,172.45749049022623,168.42590499267487,170.7352545735362,89418100
2022-02-04,168.9050750732422,170.5805134014752,167.22963674500915,168.20942139418403,82465400
2022-02-07,168.1898193359375,170.43351937589156,167.49416572772904,169.36555780513737,77251200
2022-02-08,171.2957305908203,171.80522273077705,167.96445422996524,168.2583925780297,74829200
2022-02-09,172.71641540527344,173.07893089654075,171.36430797248656,172.49106914991745,71285000
2022-02-10,168.64053344726562,171.93261055270034,168.08206395678414,170.61970267650963,90865900
2022-02-11,165.23085021972656,169.58109560057568,164.64297356543503,168.84625725787345,98670700
2022-02-14,165.46600341796875,166.1518495458794,163.19289630795137,163.98651932384257,86185500
2022-02-15,169.29698181152344,169.45375094241317,166.80833539753965,167.51378153621621,62527400
2022-02-16,169.06182861328125,169.83585183660028,166.6123672162483,168.3759824121772,61177400
2022-02-17,165.46600341796875,168.43474911832254,165.06428820364812,167.57253401447812,69589300
2022-02-18,163.91796875,167.0924613280084,162.83040723152354,166.3870301609273,82772700
2022-02-22,160.99822998046875,163.32031494834902,158.87208401329053,161.6448765238355,91162800
2022-02-23,156.83412170410156,162.7911986729469,156.52058346872764,162.19352949330056,90009200
2022-02-24,159.4501495361328,159.5579264390306,148.9272576589058,149.49553451506446,141147500
2022-02-25,161.5175018310547,161.78203291625664,157.617948249187,160.5279097890242,91974200
2022-02-28,161.78204345703125,162.0759818545117,159.1464202451589,159.76368938483503,95056600
2022-03-01,159.90081787109375,163.23209394256236,158.69568719407653,161.37049453342058,83474400
2022-03-02,163.19290161132812,163.97673219026618,159.65587901852524,161.0667710705488,79724800
2022-03-03,162.8695831298828,165.49541352335572,162.203336805619,165.06430592514928,76678400
2022-03-04,159.87142944335938,162.2033212553789,158.82306783943153,161.16475211398938,83737200
2022-03-07,156.07968139648438,161.6840502038395,155.82492784594277,160.05760426701897,96418800
2022-03-08,154.2572784423828,159.58730866544224,152.65043241487155,155.60938587479396,131148300
2022-03-09,159.65585327148438,160.1065606405456,156.18742332820318,158.21556911317273,91454900
2022-03-10,155.31546020507812,157.1476526374479,152.82679892923494,156.96149116992498,105342000
2022-03-11,151.60205078125,156.06007322521145,151.37670453340775,155.71714267170483,96970100
2022-03-14,147.5751495361328,151.00439558659642,147.06567231572745,148.38837253642478,108732100
2022-03-15,151.9547882080078,152.4250955746164,147.34001116939965,147.8494883910694,92964300
2022-03-16,156.3638153076172,156.76553056777536,151.3375306500096,153.8751690879972,102300200
2022-03-17,157.3729705810547,157.74529344907543,154.44342469949348,155.40360925613626,75615400
2022-03-18,160.6650390625,161.15493125437885,156.53034776701656,157.26518605483486,123511700
2022-03-21,162.03677368164062,162.9871658912754,159.71467413165345,160.2045664067095,95811400
2022-03-22,165.4072265625,165.9950882926474,161.5762655771906,162.164127307338,81532000
2022-03-23,166.76914978027344,169.1500192740017,164.2608885491977,164.59402668830268,98062700
2022-03-24,170.55113220214844,170.61970935790146,166.76916261119956,167.60197064721902,90131400
2022-03-25,171.1879425048828,171.73661941189775,169.2577659174967,170.3649271443604,80546200
2022-03-28,172.0501708984375,172.1775327221898,168.52294058057433,168.6895021580393,90371900
2022-03-29,175.34222412109375,175.39120138120336,172.77517880756406,173.11810933027303,100589400
2022-03-30,174.17628479003906,175.97908457885987,173.12790825883917,174.9405154603071,92633200
2022-03-31,171.08018493652344,174.43104638306448,170.87442359799343,174.2448849220912,103049300
2022-04-01,170.7862091064453,171.34469336684182,168.4641249613338,170.51187068214196,78751300
2022-04-04,174.832763671875,174.88175589117134,170.91362533338986,171.04100211349504,76468400
2022-04-05,171.52108764648438,174.6955950948926,170.89402610794616,173.91176443413826,73401800
2022-04-06,168.3563995361328,170.12001491015783,166.69076860801428,168.87568420871693,89058800
2022-04-07,168.66009521484375,169.85543344405016,166.41639539463952,167.69991063657648,77594700
2022-04-08,166.6515655517578,168.30740398265033,165.7795578216243,168.30740398265033,76575500
2022-04-11,162.3992919921875,165.61298417615765,162.1543458504195,165.29946088886413,72246700
2022-04-12,164.2706756591797,166.4359910689201,163.27129126604743,164.62339868320723,79265200
2022-04-13,166.95530700683594,167.58236861722457,163.39869870978032,164.00616044006455,70618900
2022-04-14,161.94857788085938,167.80770011623432,161.70363174912274,167.17083120352376,75329400
2022-04-18,161.73304748535156,163.23211669383912,160.2633706181813,160.60628625032533,69023900
2022-04-19,164.0159149169922,164.4274375522312,160.59647667199232,161.6840380358106,67723800
2022-04-20,163.849365234375,165.4660187034269,162.74221886501599,165.34843439183405,67929800
2022-04-21,163.0557098388672,168.062408468632,162.55602520215882,165.49537825406796,87227800
2022-04-22,158.51931762695312,164.47640880332085,158.23518671810965,163.09492410815207,84882400
2022-04-25,159.58731079101562,159.87144172970685,155.2566649146805,157.862880430984,96046400
2022-04-26,153.6302490234375,159.05824986254345,153.5518644508096,158.9700728247103,95623200
2022-04-27,153.40487670898438,156.55976925790796,152.23893068313222,152.75821530720194,88063200
2022-04-28,160.33192443847656,161.19413952588084,155.71713316880462,156.0306713643422,130216800
2022-04-29,154.46302795410156,162.84018882642286,154.07112011517893,158.568327600733,131747600
2022-05-02,154.7667694091797,155.03130046543404,150.17157761678854,153.54203875876948,123055300
2022-05-03,156.25604248046875,157.46118829235783,153.15993453329665,154.95292717961667,88966500
2022-05-04,162.66384887695312,163.11454143572888,156.04049519291306,156.44221048032446,108256500
2022-05-05,153.60081481933594,160.76303686900772,151.8175999162394,160.5376906280676,130525300
2022-05-06,154.326904296875,156.44635165846242,151.28510401095104,153.08074566682737,116124600
2022-05-09,149.20494079589844,152.90416000742098,148.6456508199546,152.0210492953049,131577900
2022-05-10,151.6089324951172,153.79707304983472,150.05859659800515,152.59997843272657,115366700
2022-05-11,143.7493133544922,152.53126499841446,143.0722664113859,150.61788122808568,142689800
2022-05-12,139.88327026367188,143.4549244941829,136.1938739617852,140.08933386086713,182602000
2022-05-13,144.34788513183594,145.31930242919321,140.422988536555,141.8751960845671,113990900
2022-05-16,142.80734252929688,144.7501769403197,141.4728772141811,142.8171643521235,86643800
2022-05-17,146.43788146972656,146.95792901438662,143.9259353445969,146.0650115425021,78336300
2022-05-18,138.17601013183594,144.5932103275883,137.27327061969143,144.09279133540988,109742900
2022-05-19,134.7711181640625,139.0001910759216,134.03520018713232,137.25361360845713,136095600
2022-05-20,135.00660705566406,138.05821430560903,130.12011571020568,136.47844306099526,137426100
2022-05-23,140.42298889160156,140.5701665253798,135.06549843768857,135.20286921997902,117726300
2022-05-24,137.724609375,139.3043807072169,134.75150167714628,138.1661572066265,104132700
2022-05-25,137.88160705566406,139.12775081330722,135.7425308510417,135.83083742178036,92482700
2022-05-26,141.08041381835938,141.62989697300142,134.56508575048807,134.8103917996885,90601500
2022-05-27,146.8303680419922,146.869610416665,142.5326018592053,142.6601657784012,90978500
2022-05-31,146.04539489746094,147.8312299883083,144.08294665114528,146.27108722583742,103718400
2022-06-01,145.9178466796875,148.8909545900905,144.90717205322113,147.08549081541827,74286600
2022-06-02,148.3709259033203,148.42979696294097,144.1025944132952,145.05438313661304,72348100
2022-06-03,142.6503448486328,145.19171132509297,141.74762059734428,144.14179449565412,88570300
2022-06-06,143.3960723876953,145.78045445382116,142.17934925780943,144.2693611343495,71598400
2022-06-07,145.9178466796875,146.20239508903217,141.39440285018887,141.63970888221743,67808200
2022-06-08,145.1819305419922,147.0560572730291,144.69131847131706,145.79028471849585,53950200
2022-06-09,139.9618377685547,145.17213656291415,139.85390249341205,144.3184761873374,69473000
2022-06-10,134.55528259277344,138.1171163437947,134.4865897104107,137.64613290864105,91437900
2022-06-13,129.4038543701172,132.6615109809625,128.97211331960065,130.37525676148604,122207100
2022-06-14,130.2672882080078,131.37607607962988,129.0113227305463,130.63035125622758,84784300
2022-06-15,132.88717651367188,134.7613181921413,129.67858439406757,131.76858160626196,91533000
2022-06-16,127.61798858642578,129.90424225906582,126.61713593346167,129.60006522049088,108123900
2022-06-17,129.08984375,130.58130861525225,127.37270152778396,127.62782938306579,134520300
2022-06-21,133.31890869140625,134.48656772231706,130.8167993077871,130.91491273074396,81000500
2022-06-22,132.80870056152344,135.17343948860204,131.395735327504,132.2592024365102,73409200
2022-06-23,135.67384338378906,135.98782727058793,133.08341268546732,134.2510716127321,72433800
2022-06-24,139.00021362304688,139.24551965514786,137.1457006192552,137.27324957478913,89116800
2022-06-27,139.00021362304688,140.79585557470105,138.32316657888146,140.02068012877845,70207900
2022-06-28,134.85943603515625,140.72715167094702,134.74169394010806,139.46137923230657,67083400
2022-06-29,136.6158447265625,138.0288100068747,134.1039131048046,134.8790886274478,66242400
2022-06-30,134.1529541015625,135.77196780465343,131.2583461315228,134.67300165333307,98964500
2022-07-01,136.32144165039062,136.42937688810812,133.11284998534265,133.48570492012948,71051600
2022-07-05,138.90206909179688,138.95113328697806,134.35899711370092,135.18323666479031,73353800
2022-07-06,140.236572265625,141.41403840686974,138.43112318423007,138.6960579320058,74064300
2022-07-07,143.60214233398438,143.79838414491758,140.58977738452884,140.59958423477383,66253700
2022-07-08,144.27919006347656,144.7796239540416,142.2774994180926,142.5326123028861,64547800
2022-07-11,142.14991760253906,143.88668829327412,141.08038702449986,142.93489980535588,63141600
2022-07-12,143.121337890625,145.66270453987497,142.32654882035914,143.0232094985196,77588800
2022-07-13,142.7582550048828,143.70022146149273,139.45152064198277,140.30519552287615,71185600
2022-07-14,145.68231201171875,146.1532952862436,140.56032211285975,141.3747397374832,78140700
2022-07-15,147.35044860839844,148.02749575844047,145.41743557537487,146.9677717373696,76259900
2022-07-18,144.30862426757812,148.7241323716371,143.9455611978647,147.90971463576915,81420900
2022-07-19,148.16482543945312,148.39050276940443,144.1516228338136,145.1426536934173,82982400
2022-07-20,150.16653442382812,150.83377461851506,147.5466677906739,148.28258588894056,64823400
2022-07-21,152.4331512451172,152.64902171844827,149.0871738807754,151.59910487340264,65086600
2022-07-22,151.1968231201172,153.34570636779952,150.5295978961148,152.47241748797757,66675400
2022-07-25,150.07821655273438,152.12897123891142,149.42079823109208,151.1183116577891,53623900
2022-07-26,148.7535858154297,150.21560020375307,147.96860350790257,149.40118236976926,55138700
2022-07-27,153.8461151123047,154.37598449377768,149.3030578563077,149.71517016840275,78620700
2022-07-28,154.39559936523438,154.68014773185416,151.5107984661639,154.03253631118739,81378700
2022-07-29,159.45870971679688,160.5576907977121,156.5052308137223,158.21256599444197,101786900
2022-08-01,158.47750854492188,160.5184565925083,157.86915435741844,157.98689646537588,67829400
2022-08-02,157.0056915283203,159.3606387818302,156.632836483376,157.094013092394,59907000
2022-08-03,163.01077270507812,163.46212742924678,157.73178199101062,157.82008857109244,82507500
2022-08-04,162.69679260253906,164.05088687619767,161.34269832888046,162.89303446062004,55474100
2022-08-05,162.47076416015625,162.96205765324038,160.16167874542583,160.3680286094797,56697000
2022-08-08,161.9991455078125,164.88795425048374,161.34081388850365,163.47302629545368,60276900
2022-08-09,162.04824829101562,162.93258559805665,160.40732977942574,161.16392597706255,63135500
2022-08-10,166.2930450439453,166.39129475740782,163.99377985120265,164.76019658442047,70170500
2022-08-11,165.55609130859375,168.0125588424397,165.26131220591463,167.09874512344325,57149200
2022-08-12,169.10321044921875,169.17198373539173,166.45021384103478,166.8629135304174,68039400
2022-08-15,170.1742706298828,170.37078506094434,168.36631387517275,168.53335189122956,54091700
2022-08-16,170.01702880859375,170.6851957704937,168.6708894053126,169.77138205657383,56377100
2022-08-17,171.51055908203125,173.08268924248625,169.56504107416526,169.76155547008622,79542000
2022-08-18,171.11752319335938,171.85446345688476,170.10545976423154,170.72449438338106,62290100
2022-08-19,168.53334045410156,170.71468497495962,168.32699056998192,170.01704154998163,70346300
2022-08-22,164.65211486816406,166.90223255698254,164.22959465128477,166.73519456201245,69026800
2022-08-23,164.31802368164062,165.7722632709113,163.74812140904885,164.17064162540487,54147100
2022-08-24,164.61282348632812,165.1827258305819,163.355113138006,164.4064885816526,53841500
2022-08-25,167.06927490234375,167.17736007756102,165.41853585512217,165.84104108991514,51218200
2022-08-26,160.77088928222656,168.0715189036816,160.71193645776907,167.59988131493301,78961000
2022-08-29,158.56988525390625,160.06340660842702,157.03705202563728,158.34387946257124,73314000
2022-08-30,156.1428985595703,159.72933499269527,154.9736176696823,159.30682979347176,77906200
2022-08-31,154.4823455810547,157.78383884788298,154.40373681361956,157.5185361319256,87991100
2022-09-01,155.20945739746094,155.66143904544523,151.97673759886456,153.91243529158203,74229900
2022-09-02,153.09689331054688,157.56766760419046,152.2715237467297,156.9682888748041,76957800
2022-09-06,151.83914184570312,154.35456173500972,151.01377250572787,153.7453626973735,73714800
2022-09-07,153.24429321289062,153.9419216691413,150.93520749298594,152.1241445003408,87449600
2022-09-08,151.7703857421875,153.63729493578492,150.0213671908206,151.9472441951636,84923800
2022-09-09,154.62973022460938,155.07190642293236,152.05535676886382,152.76282069447305,68028800
2022-09-12,160.58419799804688,161.39974706706778,156.52612358553827,156.81106723949068,104956000
2022-09-13,151.1611785888672,157.7445084078153,150.6993615052029,157.11565333541313,122656600
2022-09-14,152.60560607910156,154.36444545311878,150.93521094229624,152.09465656902455,87965400
2022-09-15,149.71678161621094,152.5368165999088,148.74403004784534,151.9570788549336,90481100
2022-09-16,148.07586669921875,148.71455728301882,145.78643705402317,148.57699569456918,162278800
2022-09-19,151.79005432128906,151.86866309017464,146.50374580326707,146.71008070263835,81474200
2022-09-20,154.16787719726562,155.32733752502483,150.41440307013318,150.72882307884146,107689800
2022-09-21,151.04327392578125,155.9758648340084,150.92536828428254,154.600234046477,101696800
2022-09-22,150.08035278320312,151.7802241971407,148.28221666613402,149.72662084225365,86652500
2022-09-23,147.81056213378906,148.8324610577634,145.97312915554878,148.55733788432917,96029900
2022-09-26,148.14463806152344,151.09239889982268,147.0343100146429,147.05396595162924,93339400
2022-09-27,149.11737060546875,152.02583419352277,147.33889085777966,150.08031648538008,84442700
2022-09-28,147.23085021972656,148.01692291304855,142.31791462782627,145.06916155790836,146691400
2022-09-29,139.99899291992188,144.16516723784525,138.2303333041484,143.55596808972413,128138200
2022-09-30,135.79351806640625,140.60820327947016,135.59700366840286,138.8198877735382,124925300
2022-10-03,139.9695281982422,140.57874239032802,135.29241903979042,135.8033685254817,114311700
2022-10-04,143.5559844970703,143.67389015390162,141.74801279814906,142.50460908002574,87830100
2022-10-05,143.85072326660156,144.8136692711772,140.51975411083046,141.56130887045842,79471000
2022-10-06,142.8976287841797,144.97088807825529,142.69129389793306,143.27101666436323,68402200
2022-10-07,137.65061950683594,140.60821619318722,137.02176437961742,140.05795483791823,85925600
2022-10-10,137.9748992919922,139.41930374314163,136.15712188264376,137.9748992919922,74899000
2022-10-11,136.5599365234375,138.88867789955424,135.8131758038938,137.4639147607023,77033700
2022-10-12,135.9310760498047,137.9159059012539,135.7542175942047,136.70732814205923,70433700
2022-10-13,140.5001220703125,141.08966528093347,132.0302118420066,132.63942598399592,113224000
2022-10-14,135.9704132080078,142.00349764686453,135.78371925254498,141.79714775053986,88598000
2022-10-17,139.93020629882812,140.41166429206842,137.82747089841786,138.6135434297954,85250900
2022-10-18,141.2469024658203,144.14553155258784,138.1615794221166,142.95660950013638,99136600
2022-10-19,141.35499572753906,142.42601218125702,139.03608932702545,139.22278329462767,61758300
2022-10-20,140.89315795898438,143.34962560942563,140.16603813694184,140.52960554450746,64522000
2022-10-21,144.70559692382812,145.27549920361895,140.1660346242772,140.38220497154572,86548600
2022-10-24,146.84762573242188,147.6140424012265,143.45770354454174,144.62698448602487,75981900
2022-10-25,149.6873016357422,149.83469868322362,146.75919654145045,147.47648086131204,74732300
2022-10-26,146.74935913085938,149.3433879403945,145.46215770101213,148.3313246354716,88194300
2022-10-27,142.2786102294922,146.45460526216635,141.6202786941001,145.49167413504986,109180200
2022-10-28,153.0281219482422,154.75746986477446,145.24603383421282,145.619406740808,164762400
2022-10-31,150.669921875,151.5542593756546,149.2746498110423,150.49306337072383,97943200
2022-11-01,148.0267333984375,152.74315424703352,146.5332118743015,152.3796018355527,80379300
2022-11-02,142.50457763671875,149.520247538893,142.47510122901483,146.35631650525693,93604600
2022-11-03,136.46168518066406,140.3134243600425,136.33394407491397,139.58630459413143,97918500
2022-11-04,136.1959228515625,140.4182062307737,132.2590557307122,139.84735869609568,140814800
2022-11-07,136.72743225097656,136.95379796987663,133.52872680415337,134.94600177423487,83374600
2022-11-08,137.29827880859375,139.19781051108808,135.32000793975288,138.19391993058036,89908500
2022-11-09,132.7413330078125,136.363259132224,132.46575346788492,136.31404528196006,74917800
2022-11-10,144.5519561767578,144.5519561767578,137.2982811810409,139.0108242882595,118854000
2022-11-11,147.33731079101562,147.6424157179768,142.09143135008082,143.51855829432515,93979700
2022-11-14,145.93971252441406,147.90814675324938,145.10312196997452,146.61882473623606,73374100
2022-11-15,147.67193603515625,151.1659099557232,146.21529884381314,149.8175372526668,89868300
2022-11-16,146.44161987304688,147.50457588314197,144.96529458424104,146.77626501882386,64218300
2022-11-17,148.34121704101562,149.08921670380388,143.84333724490105,144.11891685845265,80389400
2022-11-18,148.90219116210938,150.2899408094876,147.60303246304494,149.9060967599958,74829600
2022-11-21,145.6739501953125,147.99670287508093,145.3885338782466,147.790025718782,58724100
2022-11-22,147.8096923828125,148.04590985414606,144.6109873377189,145.79205967642807,51804100
2022-11-23,148.68569946289062,149.43369912767082,146.9829928956722,147.0912573882817,58301400
2022-11-25,145.77236938476562,146.53022062215993,144.79798922240155,145.96920976620405,35195900
2022-11-28,141.9438018798828,144.32560563619245,141.1170630589414,142.84927987681326,69246000
2022-11-29,138.94192504882812,142.52447466230237,138.13487484288268,142.01267756953146,83763800
2022-11-30,145.6936492919922,146.37276146207836,138.33170993361605,139.16828541868128,111380900
2022-12-01,145.96923828125,146.77630352615344,144.29607218523327,145.87082558028513,71250400
2022-12-02,145.47711181640625,145.66411544857186,143.35119950014382,143.65631938407483,65447400
2022-12-05,144.31573486328125,148.53801893223152,143.4693076933105,145.43774157529282,68826400
2022-12-06,140.6544647216797,144.97517704731527,139.68008441838234,144.74881132681773,64727200
2022-12-07,138.71556091308594,141.10720126498546,137.79039443330282,139.9458322919547,69721100
2022-12-08,140.3985595703125,141.25483863673134,138.87303512029186,140.11314322681335,62128300
2022-12-09,139.9163360595703,143.2725206829619,138.67621264043652,140.09348796632412,76097000
2022-12-12,142.20953369140625,142.21937045590607,138.8336612407948,140.44777667846864,70462700
2022-12-13,143.17405700683594,147.60303377953338,141.9634742273276,147.1404505596148,93886200
2022-12-14,140.94973754882812,144.34528354143862,138.93208948952125,143.05596154285573,82291200
2022-12-15,134.3456268310547,139.5619801804679,133.88304361781863,138.88286801559113,98931900
2022-12-16,132.38702392578125,135.47746472052233,131.61933586337778,134.5326248058533,160156900
2022-12-19,130.28077697753906,133.06611240851234,129.24736132043492,132.9775364981246,79592600
2022-12-20,130.21189880371094,131.14690185461754,127.83993247167396,129.31625782088165,77432800
2022-12-21,133.31216430664062,134.65069977293228,130.65478191534362,130.88114757728772,85928000
2022-12-22,130.14303588867188,132.43626376220547,128.24350390512237,132.2295865606811,77852100
2022-12-23,129.7788848876953,130.33004413506166,127.59392142994787,128.8537182862033,63814900
2022-12-27,127.97775268554688,129.3359771357154,126.68843064335461,129.3064518231432,69007800
2022-12-28,124.05071258544922,128.96195335269854,123.88339749624971,127.62341762114275,85438400
2022-12-29,127.56439208984375,128.4206562494189,125.71406645421771,125.9699575201466,75703700
2022-12-30,127.87933349609375,127.89902204510923,125.41879800683148,126.38333416609474,77034200
2023-01-03,123.09601593017578,128.83399514878522,122.21021915687207,128.2237854341601,112117500
2023-01-04,124.36565399169922,126.62935597280962,123.10585750129947,124.88728777203856,89113600
2023-01-05,123.04681396484375,125.75341088924934,122.79092293482029,125.12351256937882,80962700
2023-01-06,127.57421112060547,128.2336347517989,122.91886860960567,124.02119442530204,87754700
2023-01-09,128.0958251953125,131.30438194257326,127.83993420444634,128.41078181603234,70790800
2023-01-10,128.6667022705078,129.18833615231142,126.09789493911427,128.20411901412172,63896200
2023-01-11,131.3831329345703,131.4028064616691,128.40095662151043,129.1784814447806,69458900
2023-01-12,131.30438232421875,132.14095769176564,129.36547379890666,131.76696547602162,71379600
2023-01-13,132.633056640625,132.7905349401524,129.5819934315568,129.9461488585014,57809700
2023-01-17,133.79444885253906,135.12313266732727,132.01301865225,132.7019674841355,63646600
2023-01-18,133.0759735107422,136.42230495988363,132.8988066595986,134.66056331872014,69672800
2023-01-19,133.13502502441406,134.09955338686564,131.65869966602656,131.96380450388668,58280400
2023-01-20,135.69398498535156,135.84162653742413,132.1015991542997,133.14486670992753,80223600
2023-01-23,138.88290405273438,141.0580308975386,135.72355990616546,135.94008891399082,81760300
2023-01-24,140.2804718017578,140.90053342355856,138.0856717213938,138.0955084866108,66435100
2023-01-25,139.62103271484375,140.18202862963406,136.61916767862735,138.6663409653264,65799300
2023-01-26,141.68789672851562,141.9733130723702,139.66039693887691,140.91035682918778,54105100
2023-01-27,143.62677001953125,144.9062550377642,140.82176076743906,140.90049992434123,70555800
2023-01-30,140.74302673339844,143.2527830109075,140.59540019505755,142.67209860282117,64015300
2023-01-31,142.01266479492188,142.06187864867766,140.03439402480078,140.4477633640219,65874500
2023-02-01,143.13467407226562,144.29605796571016,139.08955653554688,141.69772563249788,77663600
2023-02-02,148.4396209716797,148.79392468833726,145.83143680858885,146.54991104174482,118339000
2023-02-03,152.06153869628906,154.8960886893848,145.496812581912,145.6936529941079,154357300
2023-02-06,149.3352508544922,150.6836384438328,148.40024764766747,150.1620046015634,69858300
2023-02-07,152.20913696289062,152.77998456473935,148.26243261630023,148.26243261630023,83322600
2023-02-08,149.5222625732422,152.14028370808583,148.7840997356859,151.45133472995892,64120100
2023-02-09,148.4888153076172,151.89421276586904,148.04592065726195,151.35289040745275,56007100
2023-02-10,148.8535614013672,149.17885078358248,147.08912934244577,147.32570754066396,57450700
2023-02-13,151.6529998779297,152.05713357186568,148.76483299254943,148.79440338379132,62199000
2023-02-14,151.01226806640625,151.5741355635304,148.7056873791277,149.9476888936107,61707600
2023-02-15,153.11184692382812,153.27941747242824,150.69683660205456,150.92354792770303,65573800
2023-02-16,151.51498413085938,154.09756497312395,151.16012443154224,151.3178281549916,68167900
2023-02-17,150.37155151367188,150.81512239489066,148.69583093968438,150.17441057100683,59144100
2023-02-21,146.3596649169922,149.1394018439348,146.29067235544917,148.05510409777494,58867200
2023-02-22,146.7835235595703,147.80866542554767,145.0585140913541,146.74408634882758,51011300
2023-02-23,147.26651000976562,148.19308888929672,145.13736699227027,147.94665897626774,48394200
2023-02-24,144.61495971679688,145.0881010134071,143.6390916917033,145.00924162382364,55469600
2023-02-27,145.8076629638672,147.039812645864,145.34437348016522,145.60067024018994,44998500
2023-02-28,145.30494689941406,146.95109701970668,144.7332276594082,144.95008720013072,50547000
2023-03-01,143.23492431640625,145.12750429739225,142.9392054041828,144.73322244168676,55479000
2023-03-02,143.8263702392578,144.61494903595985,141.84506394442167,142.31822024697658,52238100
2023-03-03,148.8732452392578,148.95210462024477,145.2260853537234,145.9259379185379,70732300
2023-03-06,151.63327026367188,154.06799923846452,151.26855877090114,151.59383305095145,87558000
2023-03-07,149.43511962890625,151.83041139396585,148.9718301446463,151.50512207262017,56182000
2023-03-08,150.6869659423828,151.27840377958802,149.6618240709013,150.6278251668401,47204800
2023-03-09,148.4395294189453,152.33311931510104,148.08466971716794,151.36711819838627,53833600
2023-03-10,146.37940979003906,148.78456882882224,145.5021196528658,148.0649974904625,68572400
2023-03-13,148.3212127685547,150.95308200026238,145.5907655715558,145.69919531702178,84457100
2023-03-14,150.4109649658203,151.2093955139033,147.95653254628945,149.11967456920323,73695900
2023-03-15,150.80526733398438,151.06154904978908,147.7791005346977,149.03096880678774,77167900
2023-03-16,153.62442016601562,154.22570978036399,149.47453364061312,149.98711209240733,76161100
2023-03-17,152.7865753173828,154.50173325502132,152.07685582876627,153.85115455030763,98944600
2023-03-20,155.1522979736328,155.56631354554972,151.94870846939224,152.85558396503848,73641400
2023-03-21,157.00547790527344,157.12375949031053,154.30459973341087,155.07347515883197,73938300
2023-03-22,155.57615661621094,159.82460651427928,155.5564380089166,157.0251659140942,75701800
2023-03-23,156.6604461669922,159.24304236266408,155.428296373163,156.56188320802048,67622100
2023-03-24,157.9615936279297,158.0503047976887,155.59587218901564,156.5914437450547,59196500
2023-03-27,156.0197296142578,158.47417734472043,155.61558088418133,157.6560281012329,52390300
2023-03-28,155.39869689941406,156.22671283698608,153.75254688783264,155.71413440722972,45992200
2023-03-29,158.4741668701172,158.75016719414856,157.074446643704,157.09415020907082,51305700
2023-03-30,160.04147338867188,160.14990317241256,158.96704237580855,159.22332411879057,49501700
2023-03-31,162.54518127441406,162.64375926608275,159.59788883873148,160.120319104618,68749800
2023-04-03,163.79705810546875,163.91533966892132,161.87490749491164,161.92419649331373,56976200
2023-04-04,163.26475524902344,164.45746763773894,162.75217680448466,164.22090454094308,46278300
2023-04-05,161.4214630126953,162.69304993016723,159.48946069965245,162.38747921010668,51511700
2023-04-06,162.30862426757812,162.60434321282244,159.686606015777,160.1104583059446,45390100
2023-04-10,159.7161865234375,159.7161865234375,157.79403581892626,159.11489681167845,47716900
2023-04-11,158.5037384033203,160.04145880285023,158.21787125365222,160.03160702009572,47644200
2023-04-12,157.81373596191406,159.7457382241708,157.49829842634344,158.9177372546322,50133100
2023-04-13,163.19578552246094,163.4323637150449,159.11490570596376,159.32191350458623,68445600
2023-04-14,162.85076904296875,163.94491858408577,161.48061917083933,162.23961256067847,49386500
2023-04-17,162.87046813964844,163.02818690758198,161.68760746192598,162.73246797792896,41516200
2023-04-18,164.09274291992188,165.01932174992547,163.28444562876558,163.72803148121778,49923000
2023-04-19,165.2362060546875,165.7586363174907,163.17604035173306,163.43233711220313,47720200
2023-04-20,164.2701873779297,165.47276665465435,163.1957564794937,163.71818673436218,52456400
2023-04-21,162.6634979248047,164.07307012591417,162.141067594516,162.6930683177726,58337300
2023-04-24,162.9690399169922,163.23518844762253,161.5496011414824,162.64375061086378,41949600
2023-04-25,161.4313201904297,163.93504162144998,161.3918829793584,162.83104036567903,48714100
2023-04-26,161.4214630126953,162.91976126426218,160.47518046288778,160.73146218660858,45498800
2023-04-27,166.0050811767578,166.15293313578908,162.8310621018307,162.8310621018307,64902300
2023-04-28,167.2569122314453,167.42449781718415,165.48262879614657,166.08391841749662,55275900
2023-05-01,167.16819763183594,168.0159171618742,166.23176694003394,166.86262693627947,52472900
2023-05-02,166.13319396972656,167.91735928630777,165.14747425578494,167.6610625345139,48425700
2023-05-03,165.05873107910156,168.4791790263728,164.77287903548918,167.0794591089505,65136000
2023-05-04,163.42245483398438,164.65460440159984,161.96359395737636,162.53531316165655,81235400
2023-05-05,171.09140014648438,171.81097141948842,168.32151475691046,168.53837432535954,113453200
2023-05-08,171.0223846435547,171.36739258858663,169.65223472844943,170.0169462399646,55962800
2023-05-09,169.31707763671875,171.06179068201072,169.14950709207488,170.57879765359286,45326900
2023-05-10,171.08152770996094,171.54481722364216,169.4452292165715,170.54924563088602,53724500
2023-05-11,171.2688446044922,172.09684576859308,169.7114052486492,171.3674226177441,49514700
2023-05-12,170.3409423828125,171.8116866019269,168.79121464447562,171.3773676163626,45533100
2023-05-15,169.847412109375,170.97268634600138,169.2551561693846,170.92332917405315,37266700
2023-05-16,169.847412109375,170.903583292935,169.58089543020992,169.76844364659667,42110300
2023-05-17,170.45941162109375,170.69630196545663,168.21872838992437,169.4920742376562,57951600
2023-05-18,172.78890991210938,172.97645812210007,170.35081330561755,170.76538642479474,65496700
2023-05-19,172.8975067138672,174.11161490131875,172.68034719263906,174.11161490131875,55809500
2023-05-22,171.9498748779297,172.4532969038887,171.20956254487746,171.73271538863227,43570900
2023-05-23,169.343994140625,171.140492823502,169.06761204505847,170.89372201948225,50747300
2023-05-24,169.62037658691406,170.19288666082696,168.317434571077,168.88006417332414,45143500
2023-05-25,170.7555389404297,171.65377326209193,169.47232768730396,170.18302884098296,56058300
2023-05-26,173.16400146484375,173.49962120538788,170.87397623432938,171.08127033696854,54835000
2023-05-30,175.00987243652344,176.6780456265802,174.28930584342234,174.6742677286896,55964400
2023-05-31,174.96047973632812,177.03336027410137,174.47680359439627,175.0394481918492,99625300
2023-06-01,177.76380920410156,177.79342049505456,174.64462268903534,175.40468096744894,68901800
2023-06-02,178.61268615722656,179.4319669478336,176.94451328757913,178.69165461361322,61996900
2023-06-05,177.2604217529297,182.5610542820425,175.7403050283916,180.27102884609,121946500
2023-06-06,176.8951873779297,177.79342164547316,175.13816542041533,177.64536518975015,64848400
2023-06-07,175.52313232421875,178.8693435880805,175.0295907510138,176.13511905525095,61944600
2023-06-08,178.2376251220703,178.50412674833163,175.1677956906412,175.60209965770608,50214900
2023-06-09,178.6226043701172,179.87618934318917,178.29686506682958,179.1556227362357,48900000
2023-06-12,181.41603088378906,181.51474523727245,178.63246384356634,178.92859184232086,54274900
2023-06-13,180.94223022460938,181.77137654932005,180.08347260699438,180.43882318354116,54929100
2023-06-14,181.57395935058594,182.00827838693002,179.66889592317074,181.00144926283193,57462900
2023-06-15,183.60731506347656,184.11073706491703,181.406124051015,181.58380683437406,65433200
2023-06-16,182.5314178466797,184.57468723659963,181.88981981135748,184.31803597311566,101256200
2023-06-20,182.6202392578125,183.69617128575536,182.0279984336963,182.0279984336963,49799100
2023-06-21,181.58383178710938,183.015099412311,180.23151756348105,182.51167734169172,49515700
2023-06-22,184.5845489501953,184.63390612000734,181.29756025506936,181.3666633051449,51245300
2023-06-23,184.26866149902344,185.13729942612093,182.6202345686034,183.1532678644832,53117000
2023-06-26,182.8768768310547,185.62096644420274,182.83738507538382,184.4167239450006,48088700
2023-06-27,185.63087463378906,185.95661391553264,183.27174625542975,183.48890577659213,50730800
2023-06-28,186.80548095703125,187.4470789620611,185.17679982937508,185.5025240055518,51216800
2023-06-29,187.14108276367188,187.61489349976054,186.49948476837957,186.6376758009822,46347300
2023-06-30,191.46453857421875,191.96794560784363,188.78953634841974,189.1547673916645,85213200
2023-07-03,189.9740447998047,191.37570117698604,189.28307449044232,191.27698682945007,31458200
2023-07-05,188.85862731933594,190.48730854754436,188.15779163185775,189.09553270560195,46920300
2023-07-06,189.33242797851562,189.53972207962792,186.756140199604,187.3878728511301,45094300
2023-07-07,188.21701049804688,190.1813114167851,187.7827065576724,188.9375920522482,46815000
2023-07-10,186.17376708984375,187.5359467558433,184.62403920180722,186.8153651594175,59922200
2023-07-11,185.65060424804688,186.85484691926047,184.18972537508213,186.71665587805697,46638100
2023-07-12,187.31878662109375,189.22385000348103,186.03557542450565,187.22993768452707,60750200
2023-07-13,188.07882690429688,188.72044002337208,187.32864909209994,188.03935020331573,41342300
2023-07-14,188.22691345214844,188.71057462083735,187.18060758311253,187.77284851528793,41616200
2023-07-17,191.48426818847656,191.81000743962883,189.33241906132668,189.421252931179,50520200
2023-07-18,191.22763061523438,191.8198865800326,189.93455398917624,190.85254922844402,48288200
2023-07-19,192.5799560546875,195.66951651285706,190.1615899429346,190.60578947313948,80507300
2023-07-20,190.6353759765625,193.93223012421538,190.01350876450033,192.57005054034346,59581200
2023-07-21,189.4607696533203,192.4516308259383,188.75993388819955,191.5928731808388,71951700
2023-07-24,190.26026916503906,192.392372294224,189.76672761078473,190.91174763146105,45377800
2023-07-25,191.1190643310547,191.9284798692301,190.42810903120733,190.83281680029503,37283200
2023-07-26,191.98770141601562,193.11297577300414,190.82295035426253,191.1684204714641,47471900
2023-07-27,190.7242431640625,194.65283061947835,190.06289913711862,193.48807951397325,47460200
2023-07-28,193.3004913330078,194.0901608500724,191.63231843190331,192.15547128634879,48291400
2023-07-31,193.91250610351562,193.9519978690126,192.73787459795656,193.52754422924545,38824100
2023-08-01,193.08334350585938,194.1888718595327,192.75760424557473,193.7052107356477,35175100
2023-08-02,190.09246826171875,192.65887532596588,189.37190180440743,192.52068429221174,50389300
2023-08-03,188.70069885253906,189.885195713569,188.22690312046603,189.09554118067888,61235200
2023-08-04,179.63926696777344,184.9596445164711,179.57016391801557,183.12366926443607,115956800
2023-08-07,176.53982543945312,180.76454006954836,175.05920073091434,179.7774569305225,97576100
2023-08-08,177.47755432128906,177.94148460917899,175.2862285117603,177.36897457174686,67823000
2023-08-09,175.8883514404297,178.59294967088076,174.72358547458126,178.53372709089916,60378500
2023-08-10,175.6712188720703,178.41530928434332,175.30600286506225,177.1617092563292,54686900
2023-08-11,175.7305145263672,176.55090180538758,174.50488805624465,175.26597277471524,52036700
2023-08-14,177.38116455078125,177.60849603671858,175.2560608313475,175.90841909398483,43675600
2023-08-15,175.3944549560547,177.40093867304276,174.99909450146933,176.80789799116474,43622600
2023-08-16,174.52464294433594,176.47180884084688,174.45544657600635,175.07815356283987,46964900
2023-08-17,171.98440551757812,175.4537406821077,171.47042491030345,175.08803154260252,66062900
2023-08-18,172.46875,173.0716844916875,169.96805819399307,170.30411608587545,61172200
2023-08-21,173.80307006835938,174.08971916130307,171.7274054668453,173.04200058882003,46311900
2023-08-22,175.17697143554688,175.62175563939851,174.2083279343983,175.00894251773767,42038900
2023-08-23,179.02191162109375,179.44693836874362,176.26423745502308,176.45203891919172,52722800
2023-08-24,174.3368377685547,179.0021629998802,173.97111355320405,178.57713623123834,54945800
2023-08-25,176.54100036621094,177.07473842454561,173.78332608108835,175.3252527852027,51449600
2023-08-28,178.1027069091797,178.49806733287568,176.48170504077262,178.003859262239,43820700
2023-08-29,181.98716735839844,182.75813070921157,177.4206898063463,177.61837000977968,53003900
2023-08-30,185.47630310058594,185.6739984160231,182.60002327821,182.7977035116121,60813900
2023-08-31,185.69374084472656,186.92926105598286,185.30825914209595,185.66408956621913,60794500
2023-09-01,187.26531982421875,187.7199827815663,186.09898099052413,187.29497110047913,45766500
2023-09-05,187.50254821777344,187.7793035443977,185.43676200045883,186.09899903788357,45280000
2023-09-06,180.7911834716797,186.66237722656214,179.36786194540127,186.21757793807612,81755800
2023-09-07,175.503173828125,176.1456533918577,171.52973657694065,173.15073850258275,112488800
2023-09-08,176.11598205566406,178.15213198996554,175.7305003611282,176.2840260730559,65551300
2023-09-11,177.2823028564453,178.21141635408188,175.2856982178241,177.98408488615974,58953100
2023-09-12,174.25778198242188,178.04341790139725,172.79493020499618,177.4108321261293,90370200
2023-09-13,172.19198608398438,175.24618840249718,171.96463950783718,174.46533118918654,84267900
2023-09-14,173.70425415039062,174.060084556446,171.56927171405846,171.98440467411754,60895800
2023-09-15,172.9827117919922,174.45545734300367,171.80650919609533,174.43568479625586,109259500
2023-09-18,175.90841674804688,177.30208708635865,174.1292647291417,174.43567131089117,67257600
2023-09-19,176.9956817626953,177.54919237650395,175.07815207769175,175.46363376102514,51826900
2023-09-20,173.45713806152344,177.61836118650515,173.36816915467014,177.18345571133617,58436200
2023-09-21,171.91519165039062,174.25774788080986,171.84601037143327,172.52801984046553,63149100
2023-09-22,172.76524353027344,175.0287248458324,172.03382526857388,172.6466384244914,56725400
2023-09-25,174.04029846191406,174.91998813589507,172.13264765845275,172.18207147695253,46172700
2023-09-26,169.96804809570312,173.1705067749598,169.67152023376326,172.7949188930673,64588900
2023-09-27,168.45574951171875,171.0355161486817,167.09174554279588,170.6203831944849,66921800
2023-09-28,168.71275329589844,170.03722730338785,165.67830850769053,167.37838547451082,56294400
2023-09-29,169.22674560546875,171.06520035560507,168.36681324873706,170.02736032081233,51861100
2023-10-02,171.73728942871094,172.28092127496365,168.94994891630552,169.2365980179806,52164500
2023-10-03,170.40293884277344,171.61870157072957,168.84125459232132,170.26456118455488,49594600
2023-10-04,171.6483612060547,172.19199313339385,168.98951921036945,169.10812432832188,53020300
2023-10-05,172.88388061523438,173.41761872545223,170.67970163713667,171.77684421895017,48527900
2023-10-06,175.43399047851562,175.92819856079907,171.17390414032383,171.78673241813826,57266700
2023-10-09,176.91661071777344,176.9759132731787,173.76356081110382,174.76185568517045,42390800
2023-10-10,176.32354736328125,177.6381425852869,175.88864186643335,176.03691333055846,43698000
2023-10-11,177.71722412109375,177.76664794425923,175.54271164011269,176.13575227199846,47551100
2023-10-12,178.61666870117188,180.2277765858699,176.96600064702005,177.98408304070654,56743100
2023-10-13,176.77822875976562,179.82253713140665,176.07644667980117,179.31845034069394,51427100
2023-10-16,176.64974975585938,177.00558020178707,174.46534325240765,174.70256857703768,52517000
2023-10-17,175.09791564941406,176.35320838797153,172.77514673671925,174.60370757241088,57549400
2023-10-18,173.80307006835938,175.52291937992672,173.08153059369246,173.54608733160953,54764400
2023-10-19,173.427490234375,175.7799102245973,173.16061367257353,174.00075828264139,59302900
2023-10-20,170.87738037109375,173.38795063159753,170.64015507731645,173.2792242572037,64244000
2023-10-23,170.99600219726562,171.99429712738208,167.96155723103598,168.93021596381925,55980100
2023-10-24,171.43089294433594,171.65822442721412,169.4639394511676,171.045411263789,43816600
2023-10-25,169.11798095703125,171.05526784044204,168.67318169844384,169.88894421827058,57157000
2023-10-26,164.95675659179688,169.39475015606334,163.75088778515044,168.39644027726376,70625300
2023-10-27,166.27134704589844,167.00278034322866,164.8974493569631,164.9765244498122,58499100
2023-10-30,168.31739807128906,169.18720920526536,166.91384879366788,167.06212028170575,51131000
2023-10-31,168.79185485839844,168.92033872091713,165.95508983700142,167.38830552985596,44846000
2023-11-01,171.9547576904297,172.2117404582064,168.14934950515965,169.01916053768616,56934900
2023-11-02,175.5130615234375,175.7206204672586,173.42750286114074,173.4868054165182,77334800
2023-11-03,174.6036834716797,174.77172746685503,171.34192267930985,172.2216123316697,79829200
2023-11-06,177.15380859375,177.35148879200258,174.16880291146146,174.33683183407777,63841300
2023-11-07,179.7138214111328,180.32663456302825,176.89682951103612,177.1043884447924,70530000
2023-11-08,180.7714385986328,181.32494925868284,179.48649451949703,180.23770048559436,49340300
2023-11-09,180.29702758789062,181.98721107762057,179.70397175308648,180.84065958945502,53763500
2023-11-10,184.48348999023438,184.65175539538808,181.6430032262288,182.07848170612579,66133400
2023-11-13,182.89993286132812,184.1172820619318,182.31600272709323,183.9094496896321,43627500
2023-11-14,185.51280212402344,186.17591157835597,184.38452385663774,185.77012344749633,60108400
2023-11-15,186.07693481445312,187.55162053928348,185.84930383072194,185.91859136162876,53790500
2023-11-16,187.7594757080078,188.9966236513369,186.7103615664657,187.6209157424311,54412900
2023-11-17,187.73968505859375,188.42259316852056,186.63120528706287,188.29392494435922,50922700
2023-11-20,189.48158264160156,189.93685974559065,187.92773262314063,187.93762437034974,46505100
2023-11-21,188.67990112304688,189.55085808280586,187.78916067013205,189.44198846283598,38134500
2023-11-22,189.34300231933594,190.9463411053134,188.8679417719912,189.52115946327928,39617700
2023-11-24,188.01678466796875,188.93721542830764,187.30418629136327,188.9075250877743,24048300
2023-11-27,187.83863830566406,188.70959528304604,186.95778958150402,187.96730652329646,40552600
2023-11-28,188.44235229492188,189.1153685705385,187.45263402635211,187.82873180101734,38415400
2023-11-29,187.42294311523438,190.11497800569174,187.02706184977393,188.93721085337887,43014200
2023-11-30,187.99697875976562,188.36318478193425,186.2550800746654,187.888109148078,48794400
2023-12-01,189.2737579345703,189.59045997908729,187.28441422563267,188.3731105390764,45704800
2023-12-04,187.48233032226562,188.09596593756666,185.52269231677565,188.02667840765253,43389500
2023-12-05,191.43130493164062,192.40122460244103,188.22461231756913,188.25431775925796,66628400
2023-12-06,190.3426055908203,192.75750523859645,190.1347581304068,192.4506950223819,41089700
2023-12-07,192.27256774902344,192.99505783958267,191.5995514892092,191.63914867608756,47477700
2023-12-08,193.69776916503906,193.97488907234165,191.67873543823174,192.2032849129047,53406400
2023-12-11,191.19378662109375,191.50061200003438,189.45188773429211,191.12451418849048,60943700
2023-12-12,192.70806884765625,192.71796059458774,189.7488055095461,191.09482308550778,52696900
2023-12-13,195.92466735839844,195.96424945082313,192.84664243214013,193.08416519049783,70404200
2023-12-14,196.07308959960938,197.56755876987646,194.14314196862804,195.9840185786185,66831600
2023-12-15,195.53863525390625,196.36008808380646,194.97448862167192,195.49903806818725,128538400
2023-12-18,193.87591552734375,194.60831249977454,192.39133809002112,194.0738561652729,55751900
2023-12-19,194.91513061523438,194.92502236186388,193.87592334681435,194.1431515248431,40714100
2023-12-20,192.8268280029297,195.6475162401682,192.8268280029297,194.87553713507947,52242800
2023-12-21,192.67835998535156,195.05369307239374,191.51049958819766,194.08377332368417,46482500
2023-12-22,191.60946655273438,193.40085423729087,190.98593919883143,193.17320815773428,37149600
2023-12-26,191.06512451171875,191.89648427525853,190.84738527337694,191.6193643540786,28919300
2023-12-27,191.1641082763672,191.51051576683653,189.1252907315366,190.51090559150927,48087700
2023-12-28,191.58966064453125,192.65855816674446,191.18387253758047,192.14390044821914,34049900
2023-12-29,190.5504608154297,192.40122918172025,189.758683164504,191.9063700376295,42672100
2024-01-02,183.73130798339844,186.5025222946912,181.99930092657837,185.22577720716953,82488700
2024-01-03,182.35562133789062,183.9688672168001,181.5440449736598,182.32593099304364,58414500
2024-01-04,180.0396728515625,181.2075332827541,179.02026413555495,180.277195595857,71983600
2024-01-05,179.31716918945312,180.88092604513352,178.31755906038765,180.11885376441708,62379700
2024-01-08,183.6521453857422,183.69174257913158,179.63389106527006,180.21782130157615,59144500
2024-01-09,183.2364501953125,183.24634194188326,180.85122540618832,182.0289926299427,42841800
2024-01-10,184.27565002441406,184.48348240733844,182.02898528742006,182.45457200324566,46792900
2024-01-11,183.68182373046875,185.12681915669637,181.73207738578324,184.62205313633504,49128400
2024-01-12,184.0084228515625,184.8199990991005,183.28593272766105,184.14698280822722,40477800
2024-01-16,181.74197387695312,182.36548612847807,179.0697224204938,180.28708678689063,65603000
2024-01-17,180.80172729492188,181.04915686376333,178.44620806884475,179.40623600410183,47317400
2024-01-18,186.6905517578125,187.19530261085842,183.91933773499053,184.17665903424702,78005800
2024-01-19,189.59043884277344,189.97642838325277,186.8786203129096,187.38337121910467,68903000
2024-01-22,191.89649963378906,193.32169654358245,190.28325381202234,190.32285100501898,60133900
2024-01-23,193.1732177734375,193.73736447446063,191.83710707958323,193.01487431695855,42355600
2024-01-24,192.50021362304688,194.36088890095834,192.34185506707502,193.41075266703035,53631300
2024-01-25,192.17361450195312,194.2520291241628,191.1245154438125,193.21282181305796,54822100
2024-01-26,190.4416046142578,192.75754194727924,189.9665440310004,192.2725896171282,44594000
2024-01-29,189.75872802734375,190.2238969409167,187.6308392454382,190.03584800539917,47145600
2024-01-30,186.1066131591797,189.82796344587697,185.54248160944437,188.9768051464624,55859400
2024-01-31,182.50405883789062,185.17631048108575,182.45458500160478,185.11691469411622,55467800
2024-02-01,184.93875122070312,185.02782223798647,181.93001441121828,182.0982647000541,64885400
2024-02-02,183.9391632080078,185.40394215196616,177.40701599262258,178.01074479617154,102551700
2024-02-05,185.75030517578125,187.30417000412038,183.92922730587782,186.21547393955785,69668800
2024-02-06,187.3536834716797,187.36357521832525,184.8496972971495,184.93876832266957,43490800
2024-02-07,187.46255493164062,189.0856924097343,186.67077723703076,188.67990426473503,53439000
2024-02-08,186.3837432861328,187.5911856262693,185.42371540021887,187.44273393335544,40962000
2024-02-09,187.14682006835938,188.27653811843788,186.30447993507684,186.9486117161699,45155200
2024-02-12,185.4621124267578,186.96840797825126,185.10535861511914,186.72066269575697,41781900
2024-02-13,183.3711395263672,184.53060074172208,181.85493962465304,184.094566630165,56529500
2024-02-14,182.48919677734375,183.85675578337245,180.79462725534452,183.64865818230027,54630500
2024-02-15,182.20181274414062,182.82613576875198,179.71445525689393,181.8946109768474,65434500
2024-02-16,180.66580200195312,183.18290302222294,180.03157456209792,181.76579187183052,49752500
2024-02-20,179.9225616455078,180.78471053407532,178.3766332434525,180.15048310961222,53665600
2024-02-21,180.67572021484375,181.24057170015067,179.03068760645021,180.29914247718926,41371400
2024-02-22,182.70721435546875,183.29190480468338,180.81445159653885,181.82524161821627,52292200
2024-02-23,180.8739013671875,183.3711632214272,180.58650833781007,183.34143499372246,45119700
2024-02-26,179.5261688232422,181.11172976770854,179.02075870271764,180.59643039937333,40867400
2024-02-27,180.98289489746094,182.2612539462515,177.94057546451762,179.4666949255866,54318900
2024-02-28,179.78379821777344,181.46846314665845,178.50543918901624,180.86396404098633,48953900
2024-02-29,179.11985778808594,180.92345088953732,177.9108594746495,179.63517226295397,136682600
2024-03-01,178.03968811035156,178.90183692569335,175.78025215753124,177.93067957222544,73563100
2024-03-04,173.5207977294922,175.3045516235648,172.22259977869518,174.56131579397731,81510100
2024-03-05,168.58572387695312,170.48840604509627,168.0902332564625,169.21995126633416,95132400
2024-03-06,167.59474182128906,169.69563232435493,167.15870765798908,169.5172478388351,68587700
2024-03-07,167.475830078125,169.1902233947002,166.97043508778398,167.62447121611535,71765100
2024-03-08,169.1902313232422,172.13344696276567,167.41638146834518,167.47583792632756,76267000
2024-03-11,171.19198608398438,172.80729012575145,170.4983023339276,171.38027491353657,60139500
2024-03-12,171.6676788330078,172.4604668624585,169.4676992338398,171.58839851794536,59825400
2024-03-13,169.5866241455078,171.62804307697533,169.21995080494636,171.21183277143888,52488700
2024-03-14,171.4397430419922,172.73792596009017,170.49831395125625,171.35055836544484,72913500
2024-03-15,171.0631561279297,171.0631561279297,168.75416830335303,169.6262365278927,121752700
2024-03-18,172.1532440185547,176.10726419166866,171.9550508157469,173.98656516716395,75604200
2024-03-19,174.491943359375,175.01716210094648,171.46944816276613,172.76763090593977,55215200
2024-03-20,177.05859375,177.05859375,173.5108795488189,174.1352024891535,53423100
2024-03-21,169.824462890625,175.88927881289044,169.29924400405602,175.45324461547284,106181300
2024-03-22,170.72625732421875,171.48931715990707,168.5262776263353,170.210942813777,71160100
2024-03-25,169.3091583251953,170.38932429506946,167.92177545566648,169.0316847755244,54288300
2024-03-26,168.179443359375,169.8740129173693,168.05061095138228,168.46682128354186,57388400
2024-03-27,171.74696350097656,172.0343565405087,168.57582642397568,168.87312383270142,60273300
2024-03-28,169.93345642089844,170.67669234048742,168.97220342186947,170.20102558587905,65672700
2024-04-01,168.49655151367188,169.70554992575666,167.9515087670476,169.64609346633853,46240500
2024-04-02,167.31724548339844,167.81273603395658,166.71274640687062,167.5550863912881,49329500
2024-04-03,168.1199493408203,169.14065873561202,167.05960735256843,167.26770493028647,47691700
2024-04-04,167.29747009277344,170.3695030458197,167.29747009277344,168.75419869027797,53704400
2024-04-05,168.05062866210938,168.85332118166758,167.42630553748577,168.060533032547,42104800
2024-04-08,166.93080139160156,167.67403738632925,166.72270378093583,167.50557237539863,37425500
2024-04-09,168.13980102539062,168.54610700117138,166.8317135282985,167.17854792228746,42373800
2024-04-10,166.26683044433594,167.5650134431552,165.60287483124418,167.27763553824258,49709300
2024-04-11,173.4613494873047,173.87757491447604,166.64340884278624,166.8217782077108,91070300
2024-04-12,174.95774841308594,176.7514221146486,172.63885584160187,172.68839280877705,101670900
2024-04-15,171.13255310058594,175.0370216134587,170.94426424521788,173.77847120218846,73531800
2024-04-16,167.85240173339844,172.19288913903023,166.7524119884344,170.20102235595408,73711200
2024-04-17,166.48484802246094,169.11094225529814,166.48484802246094,168.08032842085646,50901200
2024-04-18,165.53350830078125,167.11908441586118,165.04793714543356,166.5145852231191,43122900
2024-04-19,163.51190185546875,164.89926951971245,162.6002009445124,164.7109957890585,68149400
2024-04-22,164.34432983398438,165.75152141981465,163.28398774037723,164.0272236912775,48116400
2024-04-23,165.39476013183594,165.54341638804536,163.43262154349364,163.85875133255257,49537800
2024-04-24,167.4956512451172,167.77312477902248,164.71099641624178,165.03800691456527,48251800
2024-04-25,168.35780334472656,169.07131105182287,166.63349053238153,168.0010494911784,50558300
2024-04-26,167.7731170654297,169.79471202253325,167.6541890412428,168.3478879652858,44838400
2024-04-29,171.9352569580078,174.44243845784558,171.5388704832316,171.8064245491769,68169400
2024-04-30,168.7938232421875,173.4117990890393,168.46679764398493,171.76676673002254,65934800
2024-05-01,167.7731170654297,171.15236652369296,167.58482822154218,168.05059058657778,50383100
2024-05-02,171.46946716308594,171.85594920671264,169.34876810707777,170.95415273119292,94214900
2024-05-03,181.7261505126953,185.313497878847,181.01264278710423,184.9666483851495,163224100
2024-05-06,180.0712127685547,182.53874644704828,178.79283846563771,180.70544017490002,78569700
2024-05-07,180.75498962402344,183.23244296383282,179.6847430878599,181.79552305097843,77305800
2024-05-08,181.09190368652344,181.41892928578648,179.81352951475225,181.20091221961113,45057100
2024-05-09,182.90542602539062,182.99461071341904,180.46760537105857,180.9135439323752,48983000
2024-05-10,181.64515686035156,183.66949389545601,180.7322193628195,183.48094965782863,50759500
2024-05-13,184.85035705566406,185.6640710757596,183.2030934113359,184.01680743143146,72044800
2024-05-14,185.9915313720703,186.8548647149755,184.8602810891409,186.07091921634225,52393600
2024-05-15,188.2639617919922,189.1868170758504,185.93199122253947,186.46785537715886,70400000
2024-05-16,188.38304138183594,189.6333810173086,188.2044300863017,189.00821119957226,52845200
2024-05-17,188.41282653808594,189.34561487480414,187.72811956148706,188.05558877384672,41282900
2024-05-20,189.57382202148438,190.44707314635468,187.5594028379898,187.87695420764547,44361300
2024-05-21,190.87379455566406,191.2508679069906,189.45476137627725,189.62345487533878,42309400
2024-05-22,189.43492126464844,191.3401994424317,188.8097665310703,190.79441741971692,34648500
2024-05-23,185.44578552246094,189.53416154393335,185.19770415918353,189.51431079519944,51005900
2024-05-24,188.52197265625,189.11737394472448,186.59685898409072,187.37088671578107,36327000
2024-05-28,188.5319061279297,191.51880009814326,187.64873713728954,190.04022981736387,52280100
2024-05-29,188.82960510253906,190.77456966628964,188.05559245514976,188.15483105781396,53068000
2024-05-30,189.8218994140625,190.70506832278696,189.16697622567534,189.29596821795033,49889100
2024-05-31,190.77455139160156,191.09210277636024,188.45251367186646,189.9707702687458,75158300
2024-06-03,192.54087829589844,193.49351725389894,191.04247253185534,191.41954585254337,50080500
2024-06-04,192.8584442138672,193.82100104656786,191.548567440495,193.1462119125533,47471400
2024-06-05,194.36676025390625,195.38885414673365,193.3744349100596,193.90036613096368,54156800
2024-06-06,192.98741149902344,194.99191275531385,192.67979309240934,194.1881317208236,41181800
2024-06-07,195.37893676757812,195.42855606321456,192.65004206608782,193.1561225415401,53103900
2024-06-10,191.6378631591797,195.7857909182053,190.6753063763642,195.3888517006261,97010200
2024-06-11,205.56019592285156,205.57012886730556,192.14396771907968,192.1638033246204,172373300
2024-06-12,211.43475341796875,218.51002232587345,205.3120931521647,205.7784872423207,198134300
2024-06-13,212.5957794189453,215.08651049080893,209.97604121171418,213.09194207290335,97862700
2024-06-14,210.85922241210938,213.5186471242216,209.67835280423736,212.20878551515116,70122700
2024-06-17,215.0071258544922,217.2696263789355,211.08744385812574,211.73244926121387,93728300
2024-06-18,212.64540100097656,216.95210469802018,211.36530791117931,215.92007781385274,79943300
2024-06-20,208.07077026367188,212.59578653831548,207.24715355520107,212.28815296354617,86172500
2024-06-21,205.89759826660156,210.26382387597764,205.5205097773767,208.77533580800622,241805100
2024-06-24,206.5426025390625,211.06760381745957,205.00449518251241,206.12582769938734,80727000
2024-06-25,207.46546936035156,209.75773850908567,207.0089930344414,207.54484206411715,55549700
2024-06-26,211.61338806152344,213.2110325348534,209.0234182045521,209.87681864015101,66213200
2024-06-27,212.45687866210938,214.08429174664712,210.72030917561003,213.04234702641065,49772700
2024-06-28,209.0035400390625,214.41172478378184,208.6860038316288,214.11402417940656,82542700
2024-07-01,215.08651733398438,215.84067914098924,210.29358412725625,210.46227761796723,60402900
2024-07-02,218.57952880859375,218.68868521261126,213.44920810314017,214.4911377013164,58046200
2024-07-03,219.8496856689453,219.8496856689453,217.34902153194005,218.31157833867707,37369800
2024-07-05,224.6029052734375,224.71206166235044,219.94889718329503,219.94889718329503,60412400
2024-07-08,226.07156372070312,226.1013322692385,221.53662969916704,225.34715532852172,59085900
2024-07-09,226.92495727539062,227.63943274976205,224.63268810415036,226.180713251394,48076100
2024-07-10,231.1919403076172,231.29117889263895,227.49057123987387,227.54019053238477,62627700
2024-07-11,225.82350158691406,230.6065022056456,224.0373128145247,229.61417679228308,64710600
2024-07-12,228.7706756591797,230.8545649156238,226.92494993371525,227.16311346469493,53046500
2024-07-15,232.60104370117188,235.40932611038664,231.3010999839828,234.66508213718535,62631300
2024-07-16,233.01783752441406,234.4567062015191,230.54694204130521,233.19644881294397,43234300
2024-07-17,227.12344360351562,229.6836449661141,224.9006292447048,227.6890612108438,57345900
2024-07-18,222.45947265625,228.6714385621368,220.5641428905974,228.5126628842939,66034600
2024-07-19,222.58848571777344,225.05938116686082,221.5663918696606,223.09458131167176,49151500
2024-07-22,222.24118041992188,226.03185518490554,221.37784711424985,225.2677604657143,48201800
2024-07-23,223.2831268310547,225.19832267550643,220.97100689389265,222.64803919770813,39960300
2024-07-24,216.86277770996094,223.0747441599071,215.46361045876344,222.280880842846,61777600
2024-07-25,215.82081604003906,219.1550293615974,212.9728323822056,217.2497516278374,51391200
2024-07-26,216.28726196289062,217.80551869158998,214.35221522008754,217.0215731059544,41601300
2024-07-29,216.5651092529297,217.61697179557376,214.0942134588753,215.29493390237633,36311800
2024-07-30,217.12075805664062,218.639014410175,214.46131863143154,217.50776428123407,41643800
2024-07-31,220.3756103515625,222.10226187087767,218.93674165630796,219.7405227481965,50036300
2024-08-01,216.68417358398438,222.7572001483694,215.35446119036925,222.64804374939,62501000
2024-08-02,218.17263793945312,223.86859053089324,216.03914463167754,217.46808032420208,105568600
2024-08-05,207.6639404296875,211.8614726265992,194.4957781490091,197.562059997048,119548600
2024-08-06,205.6395721435547,208.3783997216886,199.52685967053256,203.72439154098564,69660500
2024-08-07,208.209716796875,212.00039184379946,204.80603289763474,205.31211338628992,63516400
2024-08-08,211.6728973388672,212.55606620855394,207.22728444417172,211.47443531656216,47161100
2024-08-09,214.5804443359375,215.11629337558463,210.3432107490655,210.47221789303094,42201600
2024-08-12,216.1103973388672,218.07747160820446,214.1929998012183,214.65993379251097,38028100
2024-08-13,219.82598876953125,220.44193777769505,217.58072790378117,217.58072790378117,44155300
2024-08-14,220.27304077148438,221.5744891931242,218.2662191901357,219.13055181670978,41960600
2024-08-15,223.25347900390625,223.8793724762866,221.30626328939533,223.13426697458056,46414000
2024-08-16,224.57479858398438,225.34970708383625,222.19045191126241,222.45869413327577,44340200
2024-08-19,224.41583251953125,224.51518597934856,221.58442566604344,224.2469437652095,40687800
2024-08-20,225.03179931640625,225.68749582093912,223.97871925960482,224.2966382287883,30299000
2024-08-21,224.92250061035156,226.4921913011218,223.58131984717622,225.04172779494317,34765500
2024-08-22,223.064697265625,226.84983046212884,222.43880384726458,226.30341677619586,43695300
2024-08-23,225.35963439941406,226.73063334528243,222.866020162344,224.187342377279,38677300
2024-08-26,225.69741821289062,225.79677167752968,222.42889539152742,225.28016094798537,30602200
2024-08-27,226.54188537597656,227.35654136968387,223.4223774795666,224.52513427640764,35934600
2024-08-28,225.01193237304688,228.35993491185639,224.20720569696516,226.43259292076607,38052200
2024-08-29,228.29037475585938,231.39995310375193,227.3863249726349,228.59836441740794,51906300
2024-08-30,227.5055389404297,228.89639643358683,225.99545426270925,228.68777538921813,52990800
2024-09-03,221.3162078857422,227.50554667965343,219.72664341730942,227.05848641015993,50190600
2024-09-04,219.40872192382812,220.33264539565292,216.06070449558098,220.2134333758585,43840200
2024-09-05,220.92874145507812,224.00850159902006,220.07435325324454,220.1836359939166,36615400
2024-09-06,219.37892150878906,223.7700744804958,218.33577084564575,222.4884846157397,48423000
2024-09-09,219.46835327148438,219.82600453136772,215.29576534565257,219.37894424631622,67180000
2024-09-10,218.67355346679688,220.03460793809228,215.31560663834654,217.49131703149231,51591000
2024-09-11,221.20692443847656,221.63411098197892,216.4680492147489,220.01475867053273,44587100
2024-09-12,221.3162078857422,222.09111639532034,218.38546260882887,221.04796566036197,37455600
2024-09-13,221.04794311523438,222.57788625371046,220.461797151476,222.12089674811224,36766600
2024-09-16,214.90830993652344,215.80243050187988,212.52396316355507,215.12686027714844,59357400
2024-09-17,215.37521362304688,215.48449636527135,213.10016491936787,214.34200737227792,45519300
2024-09-18,219.249755859375,221.2565773677011,216.12030400107497,216.1302484418979,59894900
2024-09-19,227.37637329101562,228.32018565098164,223.16405353373213,223.52170475455895,66781300
2024-09-20,226.71075439453125,231.56884144729943,226.1345376792504,228.46920754640476,318679900
2024-09-23,224.99203491210938,227.95258288382507,224.336338501163,225.8563523524968,54146000
2024-09-24,225.8861541748047,227.8532433973514,224.2568575968381,227.15779954496355,43556100
2024-09-25,224.8927001953125,225.80669443859438,222.55804543582803,223.462095237407,42308700
2024-09-26,226.0352020263672,227.00880227293717,223.9389713421174,225.81663654010723,36636700
2024-09-27,226.3034210205078,228.02214184296878,225.8166284941723,226.9690618971705,34026000
2024-09-30,231.47943115234375,231.47943115234375,228.1512873446241,228.5387415800987,54541900
2024-10-01,224.7337646484375,228.15130254219565,222.27988260723768,228.02216122790813,63285000
2024-10-02,225.30003356933594,225.8861795938886,221.56457676904253,224.41584231153624,32880600
2024-10-03,224.19728088378906,225.32984066329956,221.86262602596847,223.67074086449446,34044200
2024-10-04,225.31988525390625,226.51205091107013,222.66731173997377,226.41269745663615,37245100
2024-10-07,220.2432403564453,224.21713611955545,219.885589131397,223.0348997045567,39505400
2024-10-08,224.29660034179688,224.50522136577493,221.79304193960246,222.83619253711748,31855700
2024-10-09,228.0419921875,228.25062837641602,223.3627386107029,223.76012210676075,33591100
2024-10-10,227.54525756835938,228.00226223679437,225.68746620848788,226.2934858996686,28183500
2024-10-11,226.06500244140625,227.91286461183438,225.85636623992795,227.80358186995707,31759200
2024-10-14,229.79051208496094,230.21769857807328,227.10813563369229,227.20747392643057,39882100
2024-10-15,232.3238983154297,235.9401430278398,230.85354589755886,232.08545910083197,64751400
2024-10-16,230.26739501953125,230.60517253033711,228.34005309673006,230.0885769817669,34082200
2024-10-17,230.6349639892578,232.3238817771462,229.01561181125544,231.90660939150177,32993800
2024-10-18,233.4663848876953,234.63867690560429,232.4828401919167,234.63867690560429,46431500
2024-10-21,234.9367218017578,235.30431748145634,232.9199708414818,232.9199708414818,36254500
2024-10-22,234.32077026367188,234.67842149785605,231.0820505913223,232.36362533760988,38846600
2024-10-23,229.2540283203125,233.6054487889833,226.2736066643371,232.552368896012,52287000
2024-10-24,229.06529235839844,229.31366084202813,226.91938502162782,228.4791312160334,31109500
2024-10-25,229.89981079101562,231.69799621804017,228.07182235817814,228.2407111108546,38802300
2024-10-28,231.87681579589844,233.19813797949908,231.032372026897,231.7973512193415,36087100
2024-10-29,232.14505004882812,232.80074647701065,230.80386934668286,231.57877779482254,35417200
2024-10-30,228.59837341308594,231.9463759413976,228.05195968136482,231.0919876952183,47070900
2024-10-31,224.43569946289062,228.330115454563,223.89921505082026,227.84330777090054,64370100
2024-11-01,221.45529174804688,223.87937072005496,218.83252100898451,219.52794977327943,65276700
2024-11-04,220.56114196777344,221.33605042122997,218.2761640538016,219.54780947276666,44944500
2024-11-05,221.99176025390625,222.48849724939907,219.69683776020295,220.3525342324639,28111300
2024-11-06,221.2665252685547,224.5946691536601,219.74651129717958,221.15724252476647,54561100
2024-11-07,225.9954376220703,226.39283627600352,223.1044401056504,223.16404611393824,42137700
2024-11-08,225.7269287109375,227.4176895436531,225.17991383614745,225.9357792784742,38328800
2024-11-11,223.01174926757812,224.47376393957063,220.29658566640109,223.77757009002366,42005600
2024-11-12,223.01174926757812,224.36436096493557,222.14648085284745,223.33001798502116,40398300
2024-11-13,223.8969268798828,225.41861323491412,221.54974806168275,222.79295685996902,48566200
2024-11-14,226.98007202148438,227.62653447284012,223.77756520755418,223.7974607959322,44923900
2024-11-15,223.77755737304688,225.6871240415238,223.05152776948486,225.1699449930133,47923700
2024-11-18,226.78115844726562,228.49181480220403,223.94663659117114,224.02620376766677,44633700
2024-11-19,227.0397491455078,228.90953992555222,225.4285554930197,225.74680903538962,36211800
2024-11-20,227.75584411621094,228.68078414631773,224.6627401240164,226.82094870348703,35169600
2024-11-21,227.2784423828125,228.9095315645878,224.48371169719937,227.63648708983084,42108300
2024-11-22,228.62110900878906,229.46649702017746,226.82094518602503,226.82094518602503,38168300
2024-11-25,231.60479736328125,231.982737654973,228.4918131754458,230.2024695182051,90152800
2024-11-26,233.7829132080078,234.29015208323423,232.06231657216094,232.06231657216094,45986200
2024-11-27,233.6536102294922,234.40949083683986,232.53970008294309,233.19611792325418,33498400
2024-11-29,236.04058837890625,236.51797629056327,232.698842645531,233.5342752849028,28481400
2024-12-02,238.2882843017578,239.4817615684827,235.8714939748314,235.98089694287458,48137100
2024-12-03,241.3316650390625,241.44106801091166,237.60203896586935,238.5070985351772,38861000
2024-12-04,241.689697265625,242.78372692760894,239.93926498233728,241.5504585064531,44383900
2024-12-05,241.71954345703125,243.21139387343032,240.81449907142343,242.66439419479377,40033900
2024-12-06,241.52064514160156,243.3009285590703,240.76477968960373,241.5902721155965,36870600
2024-12-09,245.40939331054688,245.89673657618508,240.43655859300793,240.51612576959502,44649200
2024-12-10,246.4238739013672,246.861485816723,244.0070681600661,245.54865007065558,36914800
2024-12-11,245.1508331298828,249.43741460876686,244.92207178593077,246.61284788068906,45205800
2024-12-12,246.6128387451172,247.3885997871069,244.34521203481492,245.54864477609476,32777500
2024-12-13,246.7819061279297,247.9355922748061,244.90217516923994,246.47359279661413,33155300
2024-12-16,249.67608642578125,250.01425073054844,246.3045049916291,246.6426692963963,51694800
2024-12-17,252.10281372070312,252.45091820627584,248.42291922357487,248.72129232893911,51356400
2024-12-18,246.7023468017578,252.89849494785605,246.39403346062903,250.7900177691265,56774100
2024-12-19,248.43287658691406,250.6308762664829,245.7475488049507,246.15532490458142,60882300
2024-12-20,253.10736083984375,253.6145845456153,244.35516822034685,246.69239156062656,147495300
2024-12-23,253.8831329345703,254.2610580907384,252.07301363460223,253.38584941381717,40858800
2024-12-24,256.7972412109375,256.80716624287646,253.90303208844082,254.101957652135,23234700
2024-12-26,257.6127014160156,258.6868506395932,256.2302692406472,256.7872242633273,27237100
2024-12-27,254.20138549804688,257.294504767908,251.68513210698922,256.4292059497028,42355300
2024-12-30,250.8297882080078,252.1227283114492,249.38766912858338,250.85962400320443,35557500
2024-12-31,249.05946350097656,251.90392569582917,248.07483671879714,251.0684930674946,39480700
2025-01-02,242.525146484375,247.74662274918373,240.50617687605325,247.57753302011443,55740700
2025-01-03,242.0377960205078,242.85333296895104,240.57578149587724,242.0377960205078,40244100
2025-01-06,243.66891479492188,245.98625772407811,241.87869116125097,242.98266113735735,45045600
2025-01-07,240.8940887451172,244.21593900697974,240.03876048613398,241.6598944370817,40856000
2025-01-08,241.38140869140625,242.38593107741448,238.74581220273618,240.6056476428208,37628900
2025-01-10,235.5631866455078,238.85520080045117,231.73409784256125,238.70600665338932,61710900
2025-01-13,233.12648010253906,233.39501742033124,228.47191419887113,232.2612117379593,49630700
2025-01-14,232.01258850097656,234.8371551382162,231.20699165927476,233.47460320476435,39435300
2025-01-15,236.57765197753906,237.66174156203553,233.15633900368562,233.36520475508792,39832000
2025-01-16,227.01986694335938,236.71689557722044,226.79112077355302,236.06049286491137,71759100
2025-01-17,228.73049926757812,231.02794645733286,227.23864886634655,230.85887189963304,68488300
2025-01-21,221.43038940429688,223.20071739531107,218.1881065481907,222.783001089375,98070400
2025-01-22,222.6139373779297,222.9023551356524,218.59587812819439,218.59587812819439,64126500
2025-01-23,222.44485473632812,225.7965406078772,221.09224303438072,223.51898889751178,60234800
2025-01-24,221.5696258544922,224.4041477572621,220.2070739772995,223.55875977197638,54697900
2025-01-27,228.6111602783203,230.88871192185238,222.76310174211312,222.80289291870474,94863400
2025-01-28,236.9655303955078,238.88505261672515,229.5560092044273,229.59580038333414,75707600
2025-01-29,238.05955505371094,238.55683854812662,232.73861559310797,232.84801856891494,45486100
2025-01-30,236.29917907714844,239.48179056573835,235.9212539220553,237.37331330002667,55658300
2025-01-31,234.71778869628906,245.84699474947953,232.1716998572169,245.84699474947953,100959800
2025-02-03,226.77120971679688,230.5704628324937,224.47376244068877,228.7404632470789,73063300
2025-02-04,231.5352020263672,231.86341095944582,225.4186058340825,226.0153521080233,45067300
2025-02-05,231.2069854736328,231.4058958330951,227.0298072213747,227.2883891710869,39620300
2025-02-06,231.95291137695312,232.5297620441898,229.17806101517482,230.03338922164468,29925300
2025-02-07,226.39328002929688,232.72866665415378,226.0252799376335,231.33627899238985,39707200
2025-02-10,226.66209411621094,229.58933825388894,226.21404995469493,228.57377553913867,33115600
2025-02-11,231.61053466796875,234.2092091135714,227.1400288616486,227.20971719471092,53718400
2025-02-12,235.84210205078125,235.93172304376256,229.67896101319025,230.19670873650108,45243300
2025-02-13,240.48187255859375,241.28835511000761,234.54774465400956,235.8819260401158,53614100
2025-02-14,243.53855895996094,244.484433375407,239.94422402720738,240.2030902821229,40896200
2025-02-18,243.4091033935547,244.11601378188342,240.79051163485408,243.0904847676353,48822500
2025-02-19,243.80738830566406,244.94244069837237,242.10481731288857,243.59830810290342,32204200
2025-02-20,244.7632293701172,245.7091038330044,243.2299036494767,243.87709210808563,32316900
2025-02-21,244.48443603515625,247.61080936192474,244.15586625078134,244.88269415360097,53197400
2025-02-24,246.0277099609375,247.7800669312537,243.3593319822528,243.86711335623195,51326400
2025-02-25,245.9679718017578,248.91513366913293,243.84722519384715,246.92381259977986,48013300
2025-02-26,239.31695556640625,243.91690216055417,238.0922974197643,243.26972892021308,44433600
2025-02-27,236.27024841308594,241.40786042901627,236.0312844149354,238.37109275336516,41153600
2025-02-28,240.79054260253906,241.03945773883657,229.20105446423008,235.9217631442628,56833400
2025-03-03,236.9970703125,242.97103338088397,235.08540395372597,240.7407483660274,47184000
2025-03-04,234.9061737060547,239.02822274747484,233.6615980851158,236.6784633674393,53798100
2025-03-05,234.7169952392578,235.5234777567522,228.23523611666363,234.3983766092207,47227600
2025-03-06,234.30877685546875,236.82779659290307,232.14819548977783,233.42263965762712,45170400
2025-03-07,238.03256225585938,240.32256924437755,233.74125275300776,234.08974000390756,46273600
2025-03-10,226.4928436279297,235.13518456664028,223.24699590534985,234.5178647329352,72071200
2025-03-11,219.88165283203125,224.8599551431671,216.50636447278404,222.8387656202518,76137400
2025-03-12,216.0384063720703,220.78771110845915,213.9773970817033,219.18469713036333,62547500
2025-03-13,208.77008056640625,215.899013195213,207.51555384047248,215.01287598245443,61368300
2025-03-14,212.56356811523438,213.0215634427817,208.67053186821337,210.33328309966757,60107600
2025-03-17,213.07135009765625,214.28605714072168,209.0588394397278,212.3843419118567,48073400
2025-03-18,211.7670135498047,214.21632963340127,210.57222410469132,213.23063555765447,42432400
2025-03-19,214.30596923828125,217.8106832228152,212.8224296395377,213.29039128502816,54385400
2025-03-20,213.17091369628906,216.5462020975973,211.29906714235267,213.0613904363763,48862900
2025-03-21,217.32281494140625,217.89033350890864,210.36314278996363,210.64192650603025,94127800
2025-03-24,219.7721405029297,220.5188858867363,217.63147647971348,220.04097309502072,44299500
2025-03-25,222.77903747558594,223.12752472855482,219.1249652538438,219.81197343150768,34493600
2025-03-26,220.56866455078125,224.04352508950674,219.51326687455483,222.5400680439697,34466100
2025-03-27,222.87860107421875,224.0136533961419,219.6028696378956,220.4292696466093,37094800
2025-03-28,216.9544219970703,222.8387793372666,216.73537546649092,220.7080664246457,39818600
2025-03-31,221.1660614013672,224.6409066608951,215.29165561007284,216.0682695484103,65299300
2025-04-01,222.22146606445312,222.70932997882656,217.95007407622174,218.85612876373423,36412700
2025-04-02,222.91842651367188,224.21278818927524,220.06088576879955,220.3595869543347,35905900
2025-04-03,202.30824279785156,206.58958563447752,200.37665915579902,204.64803566499702,103419000
2025-04-04,187.56253051757812,199.01262630823254,186.52703508606032,193.0486144227304,125910900
2025-04-07,180.6725616455078,193.30748067285785,173.86223225537526,176.43103817745248,160466300
2025-04-08,171.67178344726562,189.5140179775097,168.47572171547168,185.88981432593783,120859500
2025-04-09,197.98709106445312,199.7394480269994,171.14407803694525,171.20381523449285,184395900
2025-04-10,189.5936737060547,193.93475416517637,182.20587449762067,188.24954112448538,121880000
2025-04-11,197.2901153564453,198.67408279715283,185.2525839628914,185.2924188893916,87435900
2025-04-14,201.6411590576172,212.01593914767514,200.28706023476008,210.52244846919626,101352900
2025-04-15,201.2628173828125,202.62686743682656,198.93297540670014,200.98403365195668,51343900
2025-04-16,193.42697143554688,199.82906121923162,191.5352073519423,197.49921927320653,59732400
2025-04-17,196.1251983642578,197.9671763411939,193.5763099497932,196.34424488667963,52164700
2025-04-21,192.32179260253906,192.9590147372882,188.98632373298676,192.43131586910098,46742500
2025-04-22,198.8732452392578,200.715208155226,195.1196006832811,195.26894368988752,52976400
2025-04-23,203.71214294433594,207.09738254349836,201.9199510184256,205.10606155750318,52929200
2025-04-24,207.4657745361328,207.92378505310097,202.0593452871763,204.00088023313933,47311000
2025-04-25,208.371826171875,208.8397878176709,205.30519003897632,205.47445049920006,38222300
2025-04-28,209.2281036376953,210.5822025692478,206.55974070372147,209.08871177088434,38743100
2025-04-29,210.29345703125,211.31898611202763,207.46576971677675,207.78438836336602,36827600
2025-04-30,211.57785034179688,212.65316547487808,205.7731479657814,208.39173986928208,52286500
2025-05-01,212.39430236816406,213.62891164873253,207.99346964638974,208.1726964341785,57365700
2025-05-02,204.45889282226562,206.0917754590827,201.2827333487594,205.19567188008233,101010600
2025-05-05,198.02691650390625,203.21431440062256,197.34987465543003,202.21865389928206,69018500
2025-05-06,197.64854431152344,199.77925700053618,196.165020010421,197.3498583398735,51216500
2025-05-07,195.39837646484375,198.574535944944,192.41139491378883,198.30570335142838,68536700
2025-05-08,196.6330108642578,199.18189948520052,193.8351919089676,196.86200854076802,50478900
2025-05-09,197.66847229003906,199.6697443694255,196.6827629534363,198.1364339272832,36453900
2025-05-12,210.15048217773438,210.62903686932515,206.12274573806786,210.32994399020487,63775800
2025-05-13,212.2840118408203,212.7525871854542,208.36594186281494,209.7915962682986,51909300
2025-05-14,211.68582153320312,213.29093762104833,209.94113079478424,211.78550901932945,49325800
2025-05-15,210.8084716796875,212.31390017581901,208.90426284202815,210.3099886465303,45029500
2025-05-16,210.6190643310547,211.92510277199543,209.1335944967917,211.71573318604425,54737900
2025-05-19,208.14659118652344,208.84446444770495,203.64029993754312,207.27923550566183,46140500
2025-05-20,206.232421875,207.83753801206538,204.40797196423648,207.03996203611737,42496600
2025-05-21,201.4768829345703,206.41186226922272,200.10108001028593,204.5475404614086,59211800
2025-05-22,200.7490997314453,202.1348820380274,199.09413231135568,200.1010778345708,46742400
2025-05-23,194.67758178710938,197.10020219746903,192.8730755135501,193.0824298832746,78432900
2025-05-27,199.60260009765625,200.1309909415137,196.83102019804124,197.6983910952664,56288500
2025-05-28,199.81195068359375,202.11494001836002,199.2935240345892,199.98143310081724,45339700
2025-05-29,199.3433837890625,203.19167383577107,197.90775006205254,202.9623758748587,51396800
2025-05-30,200.24066162109375,201.3472946799051,196.18300200128658,198.7651407343476,70819900
2025-06-02,201.08807373046875,201.51677709467234,199.51286535414474,199.67238359256916,35423300
2025-06-03,202.6533203125,203.1518034040851,200.35033086337637,200.73914706631285,46381600
2025-06-04,202.20468139648438,205.6143037964219,201.48686455307688,202.29440469878628,43604000
2025-06-05,200.02133178710938,204.12882762641604,199.54277706238673,202.88261988754903,55126100
2025-06-06,203.30133056640625,205.07592905349443,201.4370087789868,202.3841235560851,46607700
2025-06-09,200.83883666992188,205.37503589356555,199.4131823149893,203.76991971327615,72862600
2025-06-10,202.05511474609375,203.73002568042446,199.96149509379936,199.9914028593682,54672600
2025-06-11,198.17694091796875,203.8795888248368,197.8080682902945,202.88262262031438,60989900
2025-06-12,198.5956573486328,199.07419684911244,196.7612432530472,198.47602627663701,43904600
2025-06-13,195.85398864746094,199.76209396079906,195.1062640673262,199.12403626091725,51447300
2025-06-16,197.8180389404297,198.08722408394675,195.96368113091867,196.7014416228738,43020700
2025-06-17,195.0464630126953,197.7881200100286,194.61777485692886,196.60172782081946,38856200
2025-06-18,195.9835968017578,196.97059871241268,194.4781834746436,195.34553910938874,45394700
2025-06-20,200.39019775390625,201.08807102199273,196.2627584683704,197.63857663438114,96813500
2025-06-23,200.888671875,201.686247808318,198.3563846401482,201.01828233775666,55814300
2025-06-24,199.6923065185547,202.82277936444737,199.59260382672892,201.9753521214132,54064000
2025-06-25,200.94850158691406,203.05210084338043,200.01135094007643,200.83883469818846,39525700
2025-06-26,200.39019775390625,202.025221644493,198.85487656411598,200.81888589983927,50799100
2025-06-27,200.46995544433594,202.60346239871808,199.39323017588663,201.2774955925489,73188600
2025-06-30,204.54754638671875,206.7608124915243,198.6554726965608,201.39712965217615,91912800
2025-07-01,207.18951416015625,209.55231908550664,205.51460310500556,206.04299395149746,78788900
2025-07-02,211.79550170898438,212.6927652029137,207.50854401160626,208.27621224418834,67941800
2025-07-03,212.90213012695312,213.9987837940836,211.16740350258758,211.5063683517463,34955800
2025-07-07,209.3130340576172,215.57398008038285,208.16652910348648,212.03474730839852,50229000
2025-07-08,209.3728485107422,210.78853856973336,207.81758380403343,209.46258702266434,42848900
2025-07-09,210.49942016601562,210.68884615759353,206.5913149088396,208.89430414855983,48749400
2025-07-10,211.7655792236328,212.83232507172787,209.39279496736208,209.87133445003573,44443600
2025-07-11,210.51937866210938,211.48643705736623,209.2233196075129,209.931172276849,39765800
2025-07-14,207.98707580566406,210.27013683517245,206.91035052542594,209.29309904361602,38840100
2025-07-15,208.4755859375,211.24715053377864,208.28615994072268,208.5852528191871,42296300
2025-07-16,209.52239990234375,211.75559423754484,208.00700716596054,209.6619745482938,47490500
2025-07-17,209.38284301757812,211.1574416148312,208.95413964633332,209.93117746335784,48068100
2025-07-18,210.53929138183594,211.1474413046512,209.06378582955284,210.23023432823226,48974600
2025-07-21,211.83535766601562,215.12534891613055,210.98794558852114,211.45652088357517,51377400
2025-07-22,213.74952697753906,214.29786137817433,211.58611235366487,212.49335516085276,46404100
2025-07-23,213.5002899169922,214.4972560435483,211.76557859278188,214.3477172095632,46989300
2025-07-24,213.11148071289062,215.03563331063384,212.8821827557749,213.25105536667797,46022600
2025-07-25,213.2311248779297,214.58699944946258,212.7525701732737,214.04862920984866,40268800
2025-07-28,213.40060424804688,214.19818019857897,212.41360229785764,213.3806606658472,37858000
2025-07-29,210.62904357910156,214.1582970701604,210.18041185237743,213.53020352524888,51411700
2025-07-30,208.415771484375,211.74563469104578,207.0898047125579,211.25711581327238,45512500
2025-07-31,206.9402618408203,209.2033639475293,206.5315020865265,207.85746883247032,80698400
2025-08-01,201.76602172851562,212.93203997684435,200.88868661623732,210.23025491744008,104434500
2025-08-04,202.7330780029297,207.24933356384108,201.06813110178,203.8895472057539,75109300
2025-08-05,202.30438232421875,204.71703873665678,201.5466934780596,202.78292184745098,44155100
2025-08-06,212.60302734375,214.72657006985978,204.96626313259566,205.00615029681612,108483100
2025-08-07,219.3624725341797,220.1799921230299,215.92294217468134,218.21596748517925,90224800
2025-08-08,228.65420532226562,230.29919347638386,218.58484056145957,220.16004899168945,113854000
2025-08-11,226.74781799316406,229.12329528601256,224.3324234952035,227.4864157407103,61806100
2025-08-12,229.21310424804688,230.36092560837628,226.63802588155738,227.57622481823222,55626200
2025-08-13,232.88612365722656,234.55294488479396,229.99163136972763,230.6304284784954,69878500
2025-08-14,232.33717346191406,234.67271834509882,230.41085227691244,233.61473725595164,51916300
2025-08-15,231.1494140625,233.834298979768,228.9036945156081,233.5548328767578,56038700
2025-08-18,230.45074462890625,232.67649791960375,229.6722297518056,231.2592012143754,37476200
2025-08-19,230.1213836669922,232.42698672077375,228.9136940815642,230.84001516813981,39402600
2025-08-20,225.5800323486328,230.0315543310328,225.3404986724704,229.54248102593337,42263900
2025-08-21,224.47213745117188,226.08906587116957,223.3542730460458,225.8395414786139,30621200
2025-08-22,227.3267059326172,228.65417758009713,224.98118568943215,225.73973438952316,42477800
2025-08-25,226.7278594970703,228.86378779922748,225.79962078901826,226.0491451945495,30983100
2025-08-26,228.87376403808594,229.0534295301293,224.26255788237486,226.43840339540802,54575100
2025-08-27,230.05152893066406,230.46073738560713,227.82576024347395,228.17510050695543,31259500
2025-08-28,232.11758422851562,232.9659733126178,228.90370861616245,230.3809040856524,38074700
2025-08-29,231.69837951660156,232.9360260407387,230.92984008944924,232.0676707602769,39418400
2025-09-02,229.28298950195312,230.4108447009183,226.53822101083426,228.81388239599917,44075600
2025-09-03,238.01634216308594,238.395624134605,233.9141603097862,236.75874463665696,66427800
2025-09-04,239.3238525390625,239.4436193831587,236.28964239378743,237.9963808412042,47549400
2025-09-05,239.2340087890625,240.86091270031892,238.03629475202086,239.54341659874092,54870400
2025-09-08,237.42745971679688,239.69313028194867,235.89038089866295,238.84475646782593,48999500
2025-09-09,233.9041748046875,238.3257397896772,232.9160527142261,236.54912730927947,66313900
2025-09-10,226.35855102539062,231.97784546194652,225.52015268533836,231.7482872752143,83440800
2025-09-11,229.59239196777344,230.01159113632517,226.21881717306923,226.44839058875493,50208600
2025-09-12,233.62472534179688,234.0638755168574,228.58432913969838,228.78394562468256,55824200
2025-09-15,236.24969482421875,237.7368657054393,234.58287368836292,236.54912714503797,42699500
2025-09-16,237.6969451904297,240.76111223381088,235.87043992435724,236.72878926810645,63421100
2025-09-17,238.5353546142578,239.6432435766681,237.27774187166392,238.5153883976145,46508000
2025-09-18,237.42745971679688,240.74113579799257,236.199788714976,239.5134800259323,44249600
2025-09-19,245.032958984375,245.83144010441063,239.7530294205925,240.77107799962133,163741300
2025-09-22,255.5928192138672,256.15178189089505,247.64797087114997,247.82763635806887,105517400
2025-09-23,253.9459686279297,256.8504363399061,253.0975947938589,255.39322235208516,60275200
2025-09-24,251.8300018310547,255.2534845023776,250.56241362070242,254.73446948849343,42303700
2025-09-25,256.3813171386719,256.6807646844572,251.2311452680336,252.72829161839874,55202100
2025-09-26,254.97401428222656,257.10994249251326,253.2972024297037,253.61660096533106,46076300
2025-09-29,253.9459686279297,254.5148915782133,252.52867184357527,254.0757261912774,40127700
2025-09-30,254.14559936523438,255.4331385813304,252.6284867333586,254.37515755125318,37704300
2025-10-01,254.9640350341797,258.29769267334166,254.44502000530687,254.55481135314994,48713900
2025-10-02,256.6408386230469,257.68882891050583,253.66649683440303,256.09186667190835,42630200
2025-10-03,257.5291442871094,258.7468246365968,253.46689477740222,254.18552630266564,49155600
2025-10-06,256.2016906738281,258.5771679771474,254.56481112131073,257.49920544747016,44664100
2025-10-07,255.99208068847656,256.91031341337026,254.94405994391948,256.3214394907812,31955800
2025-10-08,257.5690612792969,258.0281776413904,255.62275879770374,256.03198246417537,36496900
2025-10-09,253.55670166015625,257.50917476461467,252.65841993311406,257.3195337882977,38322000
2025-10-10,244.80340576171875,255.8922708493858,243.53581752909898,254.45500785015722,61999100
2025-10-13,247.18885803222656,249.2149949644775,245.09284695690994,248.90558714178317,38142900
2025-10-14,247.29864501953125,248.37659224814226,244.23447809703134,246.13087266264282,35478000
2025-10-15,248.8656463623047,251.3409393203658,246.99920876557604,249.01537013681215,33893600
2025-10-16,246.979248046875,248.56621957555782,244.66366953460536,247.7777291727393,39777000
2025-10-17,251.81002807617188,252.89796599708643,246.79958926324147,247.5481624372989,49147000
2025-10-20,261.7411193847656,263.87706298772724,255.14370850365398,255.4032084113237,90483000
2025-10-21,262.2701110839844,264.7853366806196,261.33189684706855,261.38182000576944,46695900
2025-10-22,257.9583435058594,262.349966966352,254.94406918261987,262.15033525743416,45015300
2025-10-23,259.0861511230469,260.12418111371363,257.51916110368444,259.4454820834593,32754900
2025-10-24,262.32000732421875,263.6275126875418,258.68691759501684,260.69310343226954,38253700
2025-10-27,268.2986145019531,268.60802232244004,264.1465248140549,264.37609822840903,44888200
2025-10-28,268.4882507324219,269.3765722048576,267.63986169210665,268.4782600095115,41534800
2025-10-29,269.1869201660156,270.8936584399069,266.6018207191691,268.76770579477784,51086700
2025-10-30,270.8836669921875,273.6184749716116,267.969239224885,271.4725408872279,69886500
2025-10-31,269.85565185546875,276.79244258078194,268.647962249571,276.4630533049319,86167100
2025-11-03,268.53814697265625,270.33474092754267,265.74348587775046,269.90556627002525,50194600
2025-11-04,269.5262756347656,270.9734988318123,267.11086611942017,267.8195068636227,49274800
2025-11-05,269.6260986328125,271.18312844251227,266.4221834255846,268.0989800730272,43683100
2025-11-06,269.25677490234375,272.8798740142925,267.38037702601645,267.38037702601645,51204000
2025-11-07,267.9592590332031,271.7719991063764,266.26248096015127,269.28671541495146,48227400
2025-11-10,269.1781311035156,273.4741297822401,267.20997142836535,268.7085692371889,41312400
2025-11-11,274.99267578125,275.65206242273547,269.5477586519058,269.55775905965567,46208300
2025-11-12,273.21435546875,275.4722525277038,271.4460210796085,274.74292397164845,48398000
2025-11-13,272.6948547363281,276.4413491841305,271.83564282199285,273.85374352181776,49602800
2025-11-14,272.15533447265625,275.70200347225597,269.3479639093673,270.7965900477885,47431300
2025-11-17,267.2099609375,270.2371271729127,265.48159771217263,268.5687054184609,45018300
2025-11-18,267.19000244140625,270.4569347049811,265.0719890725528,269.7376065335732,45677300
2025-11-19,268.3089294433594,271.9555110777923,265.2517925781922,265.2817633125939,40424500
2025-11-20,266.0010986328125,275.17250947675234,265.67142054546326,270.5768036466949,45823600
2025-11-21,271.2361755371094,273.0744516711978,265.4216397990326,265.70137680880595,59030800
2025-11-24,275.6620788574219,276.7410558404627,270.64675212306133,270.64675212306133,65585800
2025-11-25,276.7110900878906,280.1179060838009,274.9926967216935,275.012667049666,46914200
2025-11-26,277.29052734375,279.26868736786383,276.3714044558947,276.70108254872224,33431400
2025-11-28,278.5893249511719,278.73917862681736,275.73198274965245,277.0008150112318,20135600
2025-12-01,282.8353576660156,283.1550658399818,275.88187257202503,277.75011957449965,46587700
2025-12-02,285.9224548339844,287.1313151163589,282.36578537497866,282.7354345985028,53669500
2025-12-03,283.8843688964844,288.35019153510143,283.0351573834178,285.9324708384744,43538700
2025-12-04,280.4375915527344,284.46382276925783,278.32954829392816,283.83440686502166,43989100
2025-12-05,278.5193786621094,280.8771882481053,277.79005013345267,280.27774306596746,47265800
2025-12-08,277.6302185058594,279.4085531850005,275.8918244790692,277.86998437615557,38211800
2025-12-09,276.9208679199219,279.7682096639769,276.6611317163261,277.8999627322321,32193300
2025-12-10,278.5193786621094,279.48847306800184,276.1815698919154,277.490342786908,33038300
2025-12-11,277.77008056640625,279.3286197507982,273.5540244422053,278.83908758708685,33248000
2025-12-12,278.0198669433594,278.9589906850317,276.5612402656973,277.64021728323,39532900
2025-12-15,273.8537292480469,279.8880911943856,272.5849275039148,279.8880911943856,50409100
2025-12-16,274.353271484375,275.2424541197232,271.53593087885605,272.5649667835892,37648600
2025-12-17,271.58587646484375,275.90184538512057,271.38608172110213,274.75292651919426,50138700
2025-12-18,271.935546875,273.374203136776,266.7004552212896,273.35420232069225,51630700
2025-12-19,273.4141845703125,274.34330788170604,269.64768928264715,271.8955859651445,144632000
2025-12-22,270.7166748046875,273.62395794129594,270.25711338978425,272.6048920133635,36571800
2025-12-23,272.1053771972656,272.2452609569047,269.30800689497966,270.5868091030317,29642000
2025-12-24,273.55401611328125,275.17249671786806,271.9455359163183,272.085389177814,17910600
2025-12-26,273.1444091796875,275.1125687682936,272.6049054553,273.9037084592662,21521800
2025-12-29,273.50408935546875,274.10350406329195,272.0954038139857,272.4350823114352,23715200
2025-12-30,272.82470703125,273.82377221524894,272.02546707967076,272.5549704076282,22139600
2025-12-31,271.6058349609375,273.42414083736213,271.49595243002375,272.80472532736104,27293600
2026-01-02,270.75665283203125,277.58025431004916,268.7485221479618,272.0054842546519,37838100
2026-01-05,267.0101623535156,271.25618925068443,265.89121426121545,270.38700744645297,45647200
2026-01-06,262.1147155761719,267.2998660934885,261.8749496989937,266.7503924619391,52352100
2026-01-07,260.08660888671875,263.4334831315393,259.56710600115036,262.95395138764474,48309800
2026-01-08,258.7978515625,259.0476178563403,255.46096229095477,256.7797203952787,50419300
2026-01-09,259.1275329589844,259.9667440583015,255.98048371428257,258.8377955175017,39997000
2026-01-12,260.0067138671875,261.05572011368304,256.5599267903311,258.9177364764393,45263800
2026-01-13,260.8059387207031,261.56523797230057,258.148452318208,258.4781303943212,45730800
2026-01-14,259.71697998046875,261.57525710051715,256.4700180914029,259.247418118488,40019400
2026-01-15,257.9685974121094,260.7959687899761,256.8096782083212,260.40631875644857,39388600
2026-01-16,255.29112243652344,258.6579671912775,254.69167723491495,257.6589020182799,72142800
2026-01-20,246.46937561035156,254.55180921698133,243.19244305608962,252.49373739571587,80267500
2026-01-21,247.41848754882812,251.3248360900433,244.9507953165175,248.46750904444812,54641700
2026-01-22,248.1178436279297,250.76536025794266,247.9180183962477,248.96703988447874,39708300
2026-01-23,247.80812072753906,249.17685039145397,244.45126111041233,247.08880782235642,41689000
2026-01-26,255.17123413085938,256.32015295784896,249.5664780183616,251.24490015634893,55969200
2026-01-27,258.0285339355469,261.70511669708895,257.96859246831417,258.92771692213245,49648300
2026-01-28,256.2002868652344,258.61800761819165,254.27208306792676,257.409147241713,41288000
2026-01-29,258.0385437011719,259.4072580677027,254.17216647920577,257.75880668092503,67253000
2026-01-30,259.2374267578125,261.6551472598355,251.94423313215475,254.93144331105526,92443400
2026-02-02,269.7575988769531,270.2371306501278,258.9676766447768,259.7869174093499,73913400
2026-02-03,269.22808837890625,271.6258386480508,267.3598109321867,268.9483513556569,64394700
2026-02-04,276.23150634765625,278.68922850453845,272.03545112075,272.03545112075,90545700
2026-02-05,275.6520690917969,279.2387093202658,272.97458180817284,277.86999494352693,52977400
2026-02-06,277.8599853515625,280.6473855638201,276.67109542368036,276.8609202349588,50453400
2026-02-09,274.6199951171875,278.20001220703125,271.70001220703125,277.9100036621094,44623400
2026-02-10,273.67999267578125,275.3699951171875,272.94000244140625,274.8900146484375,34376900
2026-02-11,275.5,280.17999267578125,274.45001220703125,274.70001220703125,51931300
2026-02-12,261.7300109863281,275.7200012207031,260.17999267578125,275.5899963378906,81077200
2026-02-13,255.77999877929688,262.2300109863281,255.4499969482422,262.010009765625,56290700
2026-02-17,263.8800048828125,266.2900085449219,255.5399932861328,258.04998779296875,58469100
2026-02-18,264.3500061035156,266.82000732421875,262.45001220703125,263.6000061035156,34203300
2026-02-19,260.5799865722656,264.4800109863281,260.04998779296875,262.6000061035156,30845300
2026-02-20,264.5799865722656,264.75,258.1600036621094,258.9700012207031,42070500
2026-02-23,266.17999267578125,269.42999267578125,263.3800048828125,263.489990234375,37308200
2026-02-24,272.1400146484375,274.8900146484375,267.7099914550781,267.8599853515625,47014600
2026-02-25,274.2300109863281,274.94000244140625,271.04998779296875,271.7799987792969,33714300
2026-02-26,272.95001220703125,276.1099853515625,270.79998779296875,274.95001220703125,32345100
2026-02-27,264.17999267578125,272.80999755859375,262.8900146484375,272.80999755859375,72366500
2026-03-02,264.7200012207031,266.5299987792969,260.20001220703125,262.4100036621094,41827900
2026-03-03,263.75,265.55999755859375,260.1300048828125,263.4800109863281,38568900
2026-03-04,262.5199890136719,266.1499938964844,261.4200134277344,264.6499938964844,39803100
2026-03-05,260.2900085449219,261.55999755859375,257.25,260.7900085449219,49658600
2026-03-06,257.4599914550781,258.7699890136719,254.3699951171875,258.6300048828125,41120000
2026-03-09,259.8800048828125,261.1499938964844,253.67999267578125,255.69000244140625,38218500
2026-03-10,260.8299865722656,262.4800109863281,256.95001220703125,257.6499938964844,30590800
2026-03-11,260.80999755859375,262.1300048828125,259.54998779296875,261.0899963378906,26218900
2026-03-12,255.75999450683594,258.95001220703125,254.17999267578125,258.6600036621094,40794000
2026-03-13,250.1199951171875,256.3299865722656,249.52000427246094,255.47999572753906,36930000
2026-03-16,252.82000732421875,253.88999938964844,249.8800048828125,252.11000061035156,32074200
2026-03-17,254.22999572753906,255.1300048828125,252.17999267578125,252.9600067138672,32361600
2026-03-18,249.94000244140625,254.94000244140625,249.0,252.6300048828125,35757900
2026-03-19,248.9600067138672,251.8300018310547,247.3000030517578,249.39999389648438,34864100
2026-03-20,247.99000549316406,249.1999969482422,246.0,247.97999572753906,88331100
2026-03-23,251.49000549316406,254.60000610351562,250.27999877929688,253.97000122070312,40546100
2026-03-24,251.63999938964844,254.8249969482422,249.5500030517578,250.49000549316406,27882961
