Date,Close,High,Low,Open,Volume
2011-03-25,9.714779024133436e+34,9.714779024133436e+34,9.714779024133436e+34,9.714779024133436e+34,0
2011-03-28,9.714779024133436e+34,9.714779024133436e+34,9.714779024133436e+34,9.714779024133436e+34,0
2011-03-29,9.714779024133436e+34,9.714779024133436e+34,9.714779024133436e+34,9.714779024133436e+34,0
2011-03-30,9.714779024133436e+34,9.714779024133436e+34,9.714779024133436e+34,9.714779024133436e+34,0
2011-03-31,9.714779024133436e+34,9.714779024133436e+34,9.714779024133436e+34,9.714779024133436e+34,0
2011-04-01,9.714779024133436e+34,9.714779024133436e+34,9.714779024133436e+34,9.714779024133436e+34,0
2011-04-04,9.714779024133436e+34,9.714779024133436e+34,9.714779024133436e+34,9.714779024133436e+34,0
2011-04-05,9.714779024133436e+34,9.714779024133436e+34,9.714779024133436e+34,9.714779024133436e+34,0
2011-04-06,9.714779024133436e+34,9.714779024133436e+34,9.714779024133436e+34,9.714779024133436e+34,0
2011-04-07,9.714779024133436e+34,9.714779024133436e+34,9.714779024133436e+34,9.714779024133436e+34,0
2011-04-08,9.714779024133436e+34,9.714779024133436e+34,9.714779024133436e+34,9.714779024133436e+34,0
2011-04-11,9.714779024133436e+34,9.714779024133436e+34,9.714779024133436e+34,9.714779024133436e+34,0
2011-04-12,9.714779024133436e+34,9.714779024133436e+34,9.714779024133436e+34,9.714779024133436e+34,0
2011-04-13,9.714779024133436e+34,9.714779024133436e+34,9.714779024133436e+34,9.714779024133436e+34,0
2011-04-14,9.714779024133436e+34,9.714779024133436e+34,9.714779024133436e+34,9.714779024133436e+34,0
2011-04-15,9.714779024133436e+34,9.714779024133436e+34,9.714779024133436e+34,9.714779024133436e+34,0
2011-04-18,9.36364277892631e+34,9.36364277892631e+34,9.36364277892631e+34,9.36364277892631e+34,250
2011-04-19,9.36364277892631e+34,9.36364277892631e+34,9.36364277892631e+34,9.36364277892631e+34,0
2011-04-20,9.36364277892631e+34,9.36364277892631e+34,9.36364277892631e+34,9.36364277892631e+34,0
2011-04-21,9.36364277892631e+34,9.36364277892631e+34,9.36364277892631e+34,9.36364277892631e+34,0
2011-04-25,9.36364277892631e+34,9.36364277892631e+34,9.36364277892631e+34,9.36364277892631e+34,0
2011-04-26,9.36364277892631e+34,9.36364277892631e+34,9.36364277892631e+34,9.36364277892631e+34,0
2011-04-27,9.36364277892631e+34,9.36364277892631e+34,9.36364277892631e+34,9.36364277892631e+34,0
2011-04-28,9.36364277892631e+34,9.36364277892631e+34,9.36364277892631e+34,9.36364277892631e+34,0
2011-04-29,9.36364277892631e+34,9.36364277892631e+34,9.36364277892631e+34,9.36364277892631e+34,0
2011-05-02,9.36364277892631e+34,9.36364277892631e+34,9.36364277892631e+34,9.36364277892631e+34,0
2011-05-03,9.36364277892631e+34,9.36364277892631e+34,9.36364277892631e+34,9.36364277892631e+34,0
2011-05-04,9.36364277892631e+34,9.36364277892631e+34,9.36364277892631e+34,9.36364277892631e+34,0
2011-05-05,9.36364277892631e+34,9.36364277892631e+34,9.36364277892631e+34,9.36364277892631e+34,0
2011-05-06,9.36364277892631e+34,9.36364277892631e+34,9.36364277892631e+34,9.36364277892631e+34,0
2011-05-09,9.36364277892631e+34,9.36364277892631e+34,9.36364277892631e+34,9.36364277892631e+34,0
2011-05-10,9.36364277892631e+34,9.36364277892631e+34,9.36364277892631e+34,9.36364277892631e+34,0
2011-05-11,9.36364277892631e+34,9.36364277892631e+34,9.36364277892631e+34,9.36364277892631e+34,0
2011-05-12,9.36364277892631e+34,9.36364277892631e+34,9.36364277892631e+34,9.36364277892631e+34,0
2011-05-13,9.36364277892631e+34,9.36364277892631e+34,9.36364277892631e+34,9.36364277892631e+34,0
2011-05-16,9.36364277892631e+34,9.36364277892631e+34,9.36364277892631e+34,9.36364277892631e+34,0
2011-05-17,9.36364277892631e+34,9.36364277892631e+34,9.36364277892631e+34,9.36364277892631e+34,0
2011-05-18,9.36364277892631e+34,9.36364277892631e+34,9.36364277892631e+34,9.36364277892631e+34,0
2011-05-19,9.36364277892631e+34,9.36364277892631e+34,9.36364277892631e+34,9.36364277892631e+34,0
2011-05-20,9.36364277892631e+34,9.36364277892631e+34,9.36364277892631e+34,9.36364277892631e+34,0
2011-05-23,9.36364277892631e+34,9.36364277892631e+34,9.36364277892631e+34,9.36364277892631e+34,0
2011-05-24,9.36364277892631e+34,9.36364277892631e+34,9.36364277892631e+34,9.36364277892631e+34,0
2011-05-25,9.36364277892631e+34,9.36364277892631e+34,9.36364277892631e+34,9.36364277892631e+34,0
2011-05-26,9.36364277892631e+34,9.36364277892631e+34,9.36364277892631e+34,9.36364277892631e+34,0
2011-05-27,9.36364277892631e+34,9.36364277892631e+34,9.36364277892631e+34,9.36364277892631e+34,0
2011-05-31,9.36364277892631e+34,9.36364277892631e+34,9.36364277892631e+34,9.36364277892631e+34,0
2011-06-01,9.36364277892631e+34,9.36364277892631e+34,9.36364277892631e+34,9.36364277892631e+34,0
2011-06-02,9.36364277892631e+34,9.36364277892631e+34,9.36364277892631e+34,9.36364277892631e+34,0
2011-06-03,9.36364277892631e+34,9.36364277892631e+34,9.36364277892631e+34,9.36364277892631e+34,0
2011-06-06,9.36364277892631e+34,9.36364277892631e+34,9.36364277892631e+34,9.36364277892631e+34,0
2011-06-07,9.36364277892631e+34,9.36364277892631e+34,9.36364277892631e+34,9.36364277892631e+34,0
2011-06-08,9.36364277892631e+34,9.36364277892631e+34,9.36364277892631e+34,9.36364277892631e+34,0
2011-06-09,9.36364277892631e+34,9.36364277892631e+34,9.36364277892631e+34,9.36364277892631e+34,0
2011-06-10,9.36364277892631e+34,9.36364277892631e+34,9.36364277892631e+34,9.36364277892631e+34,0
2011-06-13,9.36364277892631e+34,9.36364277892631e+34,9.36364277892631e+34,9.36364277892631e+34,0
2011-06-14,9.36364277892631e+34,9.36364277892631e+34,9.36364277892631e+34,9.36364277892631e+34,0
2011-06-15,9.36364277892631e+34,9.36364277892631e+34,9.36364277892631e+34,9.36364277892631e+34,0
2011-06-16,9.36364277892631e+34,9.36364277892631e+34,9.36364277892631e+34,9.36364277892631e+34,0
2011-06-17,9.36364277892631e+34,9.36364277892631e+34,9.36364277892631e+34,9.36364277892631e+34,0
2011-06-20,9.36364277892631e+34,9.36364277892631e+34,9.36364277892631e+34,9.36364277892631e+34,0
2011-06-21,9.36364277892631e+34,9.36364277892631e+34,9.36364277892631e+34,9.36364277892631e+34,0
2011-06-22,9.36364277892631e+34,9.36364277892631e+34,9.36364277892631e+34,9.36364277892631e+34,0
2011-06-23,9.36364277892631e+34,9.36364277892631e+34,9.36364277892631e+34,9.36364277892631e+34,0
2011-06-24,9.36364277892631e+34,9.36364277892631e+34,9.36364277892631e+34,9.36364277892631e+34,0
2011-06-27,9.36364277892631e+34,9.36364277892631e+34,9.36364277892631e+34,9.36364277892631e+34,0
2011-06-28,9.36364277892631e+34,9.36364277892631e+34,9.36364277892631e+34,9.36364277892631e+34,0
2011-06-29,2.496971407713683e+35,2.496971407713683e+35,2.496971407713683e+35,2.496971407713683e+35,0
2011-06-30,2.496971407713683e+35,2.496971407713683e+35,2.496971407713683e+35,2.496971407713683e+35,0
2011-07-01,2.496971407713683e+35,2.496971407713683e+35,2.496971407713683e+35,2.496971407713683e+35,0
2011-07-05,2.496971407713683e+35,2.496971407713683e+35,2.496971407713683e+35,2.496971407713683e+35,0
2011-07-06,2.496971407713683e+35,2.496971407713683e+35,2.496971407713683e+35,2.496971407713683e+35,0
2011-07-07,2.496971407713683e+35,2.496971407713683e+35,2.496971407713683e+35,2.496971407713683e+35,0
2011-07-08,2.496971407713683e+35,2.496971407713683e+35,2.496971407713683e+35,2.496971407713683e+35,0
2011-07-11,2.496971407713683e+35,2.496971407713683e+35,2.496971407713683e+35,2.496971407713683e+35,0
2011-07-12,2.496971407713683e+35,2.496971407713683e+35,2.496971407713683e+35,2.496971407713683e+35,0
2011-07-13,2.496971407713683e+35,2.496971407713683e+35,2.496971407713683e+35,2.496971407713683e+35,0
2011-07-14,2.496971407713683e+35,2.496971407713683e+35,2.496971407713683e+35,2.496971407713683e+35,0
2011-07-15,2.496971407713683e+35,2.496971407713683e+35,2.496971407713683e+35,2.496971407713683e+35,0
2011-07-18,2.496971407713683e+35,2.496971407713683e+35,2.496971407713683e+35,2.496971407713683e+35,0
2011-07-19,2.496971407713683e+35,2.496971407713683e+35,2.496971407713683e+35,2.496971407713683e+35,0
2011-07-20,2.496971407713683e+35,2.496971407713683e+35,2.496971407713683e+35,2.496971407713683e+35,0
2011-07-21,2.496971407713683e+35,2.496971407713683e+35,2.496971407713683e+35,2.496971407713683e+35,0
2011-07-22,2.496971407713683e+35,2.496971407713683e+35,2.496971407713683e+35,2.496971407713683e+35,0
2011-07-25,2.496971407713683e+35,2.496971407713683e+35,2.496971407713683e+35,2.496971407713683e+35,0
2011-07-26,2.496971407713683e+35,2.496971407713683e+35,2.496971407713683e+35,2.496971407713683e+35,0
2011-07-27,2.496971407713683e+35,2.496971407713683e+35,2.496971407713683e+35,2.496971407713683e+35,0
2011-07-28,2.496971407713683e+35,2.496971407713683e+35,2.496971407713683e+35,2.496971407713683e+35,0
2011-07-29,2.496971407713683e+35,2.496971407713683e+35,2.496971407713683e+35,2.496971407713683e+35,0
2011-08-01,2.496971407713683e+35,2.496971407713683e+35,2.496971407713683e+35,2.496971407713683e+35,0
2011-08-02,2.496971407713683e+35,2.496971407713683e+35,2.496971407713683e+35,2.496971407713683e+35,0
2011-08-03,2.496971407713683e+35,2.496971407713683e+35,2.496971407713683e+35,2.496971407713683e+35,0
2011-08-04,2.496971407713683e+35,2.496971407713683e+35,2.496971407713683e+35,2.496971407713683e+35,0
2011-08-05,2.496971407713683e+35,2.496971407713683e+35,2.496971407713683e+35,2.496971407713683e+35,0
2011-08-08,2.496971407713683e+35,2.496971407713683e+35,2.496971407713683e+35,2.496971407713683e+35,0
2011-08-09,2.496971407713683e+35,2.496971407713683e+35,2.496971407713683e+35,2.496971407713683e+35,0
2011-08-10,2.496971407713683e+35,2.496971407713683e+35,2.496971407713683e+35,2.496971407713683e+35,0
2011-08-11,2.496971407713683e+35,2.496971407713683e+35,2.496971407713683e+35,2.496971407713683e+35,0
2011-08-12,2.496971407713683e+35,2.496971407713683e+35,2.496971407713683e+35,2.496971407713683e+35,0
2011-08-15,2.496971407713683e+35,2.496971407713683e+35,2.496971407713683e+35,2.496971407713683e+35,0
2011-08-16,2.496971407713683e+35,2.496971407713683e+35,2.496971407713683e+35,2.496971407713683e+35,0
2011-08-17,2.496971407713683e+35,2.496971407713683e+35,2.496971407713683e+35,2.496971407713683e+35,0
2011-08-18,2.496971407713683e+35,2.496971407713683e+35,2.496971407713683e+35,2.496971407713683e+35,0
2011-08-19,2.496971407713683e+35,2.496971407713683e+35,2.496971407713683e+35,2.496971407713683e+35,0
2011-08-22,2.496971407713683e+35,2.496971407713683e+35,2.496971407713683e+35,2.496971407713683e+35,0
2011-08-23,2.496971407713683e+35,2.496971407713683e+35,2.496971407713683e+35,2.496971407713683e+35,0
2011-08-24,2.496971407713683e+35,2.496971407713683e+35,2.496971407713683e+35,2.496971407713683e+35,0
2011-08-25,2.496971407713683e+35,2.496971407713683e+35,2.496971407713683e+35,2.496971407713683e+35,0
2011-08-26,2.496971407713683e+35,2.496971407713683e+35,2.496971407713683e+35,2.496971407713683e+35,0
2011-08-29,2.496971407713683e+35,2.496971407713683e+35,2.496971407713683e+35,2.496971407713683e+35,0
2011-08-30,2.496971407713683e+35,2.496971407713683e+35,2.496971407713683e+35,2.496971407713683e+35,0
2011-08-31,2.496971407713683e+35,2.496971407713683e+35,2.496971407713683e+35,2.496971407713683e+35,0
2011-09-01,2.496971407713683e+35,2.496971407713683e+35,2.496971407713683e+35,2.496971407713683e+35,0
2011-09-02,2.496971407713683e+35,2.496971407713683e+35,2.496971407713683e+35,2.496971407713683e+35,0
2011-09-06,2.496971407713683e+35,2.496971407713683e+35,2.496971407713683e+35,2.496971407713683e+35,0
2011-09-07,2.496971407713683e+35,2.496971407713683e+35,2.496971407713683e+35,2.496971407713683e+35,0
2011-09-08,2.496971407713683e+35,2.496971407713683e+35,2.496971407713683e+35,2.496971407713683e+35,0
2011-09-09,2.496971407713683e+35,2.496971407713683e+35,2.496971407713683e+35,2.496971407713683e+35,0
2011-09-12,2.496971407713683e+35,2.496971407713683e+35,2.496971407713683e+35,2.496971407713683e+35,0
2011-09-13,2.496971407713683e+35,2.496971407713683e+35,2.496971407713683e+35,2.496971407713683e+35,0
2011-09-14,2.496971407713683e+35,2.496971407713683e+35,2.496971407713683e+35,2.496971407713683e+35,0
2011-09-15,2.496971407713683e+35,2.496971407713683e+35,2.496971407713683e+35,2.496971407713683e+35,0
2011-09-16,2.496971407713683e+35,2.496971407713683e+35,2.496971407713683e+35,2.496971407713683e+35,0
2011-09-19,2.496971407713683e+35,2.496971407713683e+35,2.496971407713683e+35,2.496971407713683e+35,0
2011-09-20,2.496971407713683e+35,2.496971407713683e+35,2.496971407713683e+35,2.496971407713683e+35,0
2011-09-21,2.496971407713683e+35,2.496971407713683e+35,2.496971407713683e+35,2.496971407713683e+35,0
2011-09-22,2.496971407713683e+35,2.496971407713683e+35,2.496971407713683e+35,2.496971407713683e+35,0
2011-09-23,2.496971407713683e+35,2.496971407713683e+35,2.496971407713683e+35,2.496971407713683e+35,0
2011-09-26,2.496971407713683e+35,2.496971407713683e+35,2.496971407713683e+35,2.496971407713683e+35,0
2011-09-27,2.496971407713683e+35,2.496971407713683e+35,2.496971407713683e+35,2.496971407713683e+35,0
2011-09-28,2.496971407713683e+35,2.496971407713683e+35,2.496971407713683e+35,2.496971407713683e+35,0
2011-09-29,2.496971407713683e+35,2.496971407713683e+35,2.496971407713683e+35,2.496971407713683e+35,0
2011-09-30,2.496971407713683e+35,2.496971407713683e+35,2.496971407713683e+35,2.496971407713683e+35,0
2011-10-03,2.496971407713683e+35,2.496971407713683e+35,2.496971407713683e+35,2.496971407713683e+35,0
2011-10-04,2.496971407713683e+35,2.496971407713683e+35,2.496971407713683e+35,2.496971407713683e+35,0
2011-10-05,2.496971407713683e+35,2.496971407713683e+35,2.496971407713683e+35,2.496971407713683e+35,0
2011-10-06,2.496971407713683e+35,2.496971407713683e+35,2.496971407713683e+35,2.496971407713683e+35,0
2011-10-07,2.496971407713683e+35,2.496971407713683e+35,2.496971407713683e+35,2.496971407713683e+35,0
2011-10-10,2.496971407713683e+35,2.496971407713683e+35,2.496971407713683e+35,2.496971407713683e+35,0
2011-10-11,2.496971407713683e+35,2.496971407713683e+35,2.496971407713683e+35,2.496971407713683e+35,0
2011-10-12,2.496971407713683e+35,2.496971407713683e+35,2.496971407713683e+35,2.496971407713683e+35,0
2011-10-13,2.496971407713683e+35,2.496971407713683e+35,2.496971407713683e+35,2.496971407713683e+35,0
2011-10-14,2.496971407713683e+35,2.496971407713683e+35,2.496971407713683e+35,2.496971407713683e+35,0
2011-10-17,2.496971407713683e+35,2.496971407713683e+35,2.496971407713683e+35,2.496971407713683e+35,0
2011-10-18,2.496971407713683e+35,2.496971407713683e+35,2.496971407713683e+35,2.496971407713683e+35,0
2011-10-19,2.496971407713683e+35,2.496971407713683e+35,2.496971407713683e+35,2.496971407713683e+35,0
2011-10-20,2.496971407713683e+35,2.496971407713683e+35,2.496971407713683e+35,2.496971407713683e+35,0
2011-10-21,2.496971407713683e+35,2.496971407713683e+35,2.496971407713683e+35,2.496971407713683e+35,0
2011-10-24,2.496971407713683e+35,2.496971407713683e+35,2.496971407713683e+35,2.496971407713683e+35,0
2011-10-25,2.496971407713683e+35,2.496971407713683e+35,2.496971407713683e+35,2.496971407713683e+35,0
2011-10-26,2.496971407713683e+35,2.496971407713683e+35,2.496971407713683e+35,2.496971407713683e+35,0
2011-10-27,2.496971407713683e+35,2.496971407713683e+35,2.496971407713683e+35,2.496971407713683e+35,0
2011-10-28,2.496971407713683e+35,2.496971407713683e+35,2.496971407713683e+35,2.496971407713683e+35,0
2011-10-31,2.496971407713683e+35,2.496971407713683e+35,2.496971407713683e+35,2.496971407713683e+35,0
2011-11-01,2.496971407713683e+35,2.496971407713683e+35,2.496971407713683e+35,2.496971407713683e+35,0
2011-11-02,2.496971407713683e+35,2.496971407713683e+35,2.496971407713683e+35,2.496971407713683e+35,0
2011-11-03,2.496971407713683e+35,2.496971407713683e+35,2.496971407713683e+35,2.496971407713683e+35,0
2011-11-04,2.496971407713683e+35,2.496971407713683e+35,2.496971407713683e+35,2.496971407713683e+35,0
2011-11-07,2.496971407713683e+35,2.496971407713683e+35,2.496971407713683e+35,2.496971407713683e+35,0
2011-11-08,2.496971407713683e+35,2.496971407713683e+35,2.496971407713683e+35,2.496971407713683e+35,0
2011-11-09,2.496971407713683e+35,2.496971407713683e+35,2.496971407713683e+35,2.496971407713683e+35,0
2011-11-10,2.496971407713683e+35,2.496971407713683e+35,2.496971407713683e+35,2.496971407713683e+35,0
2011-11-11,2.496971407713683e+35,2.496971407713683e+35,2.496971407713683e+35,2.496971407713683e+35,0
2011-11-14,2.496971407713683e+35,2.496971407713683e+35,2.496971407713683e+35,2.496971407713683e+35,0
2011-11-15,2.496971407713683e+35,2.496971407713683e+35,2.496971407713683e+35,2.496971407713683e+35,0
2011-11-16,2.496971407713683e+35,2.496971407713683e+35,2.496971407713683e+35,2.496971407713683e+35,0
2011-11-17,2.496971407713683e+35,2.496971407713683e+35,2.496971407713683e+35,2.496971407713683e+35,0
2011-11-18,2.496971407713683e+35,2.496971407713683e+35,2.496971407713683e+35,2.496971407713683e+35,0
2011-11-21,2.606214367314851e+35,2.606214367314851e+35,2.606214367314851e+35,2.606214367314851e+35,500
2011-11-22,2.606214367314851e+35,2.606214367314851e+35,2.606214367314851e+35,2.606214367314851e+35,0
2011-11-23,2.606214367314851e+35,2.606214367314851e+35,2.606214367314851e+35,2.606214367314851e+35,0
2011-11-25,2.606214367314851e+35,2.606214367314851e+35,2.606214367314851e+35,2.606214367314851e+35,0
2011-11-28,2.606214367314851e+35,2.606214367314851e+35,2.606214367314851e+35,2.606214367314851e+35,0
2011-11-29,2.606214367314851e+35,2.606214367314851e+35,2.606214367314851e+35,2.606214367314851e+35,0
2011-11-30,2.606214367314851e+35,2.606214367314851e+35,2.606214367314851e+35,2.606214367314851e+35,0
2011-12-01,2.606214367314851e+35,2.606214367314851e+35,2.606214367314851e+35,2.606214367314851e+35,0
2011-12-02,2.606214367314851e+35,2.606214367314851e+35,2.606214367314851e+35,2.606214367314851e+35,0
2011-12-05,2.606214367314851e+35,2.606214367314851e+35,2.606214367314851e+35,2.606214367314851e+35,0
2011-12-06,2.606214367314851e+35,2.606214367314851e+35,2.606214367314851e+35,2.606214367314851e+35,0
2011-12-07,2.606214367314851e+35,2.606214367314851e+35,2.606214367314851e+35,2.606214367314851e+35,0
2011-12-08,2.606214367314851e+35,2.606214367314851e+35,2.606214367314851e+35,2.606214367314851e+35,0
2011-12-09,2.606214367314851e+35,2.606214367314851e+35,2.606214367314851e+35,2.606214367314851e+35,0
2011-12-12,2.606214367314851e+35,2.606214367314851e+35,2.606214367314851e+35,2.606214367314851e+35,0
2011-12-13,2.606214367314851e+35,2.606214367314851e+35,2.606214367314851e+35,2.606214367314851e+35,0
2011-12-14,2.606214367314851e+35,2.606214367314851e+35,2.606214367314851e+35,2.606214367314851e+35,0
2011-12-15,2.606214367314851e+35,2.606214367314851e+35,2.606214367314851e+35,2.606214367314851e+35,0
2011-12-16,2.606214367314851e+35,2.606214367314851e+35,2.606214367314851e+35,2.606214367314851e+35,0
2011-12-19,2.606214367314851e+35,2.606214367314851e+35,2.606214367314851e+35,2.606214367314851e+35,0
2011-12-20,2.606214367314851e+35,2.606214367314851e+35,2.606214367314851e+35,2.606214367314851e+35,0
2011-12-21,2.606214367314851e+35,2.606214367314851e+35,2.606214367314851e+35,2.606214367314851e+35,0
2011-12-22,2.606214367314851e+35,2.606214367314851e+35,2.606214367314851e+35,2.606214367314851e+35,0
2011-12-23,2.606214367314851e+35,2.606214367314851e+35,2.606214367314851e+35,2.606214367314851e+35,0
2011-12-27,2.606214367314851e+35,2.606214367314851e+35,2.606214367314851e+35,2.606214367314851e+35,0
2011-12-28,-5.224943813250862e+34,-5.224943813250862e+34,-5.224943813250862e+34,-5.224943813250862e+34,0
2011-12-29,-5.224943813250862e+34,-5.224943813250862e+34,-5.224943813250862e+34,-5.224943813250862e+34,0
2011-12-30,-5.224943813250862e+34,-5.224943813250862e+34,-5.224943813250862e+34,-5.224943813250862e+34,0
2012-01-03,-5.224943813250862e+34,-5.224943813250862e+34,-5.224943813250862e+34,-5.224943813250862e+34,0
2012-01-04,-5.224943813250862e+34,-5.224943813250862e+34,-5.224943813250862e+34,-5.224943813250862e+34,0
2012-01-05,-5.224943813250862e+34,-5.224943813250862e+34,-5.224943813250862e+34,-5.224943813250862e+34,0
2012-01-06,-5.224943813250862e+34,-5.224943813250862e+34,-5.224943813250862e+34,-5.224943813250862e+34,0
2012-01-09,-5.224943813250862e+34,-5.224943813250862e+34,-5.224943813250862e+34,-5.224943813250862e+34,0
2012-01-10,-5.224943813250862e+34,-5.224943813250862e+34,-5.224943813250862e+34,-5.224943813250862e+34,0
2012-01-11,-5.224943813250862e+34,-5.224943813250862e+34,-5.224943813250862e+34,-5.224943813250862e+34,0
2012-01-12,-5.224943813250862e+34,-5.224943813250862e+34,-5.224943813250862e+34,-5.224943813250862e+34,0
2012-01-13,-5.224943813250862e+34,-5.224943813250862e+34,-5.224943813250862e+34,-5.224943813250862e+34,0
2012-01-17,-5.224943813250862e+34,-5.224943813250862e+34,-5.224943813250862e+34,-5.224943813250862e+34,0
2012-01-18,-5.675477235268304e+34,-5.675477235268304e+34,-5.675477235268304e+34,-5.675477235268304e+34,150
2012-01-19,-5.675477235268304e+34,-5.675477235268304e+34,-5.675477235268304e+34,-5.675477235268304e+34,0
2012-01-20,-5.675477235268304e+34,-5.675477235268304e+34,-5.675477235268304e+34,-5.675477235268304e+34,0
2012-01-23,-5.675477235268304e+34,-5.675477235268304e+34,-5.675477235268304e+34,-5.675477235268304e+34,0
2012-01-24,-5.675477235268304e+34,-5.675477235268304e+34,-5.675477235268304e+34,-5.675477235268304e+34,0
2012-01-25,-5.675477235268304e+34,-5.675477235268304e+34,-5.675477235268304e+34,-5.675477235268304e+34,0
2012-01-26,-5.675477235268304e+34,-5.675477235268304e+34,-5.675477235268304e+34,-5.675477235268304e+34,0
2012-01-27,-5.675477235268304e+34,-5.675477235268304e+34,-5.675477235268304e+34,-5.675477235268304e+34,0
2012-01-30,-5.675477235268304e+34,-5.675477235268304e+34,-5.675477235268304e+34,-5.675477235268304e+34,0
2012-01-31,-5.675477235268304e+34,-5.675477235268304e+34,-5.675477235268304e+34,-5.675477235268304e+34,0
2012-02-01,-5.675477235268304e+34,-5.675477235268304e+34,-5.675477235268304e+34,-5.675477235268304e+34,0
2012-02-02,-5.675477235268304e+34,-5.675477235268304e+34,-5.675477235268304e+34,-5.675477235268304e+34,0
2012-02-03,-5.675477235268304e+34,-5.675477235268304e+34,-5.675477235268304e+34,-5.675477235268304e+34,0
2012-02-06,-6.038407582817709e+34,-6.038407582817709e+34,-6.038407582817709e+34,-6.038407582817709e+34,900
2012-02-07,-6.038407582817709e+34,-6.038407582817709e+34,-6.038407582817709e+34,-6.038407582817709e+34,0
2012-02-08,-6.038407582817709e+34,-6.038407582817709e+34,-6.038407582817709e+34,-6.038407582817709e+34,0
2012-02-09,-6.038407582817709e+34,-6.038407582817709e+34,-6.038407582817709e+34,-6.038407582817709e+34,0
2012-02-10,-6.038407582817709e+34,-6.038407582817709e+34,-6.038407582817709e+34,-6.038407582817709e+34,0
2012-02-13,-6.038407582817709e+34,-6.038407582817709e+34,-6.038407582817709e+34,-6.038407582817709e+34,0
2012-02-14,-6.038407582817709e+34,-6.038407582817709e+34,-6.038407582817709e+34,-6.038407582817709e+34,0
2012-02-15,-6.038407582817709e+34,-6.038407582817709e+34,-6.038407582817709e+34,-6.038407582817709e+34,0
2012-02-16,-6.038407582817709e+34,-6.038407582817709e+34,-6.038407582817709e+34,-6.038407582817709e+34,0
2012-02-17,-6.038407582817709e+34,-6.038407582817709e+34,-6.038407582817709e+34,-6.038407582817709e+34,0
2012-02-21,-6.038407582817709e+34,-6.038407582817709e+34,-6.038407582817709e+34,-6.038407582817709e+34,0
2012-02-22,-6.038407582817709e+34,-6.038407582817709e+34,-6.038407582817709e+34,-6.038407582817709e+34,0
2012-02-23,-6.038407582817709e+34,-6.038407582817709e+34,-6.038407582817709e+34,-6.038407582817709e+34,0
2012-02-24,-6.038407582817709e+34,-6.038407582817709e+34,-6.038407582817709e+34,-6.038407582817709e+34,0
2012-02-27,-6.038407582817709e+34,-6.038407582817709e+34,-6.038407582817709e+34,-6.038407582817709e+34,0
2012-02-28,-6.038407582817709e+34,-6.038407582817709e+34,-6.038407582817709e+34,-6.038407582817709e+34,0
2012-02-29,-6.038407582817709e+34,-6.038407582817709e+34,-6.038407582817709e+34,-6.038407582817709e+34,0
2012-03-01,-6.038407582817709e+34,-6.038407582817709e+34,-6.038407582817709e+34,-6.038407582817709e+34,0
2012-03-02,-6.038407582817709e+34,-6.038407582817709e+34,-6.038407582817709e+34,-6.038407582817709e+34,0
2012-03-05,-6.038407582817709e+34,-6.038407582817709e+34,-6.038407582817709e+34,-6.038407582817709e+34,0
2012-03-06,-6.038407582817709e+34,-6.038407582817709e+34,-6.038407582817709e+34,-6.038407582817709e+34,0
2012-03-07,-6.038407582817709e+34,-6.038407582817709e+34,-6.038407582817709e+34,-6.038407582817709e+34,0
2012-03-08,-6.038407582817709e+34,-6.038407582817709e+34,-6.038407582817709e+34,-6.038407582817709e+34,0
2012-03-09,-6.038407582817709e+34,-6.038407582817709e+34,-6.038407582817709e+34,-6.038407582817709e+34,0
2012-03-12,-6.038407582817709e+34,-6.038407582817709e+34,-6.038407582817709e+34,-6.038407582817709e+34,0
2012-03-13,-6.038407582817709e+34,-6.038407582817709e+34,-6.038407582817709e+34,-6.038407582817709e+34,0
2012-03-14,-6.038407582817709e+34,-6.038407582817709e+34,-6.038407582817709e+34,-6.038407582817709e+34,0
2012-03-15,-6.038407582817709e+34,-6.038407582817709e+34,-6.038407582817709e+34,-6.038407582817709e+34,0
2012-03-16,-6.038407582817709e+34,-6.038407582817709e+34,-6.038407582817709e+34,-6.038407582817709e+34,0
2012-03-19,-6.038407582817709e+34,-6.038407582817709e+34,-6.038407582817709e+34,-6.038407582817709e+34,0
2012-03-20,-6.038407582817709e+34,-6.038407582817709e+34,-6.038407582817709e+34,-6.038407582817709e+34,0
2012-03-21,-6.038407582817709e+34,-6.038407582817709e+34,-6.038407582817709e+34,-6.038407582817709e+34,0
2012-03-22,-6.038407582817709e+34,-6.038407582817709e+34,-6.038407582817709e+34,-6.038407582817709e+34,0
2012-03-23,-6.038407582817709e+34,-6.038407582817709e+34,-6.038407582817709e+34,-6.038407582817709e+34,0
2012-03-26,-6.038407582817709e+34,-6.038407582817709e+34,-6.038407582817709e+34,-6.038407582817709e+34,0
2012-03-27,-6.038407582817709e+34,-6.038407582817709e+34,-6.038407582817709e+34,-6.038407582817709e+34,0
2012-03-28,-6.038407582817709e+34,-6.038407582817709e+34,-6.038407582817709e+34,-6.038407582817709e+34,0
2012-03-29,-6.038407582817709e+34,-6.038407582817709e+34,-6.038407582817709e+34,-6.038407582817709e+34,0
2012-03-30,-6.038407582817709e+34,-6.038407582817709e+34,-6.038407582817709e+34,-6.038407582817709e+34,0
2012-04-02,-6.038407582817709e+34,-6.038407582817709e+34,-6.038407582817709e+34,-6.038407582817709e+34,0
2012-04-03,-6.038407582817709e+34,-6.038407582817709e+34,-6.038407582817709e+34,-6.038407582817709e+34,0
2012-04-04,-6.038407582817709e+34,-6.038407582817709e+34,-6.038407582817709e+34,-6.038407582817709e+34,0
2012-04-05,-7.571475993700834e+34,-7.571475993700834e+34,-7.571475993700834e+34,-7.571475993700834e+34,1600
2012-04-09,-7.571475993700834e+34,-7.571475993700834e+34,-7.571475993700834e+34,-7.571475993700834e+34,0
2012-04-10,-7.571475993700834e+34,-7.571475993700834e+34,-7.571475993700834e+34,-7.571475993700834e+34,0
2012-04-11,-7.571475993700834e+34,-7.571475993700834e+34,-7.571475993700834e+34,-7.571475993700834e+34,0
2012-04-12,-7.571475993700834e+34,-7.571475993700834e+34,-7.571475993700834e+34,-7.571475993700834e+34,0
2012-04-13,-7.571475993700834e+34,-7.571475993700834e+34,-7.571475993700834e+34,-7.571475993700834e+34,0
2012-04-16,-7.571475993700834e+34,-7.571475993700834e+34,-7.571475993700834e+34,-7.571475993700834e+34,0
2012-04-17,-7.571475993700834e+34,-7.571475993700834e+34,-7.571475993700834e+34,-7.571475993700834e+34,0
2012-04-18,-7.571475993700834e+34,-7.571475993700834e+34,-7.571475993700834e+34,-7.571475993700834e+34,0
2012-04-19,-7.571475993700834e+34,-7.571475993700834e+34,-7.571475993700834e+34,-7.571475993700834e+34,0
2012-04-20,-7.571475993700834e+34,-7.571475993700834e+34,-7.571475993700834e+34,-7.571475993700834e+34,0
2012-04-23,-7.571475993700834e+34,-7.571475993700834e+34,-7.571475993700834e+34,-7.571475993700834e+34,0
2012-04-24,-7.571475993700834e+34,-7.571475993700834e+34,-7.571475993700834e+34,-7.571475993700834e+34,0
2012-04-25,-7.571475993700834e+34,-7.571475993700834e+34,-7.571475993700834e+34,-7.571475993700834e+34,0
2012-04-26,-7.571475993700834e+34,-7.571475993700834e+34,-7.571475993700834e+34,-7.571475993700834e+34,0
2012-04-27,-7.571475993700834e+34,-7.571475993700834e+34,-7.571475993700834e+34,-7.571475993700834e+34,0
2012-04-30,-7.571475993700834e+34,-7.571475993700834e+34,-7.571475993700834e+34,-7.571475993700834e+34,0
2012-05-01,-7.821771624011835e+34,-7.821771624011836e+34,-7.821771624011836e+34,-7.821771624011836e+34,350
2012-05-02,-7.821771624011835e+34,-7.821771624011836e+34,-7.821771624011836e+34,-7.821771624011836e+34,0
2012-05-03,-7.821771624011835e+34,-7.821771624011836e+34,-7.821771624011836e+34,-7.821771624011836e+34,0
2012-05-04,-7.821771624011835e+34,-7.821771624011836e+34,-7.821771624011836e+34,-7.821771624011836e+34,0
2012-05-07,-7.821771624011835e+34,-7.821771624011836e+34,-7.821771624011836e+34,-7.821771624011836e+34,0
2012-05-08,-7.821771624011835e+34,-7.821771624011836e+34,-7.821771624011836e+34,-7.821771624011836e+34,0
2012-05-09,-7.821771624011835e+34,-7.821771624011836e+34,-7.821771624011836e+34,-7.821771624011836e+34,0
2012-05-10,-3.691876640307776e+34,-3.6918766403077765e+34,-3.6918766403077765e+34,-3.6918766403077765e+34,150
2012-05-11,-3.691876640307776e+34,-3.6918766403077765e+34,-3.6918766403077765e+34,-3.6918766403077765e+34,0
2012-05-14,-3.691876640307776e+34,-3.6918766403077765e+34,-3.6918766403077765e+34,-3.6918766403077765e+34,0
2012-05-15,-3.691876640307776e+34,-3.6918766403077765e+34,-3.6918766403077765e+34,-3.6918766403077765e+34,0
2012-05-16,-3.691876640307776e+34,-3.6918766403077765e+34,-3.6918766403077765e+34,-3.6918766403077765e+34,0
2012-05-17,-6.546690412491799e+34,-6.546690412491799e+34,-6.546690412491799e+34,-6.546690412491799e+34,52350
2012-05-18,-6.276342134248438e+34,-6.276342134248437e+34,-6.276342134248437e+34,-6.276342134248437e+34,11500
2012-05-21,-6.276342134248438e+34,-6.276342134248437e+34,-6.276342134248437e+34,-6.276342134248437e+34,0
2012-05-22,-6.276342134248438e+34,-6.276342134248437e+34,-6.276342134248437e+34,-6.276342134248437e+34,0
2012-05-23,-6.276342134248438e+34,-6.276342134248437e+34,-6.276342134248437e+34,-6.276342134248437e+34,0
2012-05-24,-6.276342134248438e+34,-6.276342134248437e+34,-6.276342134248437e+34,-6.276342134248437e+34,0
2012-05-25,-6.276342134248438e+34,-6.276342134248437e+34,-6.276342134248437e+34,-6.276342134248437e+34,0
2012-05-29,-6.276342134248438e+34,-6.276342134248437e+34,-6.276342134248437e+34,-6.276342134248437e+34,0
2012-05-30,-6.276342134248438e+34,-6.276342134248437e+34,-6.276342134248437e+34,-6.276342134248437e+34,0
2012-05-31,-6.276342134248438e+34,-6.276342134248437e+34,-6.276342134248437e+34,-6.276342134248437e+34,0
2012-06-01,-6.276342134248438e+34,-6.276342134248437e+34,-6.276342134248437e+34,-6.276342134248437e+34,0
2012-06-04,-6.2574174972798745e+34,-6.2574174972798745e+34,-6.2574174972798745e+34,-6.2574174972798745e+34,100
2012-06-05,-6.2574174972798745e+34,-6.2574174972798745e+34,-6.2574174972798745e+34,-6.2574174972798745e+34,0
2012-06-06,-6.2574174972798745e+34,-6.2574174972798745e+34,-6.2574174972798745e+34,-6.2574174972798745e+34,0
2012-06-07,-6.2574174972798745e+34,-6.2574174972798745e+34,-6.2574174972798745e+34,-6.2574174972798745e+34,0
2012-06-08,-6.2574174972798745e+34,-6.2574174972798745e+34,-6.2574174972798745e+34,-6.2574174972798745e+34,0
2012-06-11,-6.2574174972798745e+34,-6.2574174972798745e+34,-6.2574174972798745e+34,-6.2574174972798745e+34,0
2012-06-12,-6.2574174972798745e+34,-6.2574174972798745e+34,-6.2574174972798745e+34,-6.2574174972798745e+34,0
2012-06-13,-6.2574174972798745e+34,-6.2574174972798745e+34,-6.2574174972798745e+34,-6.2574174972798745e+34,0
2012-06-14,-6.2574174972798745e+34,-6.2574174972798745e+34,-6.2574174972798745e+34,-6.2574174972798745e+34,0
2012-06-15,-6.2574174972798745e+34,-6.2574174972798745e+34,-6.2574174972798745e+34,-6.2574174972798745e+34,0
2012-06-18,-6.2574174972798745e+34,-6.2574174972798745e+34,-6.2574174972798745e+34,-6.2574174972798745e+34,0
2012-06-19,-6.2574174972798745e+34,-6.2574174972798745e+34,-6.2574174972798745e+34,-6.2574174972798745e+34,0
2012-06-20,-6.2574174972798745e+34,-6.2574174972798745e+34,-6.2574174972798745e+34,-6.2574174972798745e+34,0
2012-06-21,-6.2574174972798745e+34,-6.2574174972798745e+34,-6.2574174972798745e+34,-6.2574174972798745e+34,0
2012-06-22,-6.2574174972798745e+34,-6.2574174972798745e+34,-6.2574174972798745e+34,-6.2574174972798745e+34,0
2012-06-25,-6.2574174972798745e+34,-6.2574174972798745e+34,-6.2574174972798745e+34,-6.2574174972798745e+34,0
2012-06-26,-6.2574174972798745e+34,-6.2574174972798745e+34,-6.2574174972798745e+34,-6.2574174972798745e+34,0
2012-06-27,-6.2574174972798745e+34,-6.2574174972798745e+34,-6.2574174972798745e+34,-6.2574174972798745e+34,0
2012-06-28,-1.2514834994559749e+35,-1.2514834994559749e+35,-1.2514834994559749e+35,-1.2514834994559749e+35,0
2012-06-29,-1.2514834994559749e+35,-1.2514834994559749e+35,-1.2514834994559749e+35,-1.2514834994559749e+35,0
2012-07-02,-1.2514834994559749e+35,-1.2514834994559749e+35,-1.2514834994559749e+35,-1.2514834994559749e+35,0
2012-07-03,-1.2514834994559749e+35,-1.2514834994559749e+35,-1.2514834994559749e+35,-1.2514834994559749e+35,0
2012-07-05,-1.2514834994559749e+35,-1.2514834994559749e+35,-1.2514834994559749e+35,-1.2514834994559749e+35,0
2012-07-06,-1.2514834994559749e+35,-1.2514834994559749e+35,-1.2514834994559749e+35,-1.2514834994559749e+35,0
2012-07-09,-1.2514834994559749e+35,-1.2514834994559749e+35,-1.2514834994559749e+35,-1.2514834994559749e+35,0
2012-07-10,-1.2514834994559749e+35,-1.2514834994559749e+35,-1.2514834994559749e+35,-1.2514834994559749e+35,0
2012-07-11,-1.2514834994559749e+35,-1.2514834994559749e+35,-1.2514834994559749e+35,-1.2514834994559749e+35,0
2012-07-12,-1.2514834994559749e+35,-1.2514834994559749e+35,-1.2514834994559749e+35,-1.2514834994559749e+35,0
2012-07-13,-1.2514834994559749e+35,-1.2514834994559749e+35,-1.2514834994559749e+35,-1.2514834994559749e+35,0
2012-07-16,-1.2514834994559749e+35,-1.2514834994559749e+35,-1.2514834994559749e+35,-1.2514834994559749e+35,0
2012-07-17,-1.2514834994559749e+35,-1.2514834994559749e+35,-1.2514834994559749e+35,-1.2514834994559749e+35,0
2012-07-18,-1.2514834994559749e+35,-1.2514834994559749e+35,-1.2514834994559749e+35,-1.2514834994559749e+35,0
2012-07-19,-1.2514834994559749e+35,-1.2514834994559749e+35,-1.2514834994559749e+35,-1.2514834994559749e+35,0
2012-07-20,-1.2514834994559749e+35,-1.2514834994559749e+35,-1.2514834994559749e+35,-1.2514834994559749e+35,0
2012-07-23,-1.2514834994559749e+35,-1.2514834994559749e+35,-1.2514834994559749e+35,-1.2514834994559749e+35,0
2012-07-24,-1.2514834994559749e+35,-1.2514834994559749e+35,-1.2514834994559749e+35,-1.2514834994559749e+35,0
2012-07-25,-1.2514834994559749e+35,-1.2514834994559749e+35,-1.2514834994559749e+35,-1.2514834994559749e+35,0
2012-07-26,-1.2514834994559749e+35,-1.2514834994559749e+35,-1.2514834994559749e+35,-1.2514834994559749e+35,0
2012-07-27,-1.2514834994559749e+35,-1.2514834994559749e+35,-1.2514834994559749e+35,-1.2514834994559749e+35,0
2012-07-30,-1.2514834994559749e+35,-1.2514834994559749e+35,-1.2514834994559749e+35,-1.2514834994559749e+35,0
2012-07-31,-1.2514834994559749e+35,-1.2514834994559749e+35,-1.2514834994559749e+35,-1.2514834994559749e+35,0
2012-08-01,-1.2514834994559749e+35,-1.2514834994559749e+35,-1.2514834994559749e+35,-1.2514834994559749e+35,0
2012-08-02,-1.2514834994559749e+35,-1.2514834994559749e+35,-1.2514834994559749e+35,-1.2514834994559749e+35,0
2012-08-03,-1.2514834994559749e+35,-1.2514834994559749e+35,-1.2514834994559749e+35,-1.2514834994559749e+35,0
2012-08-06,-1.5017800210838042e+35,-1.5017800210838042e+35,-1.5017800210838042e+35,-1.5017800210838042e+35,5200
2012-08-07,-1.4372391753364342e+35,-1.4372391753364342e+35,-1.4372391753364342e+35,-1.4372391753364342e+35,166900
2012-08-08,-1.4372391753364342e+35,-1.4372391753364342e+35,-1.4372391753364342e+35,-1.4372391753364342e+35,0
2012-08-09,-1.4372391753364342e+35,-1.4372391753364342e+35,-1.4372391753364342e+35,-1.4372391753364342e+35,0
2012-08-10,-1.4372391753364342e+35,-1.4372391753364342e+35,-1.4372391753364342e+35,-1.4372391753364342e+35,0
2012-08-13,-1.5142951987401669e+35,-1.5142951987401669e+35,-1.5142951987401669e+35,-1.5142951987401669e+35,250
2012-08-14,-1.5142951987401669e+35,-1.5142951987401669e+35,-1.5142951987401669e+35,-1.5142951987401669e+35,0
2012-08-15,-1.5142951987401669e+35,-1.5142951987401669e+35,-1.5142951987401669e+35,-1.5142951987401669e+35,0
2012-08-16,-1.5142951987401669e+35,-1.5142951987401669e+35,-1.5142951987401669e+35,-1.5142951987401669e+35,0
2012-08-17,-1.5142951987401669e+35,-1.5142951987401669e+35,-1.5142951987401669e+35,-1.5142951987401669e+35,0
2012-08-20,-1.5142951987401669e+35,-1.5142951987401669e+35,-1.5142951987401669e+35,-1.5142951987401669e+35,0
2012-08-21,-1.5142951987401669e+35,-1.5142951987401669e+35,-1.5142951987401669e+35,-1.5142951987401669e+35,0
2012-08-22,-1.5142951987401669e+35,-1.5142951987401669e+35,-1.5142951987401669e+35,-1.5142951987401669e+35,0
2012-08-23,-1.5142951987401669e+35,-1.5142951987401669e+35,-1.5142951987401669e+35,-1.5142951987401669e+35,0
2012-08-24,-1.5142951987401669e+35,-1.5142951987401669e+35,-1.5142951987401669e+35,-1.5142951987401669e+35,0
2012-08-27,-1.5142951987401669e+35,-1.5142951987401669e+35,-1.5142951987401669e+35,-1.5142951987401669e+35,0
2012-08-28,-1.5142951987401669e+35,-1.5142951987401669e+35,-1.5142951987401669e+35,-1.5142951987401669e+35,0
2012-08-29,-1.5142951987401669e+35,-1.5142951987401669e+35,-1.5142951987401669e+35,-1.5142951987401669e+35,0
2012-08-30,-1.5142951987401669e+35,-1.5142951987401669e+35,-1.5142951987401669e+35,-1.5142951987401669e+35,0
2012-08-31,-1.5142951987401669e+35,-1.5142951987401669e+35,-1.5142951987401669e+35,-1.5142951987401669e+35,0
2012-09-04,-1.5142951987401669e+35,-1.5142951987401669e+35,-1.5142951987401669e+35,-1.5142951987401669e+35,0
2012-09-05,-1.5142951987401669e+35,-1.5142951987401669e+35,-1.5142951987401669e+35,-1.5142951987401669e+35,0
2012-09-06,-1.5142951987401669e+35,-1.5142951987401669e+35,-1.5142951987401669e+35,-1.5142951987401669e+35,0
2012-09-07,-1.5142951987401669e+35,-1.5142951987401669e+35,-1.5142951987401669e+35,-1.5142951987401669e+35,0
2012-09-10,-1.5142951987401669e+35,-1.5142951987401669e+35,-1.5142951987401669e+35,-1.5142951987401669e+35,0
2012-09-11,-1.5142951987401669e+35,-1.5142951987401669e+35,-1.5142951987401669e+35,-1.5142951987401669e+35,0
2012-09-12,-1.5142951987401669e+35,-1.5142951987401669e+35,-1.5142951987401669e+35,-1.5142951987401669e+35,0
2012-09-13,-1.5142951987401669e+35,-1.5142951987401669e+35,-1.5142951987401669e+35,-1.5142951987401669e+35,0
2012-09-14,-1.5142951987401669e+35,-1.5142951987401669e+35,-1.5142951987401669e+35,-1.5142951987401669e+35,0
2012-09-17,-1.5142951987401669e+35,-1.5142951987401669e+35,-1.5142951987401669e+35,-1.5142951987401669e+35,0
2012-09-18,-1.5142951987401669e+35,-1.5142951987401669e+35,-1.5142951987401669e+35,-1.5142951987401669e+35,0
2012-09-19,-1.5142951987401669e+35,-1.5142951987401669e+35,-1.5142951987401669e+35,-1.5142951987401669e+35,0
2012-09-20,-1.5142951987401669e+35,-1.5142951987401669e+35,-1.5142951987401669e+35,-1.5142951987401669e+35,0
2012-09-21,-1.5142951987401669e+35,-1.5142951987401669e+35,-1.5142951987401669e+35,-1.5142951987401669e+35,0
2012-09-24,-1.5142951987401669e+35,-1.5142951987401669e+35,-1.5142951987401669e+35,-1.5142951987401669e+35,0
2012-09-25,-1.5142951987401669e+35,-1.5142951987401669e+35,-1.5142951987401669e+35,-1.5142951987401669e+35,0
2012-09-26,-1.5142951987401669e+35,-1.5142951987401669e+35,-1.5142951987401669e+35,-1.5142951987401669e+35,0
2012-09-27,-1.5142951987401669e+35,-1.5142951987401669e+35,-1.5142951987401669e+35,-1.5142951987401669e+35,0
2012-09-28,-1.5142951987401669e+35,-1.5142951987401669e+35,-1.5142951987401669e+35,-1.5142951987401669e+35,0
2012-10-01,-1.5142951987401669e+35,-1.5142951987401669e+35,-1.5142951987401669e+35,-1.5142951987401669e+35,0
2012-10-02,-1.5142951987401669e+35,-1.5142951987401669e+35,-1.5142951987401669e+35,-1.5142951987401669e+35,0
2012-10-03,-1.564354324802367e+35,-1.5643543248023672e+35,-1.5643543248023672e+35,-1.5643543248023672e+35,350
2012-10-04,-1.564354324802367e+35,-1.5643543248023672e+35,-1.5643543248023672e+35,-1.5643543248023672e+35,0
2012-10-05,-1.564354324802367e+35,-1.5643543248023672e+35,-1.5643543248023672e+35,-1.5643543248023672e+35,0
2012-10-08,-1.564354324802367e+35,-1.5643543248023672e+35,-1.5643543248023672e+35,-1.5643543248023672e+35,0
2012-10-09,-1.564354324802367e+35,-1.5643543248023672e+35,-1.5643543248023672e+35,-1.5643543248023672e+35,0
2012-10-10,-1.564354324802367e+35,-1.5643543248023672e+35,-1.5643543248023672e+35,-1.5643543248023672e+35,0
2012-10-11,-1.564354324802367e+35,-1.5643543248023672e+35,-1.5643543248023672e+35,-1.5643543248023672e+35,0
2012-10-12,-1.564354324802367e+35,-1.5643543248023672e+35,-1.5643543248023672e+35,-1.5643543248023672e+35,0
2012-10-15,-1.564354324802367e+35,-1.5643543248023672e+35,-1.5643543248023672e+35,-1.5643543248023672e+35,0
2012-10-16,-1.564354324802367e+35,-1.5643543248023672e+35,-1.5643543248023672e+35,-1.5643543248023672e+35,0
2012-10-17,-1.564354324802367e+35,-1.5643543248023672e+35,-1.5643543248023672e+35,-1.5643543248023672e+35,0
2012-10-18,-1.564354324802367e+35,-1.5643543248023672e+35,-1.5643543248023672e+35,-1.5643543248023672e+35,0
2012-10-19,-1.564354324802367e+35,-1.5643543248023672e+35,-1.5643543248023672e+35,-1.5643543248023672e+35,0
2012-10-22,-1.564354324802367e+35,-1.5643543248023672e+35,-1.5643543248023672e+35,-1.5643543248023672e+35,0
2012-10-23,-1.564354324802367e+35,-1.5643543248023672e+35,-1.5643543248023672e+35,-1.5643543248023672e+35,0
2012-10-24,-1.564354324802367e+35,-1.5643543248023672e+35,-1.5643543248023672e+35,-1.5643543248023672e+35,0
2012-10-25,-1.564354324802367e+35,-1.5643543248023672e+35,-1.5643543248023672e+35,-1.5643543248023672e+35,0
2012-10-26,-1.564354324802367e+35,-1.5643543248023672e+35,-1.5643543248023672e+35,-1.5643543248023672e+35,0
2012-10-31,-1.564354324802367e+35,-1.5643543248023672e+35,-1.5643543248023672e+35,-1.5643543248023672e+35,0
2012-11-01,-1.564354324802367e+35,-1.5643543248023672e+35,-1.5643543248023672e+35,-1.5643543248023672e+35,0
2012-11-02,-1.564354324802367e+35,-1.5643543248023672e+35,-1.5643543248023672e+35,-1.5643543248023672e+35,0
2012-11-05,-1.564354324802367e+35,-1.5643543248023672e+35,-1.5643543248023672e+35,-1.5643543248023672e+35,0
2012-11-06,-1.564354324802367e+35,-1.5643543248023672e+35,-1.5643543248023672e+35,-1.5643543248023672e+35,0
2012-11-07,-1.564354324802367e+35,-1.5643543248023672e+35,-1.5643543248023672e+35,-1.5643543248023672e+35,0
2012-11-08,-1.564354324802367e+35,-1.5643543248023672e+35,-1.5643543248023672e+35,-1.5643543248023672e+35,0
2012-11-09,-1.564354324802367e+35,-1.5643543248023672e+35,-1.5643543248023672e+35,-1.5643543248023672e+35,0
2012-11-12,-1.564354324802367e+35,-1.5643543248023672e+35,-1.5643543248023672e+35,-1.5643543248023672e+35,0
2012-11-13,-1.564354324802367e+35,-1.5643543248023672e+35,-1.5643543248023672e+35,-1.5643543248023672e+35,0
2012-11-14,-1.564354324802367e+35,-1.5643543248023672e+35,-1.5643543248023672e+35,-1.5643543248023672e+35,0
2012-11-15,-1.564354324802367e+35,-1.5643543248023672e+35,-1.5643543248023672e+35,-1.5643543248023672e+35,0
2012-11-16,-1.564354324802367e+35,-1.5643543248023672e+35,-1.5643543248023672e+35,-1.5643543248023672e+35,0
2012-11-19,-1.564354324802367e+35,-1.5643543248023672e+35,-1.5643543248023672e+35,-1.5643543248023672e+35,950
2012-11-20,-1.564354324802367e+35,-1.5643543248023672e+35,-1.5643543248023672e+35,-1.5643543248023672e+35,0
2012-11-21,-1.564354324802367e+35,-1.5643543248023672e+35,-1.5643543248023672e+35,-1.5643543248023672e+35,0
2012-11-23,-1.564354324802367e+35,-1.5643543248023672e+35,-1.5643543248023672e+35,-1.5643543248023672e+35,0
2012-11-26,-1.564354324802367e+35,-1.5643543248023672e+35,-1.5643543248023672e+35,-1.5643543248023672e+35,0
2012-11-27,-1.564354324802367e+35,-1.5643543248023672e+35,-1.5643543248023672e+35,-1.5643543248023672e+35,0
2012-11-28,-1.564354324802367e+35,-1.5643543248023672e+35,-1.5643543248023672e+35,-1.5643543248023672e+35,0
2012-11-29,-1.564354324802367e+35,-1.5643543248023672e+35,-1.5643543248023672e+35,-1.5643543248023672e+35,0
2012-11-30,-1.564354324802367e+35,-1.5643543248023672e+35,-1.5643543248023672e+35,-1.5643543248023672e+35,0
2012-12-03,-1.6895027341690864e+35,-1.6895027341690864e+35,-1.6895027341690864e+35,-1.6895027341690864e+35,3950
2012-12-04,-1.6895027341690864e+35,-1.6895027341690864e+35,-1.6895027341690864e+35,-1.6895027341690864e+35,0
2012-12-05,-1.6895027341690864e+35,-1.6895027341690864e+35,-1.6895027341690864e+35,-1.6895027341690864e+35,0
2012-12-06,-1.6895027341690864e+35,-1.6895027341690864e+35,-1.6895027341690864e+35,-1.6895027341690864e+35,0
2012-12-07,-1.6895027341690864e+35,-1.6895027341690864e+35,-1.6895027341690864e+35,-1.6895027341690864e+35,0
2012-12-10,-1.6895027341690864e+35,-1.6895027341690864e+35,-1.6895027341690864e+35,-1.6895027341690864e+35,0
2012-12-11,-1.6895027341690864e+35,-1.6895027341690864e+35,-1.6895027341690864e+35,-1.6895027341690864e+35,26250
2012-12-12,-1.6895027341690864e+35,-1.6895027341690864e+35,-1.6895027341690864e+35,-1.6895027341690864e+35,0
2012-12-13,-1.6895027341690864e+35,-1.6895027341690864e+35,-1.6895027341690864e+35,-1.6895027341690864e+35,0
2012-12-14,-1.6895027341690864e+35,-1.6895027341690864e+35,-1.6895027341690864e+35,-1.6895027341690864e+35,0
2012-12-17,-1.6895027341690864e+35,-1.6895027341690864e+35,-1.6895027341690864e+35,-1.6895027341690864e+35,0
2012-12-18,-1.6895027341690864e+35,-1.6895027341690864e+35,-1.6895027341690864e+35,-1.6895027341690864e+35,0
2012-12-19,-1.6895027341690864e+35,-1.6895027341690864e+35,-1.6895027341690864e+35,-1.6895027341690864e+35,0
2012-12-20,-1.6895027341690864e+35,-1.6895027341690864e+35,-1.6895027341690864e+35,-1.6895027341690864e+35,0
2012-12-21,-1.6895027341690864e+35,-1.6895027341690864e+35,-1.6895027341690864e+35,-1.6895027341690864e+35,0
2012-12-24,-1.6895027341690864e+35,-1.6895027341690864e+35,-1.6895027341690864e+35,-1.6895027341690864e+35,0
2012-12-26,-1.6895027341690864e+35,-1.6895027341690864e+35,-1.6895027341690864e+35,-1.6895027341690864e+35,0
2012-12-27,3.708664840356541e+34,3.708664840356541e+34,3.708664840356541e+34,3.708664840356541e+34,0
2012-12-28,3.708664840356541e+34,3.708664840356541e+34,3.708664840356541e+34,3.708664840356541e+34,0
2012-12-31,3.708664840356541e+34,3.708664840356541e+34,3.708664840356541e+34,3.708664840356541e+34,0
2013-01-02,3.708664840356541e+34,3.708664840356541e+34,3.708664840356541e+34,3.708664840356541e+34,0
2013-01-03,3.708664840356541e+34,3.708664840356541e+34,3.708664840356541e+34,3.708664840356541e+34,0
2013-01-04,3.708664840356541e+34,3.708664840356541e+34,3.708664840356541e+34,3.708664840356541e+34,0
2013-01-07,3.708664840356541e+34,3.708664840356541e+34,3.708664840356541e+34,3.708664840356541e+34,0
2013-01-08,3.708664840356541e+34,3.708664840356541e+34,3.708664840356541e+34,3.708664840356541e+34,0
2013-01-09,3.708664840356541e+34,3.708664840356541e+34,3.708664840356541e+34,3.708664840356541e+34,0
2013-01-10,3.708664840356541e+34,3.708664840356541e+34,3.708664840356541e+34,3.708664840356541e+34,0
2013-01-11,3.708664840356541e+34,3.708664840356541e+34,3.708664840356541e+34,3.708664840356541e+34,0
2013-01-14,3.708664840356541e+34,3.708664840356541e+34,3.708664840356541e+34,3.708664840356541e+34,0
2013-01-15,3.708664840356541e+34,3.708664840356541e+34,3.708664840356541e+34,3.708664840356541e+34,0
2013-01-16,3.708664840356541e+34,3.708664840356541e+34,3.708664840356541e+34,3.708664840356541e+34,0
2013-01-17,4.0520602464980146e+34,4.0520602464980146e+34,4.0520602464980146e+34,4.0520602464980146e+34,1050
2013-01-18,3.8734958138233656e+34,3.873495813823365e+34,3.873495813823365e+34,3.873495813823365e+34,6150
2013-01-22,3.708664840356541e+34,3.708664840356541e+34,3.708664840356541e+34,3.708664840356541e+34,200
2013-01-23,3.708664840356541e+34,3.708664840356541e+34,3.708664840356541e+34,3.708664840356541e+34,0
2013-01-24,3.708664840356541e+34,3.708664840356541e+34,3.708664840356541e+34,3.708664840356541e+34,0
2013-01-25,3.708664840356541e+34,3.708664840356541e+34,3.708664840356541e+34,3.708664840356541e+34,0
2013-01-28,3.708664840356541e+34,3.708664840356541e+34,3.708664840356541e+34,3.708664840356541e+34,0
2013-01-29,3.777343773032031e+34,3.777343773032031e+34,3.7361364912129393e+34,3.7361364912129393e+34,5500
2013-01-30,3.777343773032031e+34,3.777343773032031e+34,3.777343773032031e+34,3.777343773032031e+34,0
2013-01-31,3.777343773032031e+34,3.777343773032031e+34,3.777343773032031e+34,3.777343773032031e+34,0
2013-02-01,3.777343773032031e+34,3.777343773032031e+34,3.777343773032031e+34,3.777343773032031e+34,0
2013-02-04,3.777343773032031e+34,3.777343773032031e+34,3.777343773032031e+34,3.777343773032031e+34,0
2013-02-05,3.846022705707521e+34,3.846022705707521e+34,3.846022705707521e+34,3.846022705707521e+34,1950
2013-02-06,3.846022705707521e+34,3.846022705707521e+34,3.846022705707521e+34,3.846022705707521e+34,0
2013-02-07,3.846022705707521e+34,3.846022705707521e+34,3.846022705707521e+34,3.846022705707521e+34,0
2013-02-08,3.846022705707521e+34,3.846022705707521e+34,3.846022705707521e+34,3.846022705707521e+34,0
2013-02-11,3.846022705707521e+34,3.846022705707521e+34,3.846022705707521e+34,3.846022705707521e+34,0
2013-02-12,3.846022705707521e+34,3.846022705707521e+34,3.846022705707521e+34,3.846022705707521e+34,0
2013-02-13,3.9147023811470345e+34,3.9147023811470345e+34,3.9147023811470345e+34,3.9147023811470345e+34,12600
2013-02-14,3.9147023811470345e+34,3.9147023811470345e+34,3.9147023811470345e+34,3.9147023811470345e+34,0
2013-02-15,3.9147023811470345e+34,3.9147023811470345e+34,3.9147023811470345e+34,3.9147023811470345e+34,0
2013-02-19,3.983380571058501e+34,3.983380571058501e+34,3.983380571058501e+34,3.983380571058501e+34,200
2013-02-20,3.983380571058501e+34,3.983380571058501e+34,3.983380571058501e+34,3.983380571058501e+34,0
2013-02-21,4.0520602464980146e+34,4.0520602464980146e+34,4.0520602464980146e+34,4.0520602464980146e+34,1850
2013-02-22,4.1207391791735046e+34,4.1207391791735046e+34,4.1207391791735046e+34,4.1207391791735046e+34,1500
2013-02-25,4.1207391791735046e+34,4.1207391791735046e+34,4.1207391791735046e+34,4.1207391791735046e+34,0
2013-02-26,4.1207391791735046e+34,4.1207391791735046e+34,4.1207391791735046e+34,4.1207391791735046e+34,0
2013-02-27,4.1207391791735046e+34,4.1207391791735046e+34,4.1207391791735046e+34,4.1207391791735046e+34,0
2013-02-28,4.1207391791735046e+34,4.1207391791735046e+34,4.1207391791735046e+34,4.1207391791735046e+34,0
2013-03-01,4.1207391791735046e+34,4.1207391791735046e+34,4.1207391791735046e+34,4.1207391791735046e+34,0
2013-03-04,4.1207391791735046e+34,4.1207391791735046e+34,4.1207391791735046e+34,4.1207391791735046e+34,0
2013-03-05,4.1207391791735046e+34,4.1207391791735046e+34,4.1207391791735046e+34,4.1207391791735046e+34,0
2013-03-06,4.1207391791735046e+34,4.1207391791735046e+34,4.1207391791735046e+34,4.1207391791735046e+34,0
2013-03-07,4.1207391791735046e+34,4.1207391791735046e+34,4.1207391791735046e+34,4.1207391791735046e+34,0
2013-03-08,4.1207391791735046e+34,4.1207391791735046e+34,4.1207391791735046e+34,4.1207391791735046e+34,0
2013-03-11,4.1207391791735046e+34,4.1207391791735046e+34,4.1207391791735046e+34,4.1207391791735046e+34,0
2013-03-12,4.1207391791735046e+34,4.1207391791735046e+34,4.1207391791735046e+34,4.1207391791735046e+34,0
2013-03-13,3.983380571058501e+34,3.983380571058501e+34,3.983380571058501e+34,3.983380571058501e+34,6550
2013-03-14,3.983380571058501e+34,3.983380571058501e+34,3.983380571058501e+34,3.983380571058501e+34,0
2013-03-15,3.983380571058501e+34,3.983380571058501e+34,3.983380571058501e+34,3.983380571058501e+34,0
2013-03-18,3.708664840356541e+34,3.708664840356541e+34,3.708664840356541e+34,3.708664840356541e+34,4750
2013-03-19,3.708664840356541e+34,3.708664840356541e+34,3.708664840356541e+34,3.708664840356541e+34,0
2013-03-20,3.708664840356541e+34,3.708664840356541e+34,3.708664840356541e+34,3.708664840356541e+34,0
2013-03-21,3.708664840356541e+34,3.708664840356541e+34,3.708664840356541e+34,3.708664840356541e+34,1850
2013-03-22,3.708664840356541e+34,3.708664840356541e+34,3.708664840356541e+34,3.708664840356541e+34,0
2013-03-25,3.708664840356541e+34,3.708664840356541e+34,3.708664840356541e+34,3.708664840356541e+34,0
2013-03-26,3.887230510971229e+34,3.8872305109712286e+34,3.8872305109712286e+34,3.8872305109712286e+34,400
2013-03-27,3.887230510971229e+34,3.8872305109712286e+34,3.8872305109712286e+34,3.8872305109712286e+34,0
2013-03-28,3.887230510971229e+34,3.8872305109712286e+34,3.8872305109712286e+34,3.8872305109712286e+34,0
2013-04-01,3.887230510971229e+34,3.8872305109712286e+34,3.8872305109712286e+34,3.8872305109712286e+34,0
2013-04-02,3.887230510971229e+34,3.8872305109712286e+34,3.8872305109712286e+34,3.8872305109712286e+34,0
2013-04-03,3.9147023811470345e+34,3.9147023811470345e+34,3.9147023811470345e+34,3.9147023811470345e+34,1650
2013-04-04,3.9147023811470345e+34,3.9147023811470345e+34,3.9147023811470345e+34,3.9147023811470345e+34,0
2013-04-05,3.8048171287358834e+34,3.8048171287358834e+34,3.8048171287358834e+34,3.8048171287358834e+34,1450
2013-04-08,3.8048171287358834e+34,3.8048171287358834e+34,3.8048171287358834e+34,3.8048171287358834e+34,0
2013-04-09,3.8048171287358834e+34,3.8048171287358834e+34,3.8048171287358834e+34,3.8048171287358834e+34,0
2013-04-10,3.777343773032031e+34,3.777343773032031e+34,3.777343773032031e+34,3.777343773032031e+34,200
2013-04-11,3.777343773032031e+34,3.777343773032031e+34,3.777343773032031e+34,3.777343773032031e+34,0
2013-04-12,3.777343773032031e+34,3.777343773032031e+34,3.777343773032031e+34,3.777343773032031e+34,0
2013-04-15,3.777343773032031e+34,3.777343773032031e+34,3.777343773032031e+34,3.777343773032031e+34,0
2013-04-16,3.777343773032031e+34,3.777343773032031e+34,3.777343773032031e+34,3.777343773032031e+34,0
2013-04-17,3.777343773032031e+34,3.777343773032031e+34,3.777343773032031e+34,3.777343773032031e+34,0
2013-04-18,3.777343773032031e+34,3.777343773032031e+34,3.777343773032031e+34,3.777343773032031e+34,0
2013-04-19,3.777343773032031e+34,3.777343773032031e+34,3.777343773032031e+34,3.777343773032031e+34,0
2013-04-22,3.5713069750055607e+34,3.5713069750055607e+34,3.5713069750055607e+34,3.5713069750055607e+34,350
2013-04-23,3.5713069750055607e+34,3.5713069750055607e+34,3.5713069750055607e+34,3.5713069750055607e+34,0
2013-04-24,3.5713069750055607e+34,3.5713069750055607e+34,3.5713069750055607e+34,3.5713069750055607e+34,0
2013-04-25,3.5713069750055607e+34,3.5713069750055607e+34,3.5713069750055607e+34,3.5713069750055607e+34,0
2013-04-26,3.5713069750055607e+34,3.5713069750055607e+34,3.5713069750055607e+34,3.5713069750055607e+34,0
2013-04-29,3.5713069750055607e+34,3.5713069750055607e+34,3.5713069750055607e+34,3.5713069750055607e+34,0
2013-04-30,3.8734958138233656e+34,3.873495813823365e+34,3.873495813823365e+34,3.873495813823365e+34,1200
2013-05-01,3.708664840356541e+34,3.708664840356541e+34,3.708664840356541e+34,3.708664840356541e+34,50
2013-05-02,3.708664840356541e+34,3.708664840356541e+34,3.708664840356541e+34,3.708664840356541e+34,0
2013-05-03,3.708664840356541e+34,3.708664840356541e+34,3.708664840356541e+34,3.708664840356541e+34,0
2013-05-06,3.708664840356541e+34,3.708664840356541e+34,3.708664840356541e+34,3.708664840356541e+34,0
2013-05-07,3.8734958138233656e+34,3.914703110187392e+34,3.873495813823365e+34,3.914703110187392e+34,6850
2013-05-08,3.8734958138233656e+34,3.873495813823365e+34,3.873495813823365e+34,3.873495813823365e+34,0
2013-05-09,3.8734958138233656e+34,3.873495813823365e+34,3.873495813823365e+34,3.873495813823365e+34,0
2013-05-10,3.8734958138233656e+34,3.873495813823365e+34,3.873495813823365e+34,3.873495813823365e+34,0
2013-05-13,3.667458025444864e+34,3.6674580254448645e+34,3.6674580254448645e+34,3.6674580254448645e+34,1050
2013-05-14,3.667458025444864e+34,3.6674580254448645e+34,3.6674580254448645e+34,3.6674580254448645e+34,0
2013-05-15,3.667458025444864e+34,3.6674580254448645e+34,3.6674580254448645e+34,3.6674580254448645e+34,0
2013-05-16,3.667458025444864e+34,3.6674580254448645e+34,3.6674580254448645e+34,3.6674580254448645e+34,0
2013-05-17,3.667458025444864e+34,3.6674580254448645e+34,3.6674580254448645e+34,3.6674580254448645e+34,0
2013-05-20,3.667458025444864e+34,3.6674580254448645e+34,3.6674580254448645e+34,3.6674580254448645e+34,0
2013-05-21,3.667458025444864e+34,3.6674580254448645e+34,3.6674580254448645e+34,3.6674580254448645e+34,0
2013-05-22,3.667458025444864e+34,3.6674580254448645e+34,3.6674580254448645e+34,3.6674580254448645e+34,0
2013-05-23,3.5713069750055607e+34,3.5713069750055607e+34,3.5713069750055607e+34,3.5713069750055607e+34,250
2013-05-24,3.5713069750055607e+34,3.5713069750055607e+34,3.5713069750055607e+34,3.5713069750055607e+34,0
2013-05-28,3.5713069750055607e+34,3.5713069750055607e+34,3.5713069750055607e+34,3.5713069750055607e+34,0
2013-05-29,3.5713069750055607e+34,3.5713069750055607e+34,3.5713069750055607e+34,3.5713069750055607e+34,0
2013-05-30,3.5713069750055607e+34,3.5713069750055607e+34,3.5713069750055607e+34,3.5713069750055607e+34,0
2013-05-31,3.5713069750055607e+34,3.5713069750055607e+34,3.5713069750055607e+34,3.5713069750055607e+34,0
2013-06-03,3.8597583932074157e+34,3.8597583932074157e+34,3.8597583932074157e+34,3.8597583932074157e+34,750
2013-06-04,3.8597583932074157e+34,3.8597583932074157e+34,3.8597583932074157e+34,3.8597583932074157e+34,0
2013-06-05,3.846022705707521e+34,3.846022705707521e+34,3.846022705707521e+34,3.846022705707521e+34,6700
2013-06-06,3.846022705707521e+34,3.846022705707521e+34,3.846022705707521e+34,3.846022705707521e+34,0
2013-06-07,3.846022705707521e+34,3.846022705707521e+34,3.846022705707521e+34,3.846022705707521e+34,0
2013-06-10,3.846022705707521e+34,3.846022705707521e+34,3.846022705707521e+34,3.846022705707521e+34,0
2013-06-11,3.846022705707521e+34,3.846022705707521e+34,3.846022705707521e+34,3.846022705707521e+34,0
2013-06-12,3.846022705707521e+34,3.846022705707521e+34,3.846022705707521e+34,3.846022705707521e+34,0
2013-06-13,3.846022705707521e+34,3.846022705707521e+34,3.846022705707521e+34,3.846022705707521e+34,0
2013-06-14,3.846022705707521e+34,3.846022705707521e+34,3.846022705707521e+34,3.846022705707521e+34,0
2013-06-17,3.846022705707521e+34,3.846022705707521e+34,3.846022705707521e+34,3.846022705707521e+34,0
2013-06-18,3.846022705707521e+34,3.846022705707521e+34,3.846022705707521e+34,3.846022705707521e+34,0
2013-06-19,3.846022705707521e+34,3.846022705707521e+34,3.846022705707521e+34,3.846022705707521e+34,0
2013-06-20,3.846022705707521e+34,3.846022705707521e+34,3.846022705707521e+34,3.846022705707521e+34,0
2013-06-21,3.846022705707521e+34,3.846022705707521e+34,3.846022705707521e+34,3.846022705707521e+34,0
2013-06-24,3.846022705707521e+34,3.846022705707521e+34,3.846022705707521e+34,3.846022705707521e+34,0
2013-06-25,3.846022705707521e+34,3.846022705707521e+34,3.846022705707521e+34,3.846022705707521e+34,0
2013-06-26,2.884516657898629e+34,2.884516657898629e+34,2.884516657898629e+34,2.884516657898629e+34,30150
2013-06-27,5.506804933859577e+34,5.506804933859577e+34,5.506804933859577e+34,5.506804933859577e+34,0
2013-06-28,5.978817110734637e+34,5.978817110734637e+34,5.978817110734637e+34,5.978817110734637e+34,8000
2013-07-01,5.978817110734637e+34,5.978817110734637e+34,5.978817110734637e+34,5.978817110734637e+34,0
2013-07-02,5.978817110734637e+34,5.978817110734637e+34,5.978817110734637e+34,5.978817110734637e+34,0
2013-07-03,5.978817110734637e+34,5.978817110734637e+34,5.978817110734637e+34,5.978817110734637e+34,0
2013-07-05,5.978817110734637e+34,5.978817110734637e+34,5.978817110734637e+34,5.978817110734637e+34,0
2013-07-08,5.978817110734637e+34,5.978817110734637e+34,5.978817110734637e+34,5.978817110734637e+34,0
2013-07-09,5.978817110734637e+34,5.978817110734637e+34,5.978817110734637e+34,5.978817110734637e+34,0
2013-07-10,6.031263678439001e+34,6.031263678439001e+34,6.031263678439001e+34,6.031263678439001e+34,6750
2013-07-11,6.031263678439001e+34,6.031263678439001e+34,6.031263678439001e+34,6.031263678439001e+34,0
2013-07-12,6.031263678439001e+34,6.031263678439001e+34,6.031263678439001e+34,6.031263678439001e+34,0
2013-07-15,6.230556179131445e+34,6.230556179131445e+34,6.230556179131445e+34,6.230556179131445e+34,5500
2013-07-16,6.230556179131445e+34,6.230556179131445e+34,6.230556179131445e+34,6.230556179131445e+34,0
2013-07-17,6.230556179131445e+34,6.230556179131445e+34,6.230556179131445e+34,6.230556179131445e+34,0
2013-07-18,6.230556179131445e+34,6.230556179131445e+34,6.230556179131445e+34,6.230556179131445e+34,0
2013-07-19,6.230556179131445e+34,6.230556179131445e+34,6.230556179131445e+34,6.230556179131445e+34,0
2013-07-22,6.230556179131445e+34,6.230556179131445e+34,6.230556179131445e+34,6.230556179131445e+34,0
2013-07-23,6.230556179131445e+34,6.230556179131445e+34,6.230556179131445e+34,6.230556179131445e+34,0
2013-07-24,6.230556179131445e+34,6.230556179131445e+34,6.230556179131445e+34,6.230556179131445e+34,0
2013-07-25,6.293492060376682e+34,6.293492060376682e+34,6.036507921283469e+34,6.036507921283469e+34,650
2013-07-26,6.293492060376682e+34,6.293492060376682e+34,6.293492060376682e+34,6.293492060376682e+34,0
2013-07-29,6.293492060376682e+34,6.293492060376682e+34,6.293492060376682e+34,6.293492060376682e+34,0
2013-07-30,6.293492060376682e+34,6.293492060376682e+34,6.293492060376682e+34,6.293492060376682e+34,0
2013-07-31,6.293492060376682e+34,6.293492060376682e+34,6.293492060376682e+34,6.293492060376682e+34,0
2013-08-01,6.293492060376682e+34,6.293492060376682e+34,6.293492060376682e+34,6.293492060376682e+34,0
2013-08-02,6.293492060376682e+34,6.293492060376682e+34,6.293492060376682e+34,6.293492060376682e+34,0
2013-08-05,6.293492060376682e+34,6.293492060376682e+34,6.293492060376682e+34,6.293492060376682e+34,0
2013-08-06,6.293492060376682e+34,6.293492060376682e+34,6.293492060376682e+34,6.293492060376682e+34,0
2013-08-07,5.827248188908676e+34,6.031262155011318e+34,5.827248188908676e+34,6.031262155011318e+34,45500
2013-08-08,5.637918629652402e+34,5.637918629652402e+34,5.637918629652402e+34,5.637918629652402e+34,2200
2013-08-09,5.637918629652402e+34,5.637918629652402e+34,5.637918629652402e+34,5.637918629652402e+34,0
2013-08-12,5.637918629652402e+34,5.637918629652402e+34,5.637918629652402e+34,5.637918629652402e+34,0
2013-08-13,5.637918629652402e+34,5.637918629652402e+34,5.637918629652402e+34,5.637918629652402e+34,0
2013-08-14,5.637918629652402e+34,5.637918629652402e+34,5.637918629652402e+34,5.637918629652402e+34,0
2013-08-15,5.637918629652402e+34,5.637918629652402e+34,5.637918629652402e+34,5.637918629652402e+34,0
2013-08-16,5.637918629652402e+34,5.637918629652402e+34,5.637918629652402e+34,5.637918629652402e+34,0
2013-08-19,5.637918629652402e+34,5.637918629652402e+34,5.637918629652402e+34,5.637918629652402e+34,0
2013-08-20,5.637918629652402e+34,5.637918629652402e+34,5.637918629652402e+34,5.637918629652402e+34,0
2013-08-21,5.637918629652402e+34,5.637918629652402e+34,5.637918629652402e+34,5.637918629652402e+34,0
2013-08-22,5.637918629652402e+34,5.637918629652402e+34,5.637918629652402e+34,5.637918629652402e+34,0
2013-08-23,5.637918629652402e+34,5.637918629652402e+34,5.637918629652402e+34,5.637918629652402e+34,0
2013-08-26,5.637918629652402e+34,5.637918629652402e+34,5.637918629652402e+34,5.637918629652402e+34,0
2013-08-27,5.847703910117828e+34,5.847703910117828e+34,5.847703910117828e+34,5.847703910117828e+34,250
2013-08-28,6.293492060376682e+34,6.293492060376682e+34,6.293492060376682e+34,6.293492060376682e+34,250
2013-08-29,6.450830773137744e+34,6.450830773137745e+34,6.450830773137745e+34,6.450830773137745e+34,61500
2013-08-30,6.555720937490378e+34,6.555720937490379e+34,6.555720937490379e+34,6.555720937490379e+34,150
2013-09-03,6.492786046597172e+34,6.4927860465971715e+34,6.4927860465971715e+34,6.4927860465971715e+34,400
2013-09-04,6.492786046597172e+34,6.4927860465971715e+34,6.4927860465971715e+34,6.4927860465971715e+34,0
2013-09-05,6.644878369471743e+34,6.644878369471743e+34,6.644878369471743e+34,6.644878369471743e+34,14900
2013-09-06,6.765501761371663e+34,6.765501761371663e+34,6.765501761371663e+34,6.765501761371663e+34,5450
2013-09-09,6.765501761371663e+34,6.765501761371663e+34,6.765501761371663e+34,6.765501761371663e+34,0
2013-09-10,6.765501761371663e+34,6.765501761371663e+34,6.765501761371663e+34,6.765501761371663e+34,0
2013-09-11,6.765501761371663e+34,6.765501761371663e+34,6.765501761371663e+34,6.765501761371663e+34,0
2013-09-12,6.765501761371663e+34,6.765501761371663e+34,6.765501761371663e+34,6.765501761371663e+34,0
2013-09-13,6.949065491100962e+34,6.949065491100963e+34,6.949065491100963e+34,6.949065491100963e+34,1350
2013-09-16,7.080178196541755e+34,7.080178196541755e+34,7.080178196541755e+34,7.080178196541755e+34,250
2013-09-17,7.080178196541755e+34,7.080178196541755e+34,7.080178196541755e+34,7.080178196541755e+34,0
2013-09-18,7.080178196541755e+34,7.080178196541755e+34,7.080178196541755e+34,7.080178196541755e+34,0
2013-09-19,6.975287041837089e+34,6.9752870418370885e+34,6.9752870418370885e+34,6.9752870418370885e+34,250
2013-09-20,6.975287041837089e+34,6.9752870418370885e+34,6.9752870418370885e+34,6.9752870418370885e+34,0
2013-09-23,6.81795030978009e+34,6.81795030978009e+34,6.81795030978009e+34,6.81795030978009e+34,400
2013-09-24,6.81795030978009e+34,6.81795030978009e+34,6.81795030978009e+34,6.81795030978009e+34,0
2013-09-25,6.81795030978009e+34,6.81795030978009e+34,6.81795030978009e+34,6.81795030978009e+34,0
2013-09-26,6.81795030978009e+34,6.81795030978009e+34,6.81795030978009e+34,6.81795030978009e+34,0
2013-09-27,6.81795030978009e+34,6.81795030978009e+34,6.81795030978009e+34,6.81795030978009e+34,0
2013-09-30,6.922840474132725e+34,6.922840474132725e+34,6.922840474132725e+34,6.922840474132725e+34,100
2013-10-01,6.870394401604376e+34,6.870394401604377e+34,6.870394401604377e+34,6.870394401604377e+34,500
2013-10-02,6.870394401604376e+34,6.870394401604377e+34,6.870394401604377e+34,6.870394401604377e+34,0
2013-10-03,6.870394401604376e+34,6.870394401604377e+34,6.870394401604377e+34,6.870394401604377e+34,0
2013-10-04,6.870394401604376e+34,6.870394401604377e+34,6.870394401604377e+34,6.870394401604377e+34,0
2013-10-07,6.870394401604376e+34,6.870394401604377e+34,6.870394401604377e+34,6.870394401604377e+34,0
2013-10-08,6.870394401604376e+34,6.870394401604377e+34,6.870394401604377e+34,6.870394401604377e+34,0
2013-10-09,6.870394401604376e+34,6.870394401604377e+34,6.870394401604377e+34,6.870394401604377e+34,0
2013-10-10,6.870394401604376e+34,6.870394401604377e+34,6.870394401604377e+34,6.870394401604377e+34,0
2013-10-11,6.870394401604376e+34,6.870394401604377e+34,6.870394401604377e+34,6.870394401604377e+34,0
2013-10-14,6.870394401604376e+34,6.870394401604377e+34,6.870394401604377e+34,6.870394401604377e+34,0
2013-10-15,6.870394401604376e+34,6.870394401604377e+34,6.870394401604377e+34,6.870394401604377e+34,0
2013-10-16,7.342406578479436e+34,7.342406578479436e+34,7.342406578479436e+34,7.342406578479436e+34,600
2013-10-17,7.342406578479436e+34,7.342406578479436e+34,7.342406578479436e+34,7.342406578479436e+34,0
2013-10-18,7.60463694112118e+34,7.60463694112118e+34,7.60463694112118e+34,7.60463694112118e+34,1750
2013-10-21,7.60463694112118e+34,7.60463694112118e+34,7.60463694112118e+34,7.60463694112118e+34,0
2013-10-22,7.60463694112118e+34,7.60463694112118e+34,7.60463694112118e+34,7.60463694112118e+34,0
2013-10-23,7.60463694112118e+34,7.60463694112118e+34,7.60463694112118e+34,7.60463694112118e+34,0
2013-10-24,7.60463694112118e+34,7.60463694112118e+34,7.60463694112118e+34,7.60463694112118e+34,0
2013-10-25,7.60463694112118e+34,7.60463694112118e+34,7.60463694112118e+34,7.60463694112118e+34,0
2013-10-28,7.60463694112118e+34,7.60463694112118e+34,7.60463694112118e+34,7.60463694112118e+34,100
2013-10-29,7.60463694112118e+34,7.60463694112118e+34,7.60463694112118e+34,7.60463694112118e+34,0
2013-10-30,7.60463694112118e+34,7.60463694112118e+34,7.60463694112118e+34,7.60463694112118e+34,0
2013-10-31,7.60463694112118e+34,7.60463694112118e+34,7.60463694112118e+34,7.60463694112118e+34,0
2013-11-01,7.60463694112118e+34,7.60463694112118e+34,7.60463694112118e+34,7.60463694112118e+34,0
2013-11-04,7.60463694112118e+34,7.60463694112118e+34,7.60463694112118e+34,7.60463694112118e+34,0
2013-11-05,7.60463694112118e+34,7.60463694112118e+34,7.60463694112118e+34,7.60463694112118e+34,0
2013-11-06,7.60463694112118e+34,7.60463694112118e+34,7.60463694112118e+34,7.60463694112118e+34,0
2013-11-07,6.81795030978009e+34,6.81795030978009e+34,6.81795030978009e+34,6.81795030978009e+34,400
2013-11-08,6.81795030978009e+34,6.81795030978009e+34,6.81795030978009e+34,6.81795030978009e+34,0
2013-11-11,6.81795030978009e+34,6.81795030978009e+34,6.81795030978009e+34,6.81795030978009e+34,0
2013-11-12,7.342406578479436e+34,7.342406578479436e+34,6.817948965730905e+34,6.817948965730905e+34,150
2013-11-13,7.342406578479436e+34,7.342406578479436e+34,7.342406578479436e+34,7.342406578479436e+34,0
2013-11-14,7.211293873038643e+34,7.211293873038643e+34,7.211293873038643e+34,7.211293873038643e+34,450
2013-11-15,7.211293873038643e+34,7.211293873038643e+34,7.211293873038643e+34,7.211293873038643e+34,0
2013-11-18,7.211293873038643e+34,7.211293873038643e+34,7.211293873038643e+34,7.211293873038643e+34,0
2013-11-19,7.211293873038643e+34,7.211293873038643e+34,7.211293873038643e+34,7.211293873038643e+34,0
2013-11-20,7.499742815360419e+34,7.499742815360419e+34,7.499742815360419e+34,7.499742815360419e+34,2350
2013-11-21,7.499742815360419e+34,7.499742815360419e+34,7.499742815360419e+34,7.499742815360419e+34,0
2013-11-22,7.342406578479436e+34,7.342406578479436e+34,7.342406578479436e+34,7.342406578479436e+34,250
2013-11-25,7.342406578479436e+34,7.342406578479436e+34,7.342406578479436e+34,7.342406578479436e+34,0
2013-11-26,7.342406578479436e+34,7.342406578479436e+34,7.342406578479436e+34,7.342406578479436e+34,0
2013-11-27,7.342406578479436e+34,7.342406578479436e+34,7.342406578479436e+34,7.342406578479436e+34,0
2013-11-29,7.342406578479436e+34,7.342406578479436e+34,7.342406578479436e+34,7.342406578479436e+34,0
2013-12-02,7.342406578479436e+34,7.342406578479436e+34,7.342406578479436e+34,7.342406578479436e+34,0
2013-12-03,7.342406578479436e+34,7.342406578479436e+34,7.342406578479436e+34,7.342406578479436e+34,0
2013-12-04,6.81795030978009e+34,6.81795030978009e+34,6.81795030978009e+34,6.81795030978009e+34,900
2013-12-05,6.81795030978009e+34,6.81795030978009e+34,6.81795030978009e+34,6.81795030978009e+34,0
2013-12-06,6.81795030978009e+34,6.81795030978009e+34,6.81795030978009e+34,6.81795030978009e+34,0
2013-12-09,6.81795030978009e+34,6.81795030978009e+34,6.81795030978009e+34,6.81795030978009e+34,0
2013-12-10,6.81795030978009e+34,6.81795030978009e+34,6.81795030978009e+34,6.81795030978009e+34,0
2013-12-11,6.81795030978009e+34,6.81795030978009e+34,6.81795030978009e+34,6.81795030978009e+34,0
2013-12-12,6.81795030978009e+34,6.81795030978009e+34,6.81795030978009e+34,6.81795030978009e+34,0
2013-12-13,6.81795030978009e+34,6.81795030978009e+34,6.81795030978009e+34,6.81795030978009e+34,0
2013-12-16,6.81795030978009e+34,6.81795030978009e+34,6.81795030978009e+34,6.81795030978009e+34,0
2013-12-17,6.81795030978009e+34,6.81795030978009e+34,6.81795030978009e+34,6.81795030978009e+34,0
2013-12-18,6.81795030978009e+34,6.81795030978009e+34,6.81795030978009e+34,6.81795030978009e+34,0
2013-12-19,6.81795030978009e+34,6.81795030978009e+34,6.81795030978009e+34,6.81795030978009e+34,0
2013-12-20,6.81795030978009e+34,6.81795030978009e+34,6.81795030978009e+34,6.81795030978009e+34,0
2013-12-23,6.81795030978009e+34,6.81795030978009e+34,6.81795030978009e+34,6.81795030978009e+34,0
2013-12-24,7.211293873038643e+34,7.211293873038643e+34,7.211293873038643e+34,7.211293873038643e+34,5550
2013-12-26,7.211293873038643e+34,7.211293873038643e+34,7.211293873038643e+34,7.211293873038643e+34,0
2013-12-27,-7.980304329940788e+33,-7.980304329940788e+33,-7.980304329940788e+33,-7.980304329940788e+33,0
2013-12-30,-7.980304329940788e+33,-7.980304329940788e+33,-7.980304329940788e+33,-7.980304329940788e+33,0
2013-12-31,-7.980304329940788e+33,-7.980304329940788e+33,-7.980304329940788e+33,-7.980304329940788e+33,0
2014-01-02,-7.545016139507145e+33,-7.545016139507145e+33,-7.545016139507145e+33,-7.545016139507145e+33,150
2014-01-03,-7.545016139507145e+33,-7.545016139507145e+33,-7.545016139507145e+33,-7.545016139507145e+33,0
2014-01-06,-7.545016139507145e+33,-7.545016139507145e+33,-7.545016139507145e+33,-7.545016139507145e+33,0
2014-01-07,-7.545016139507145e+33,-7.545016139507145e+33,-7.545016139507145e+33,-7.545016139507145e+33,0
2014-01-08,-7.545016139507145e+33,-7.545016139507145e+33,-7.545016139507145e+33,-7.545016139507145e+33,0
2014-01-09,-7.545016139507145e+33,-7.545016139507145e+33,-7.545016139507145e+33,-7.545016139507145e+33,0
2014-01-10,-7.545016139507145e+33,-7.545016139507145e+33,-7.545016139507145e+33,-7.545016139507145e+33,0
2014-01-13,-7.545016139507145e+33,-7.545016139507145e+33,-7.545016139507145e+33,-7.545016139507145e+33,0
2014-01-14,-7.545016139507145e+33,-7.545016139507145e+33,-7.545016139507145e+33,-7.545016139507145e+33,0
2014-01-15,-7.545016139507145e+33,-7.545016139507145e+33,-7.545016139507145e+33,-7.545016139507145e+33,0
2014-01-16,-7.545016139507145e+33,-7.545016139507145e+33,-7.545016139507145e+33,-7.545016139507145e+33,0
2014-01-17,-7.545016139507145e+33,-7.545016139507145e+33,-7.545016139507145e+33,-7.545016139507145e+33,0
2014-01-21,-7.399917806472525e+33,-7.399917806472525e+33,-7.399917806472525e+33,-7.399917806472525e+33,50
2014-01-22,-7.399917806472525e+33,-7.399917806472525e+33,-7.399917806472525e+33,-7.399917806472525e+33,0
2014-01-23,-7.399917806472525e+33,-7.399917806472525e+33,-7.399917806472525e+33,-7.399917806472525e+33,0
2014-01-24,-7.399917806472525e+33,-7.399917806472525e+33,-7.399917806472525e+33,-7.399917806472525e+33,0
2014-01-27,-7.399917806472525e+33,-7.399917806472525e+33,-7.399917806472525e+33,-7.399917806472525e+33,0
2014-01-28,-7.399917806472525e+33,-7.399917806472525e+33,-7.399917806472525e+33,-7.399917806472525e+33,0
2014-01-29,-7.399917806472525e+33,-7.399917806472525e+33,-7.399917806472525e+33,-7.399917806472525e+33,0
2014-01-30,-7.399917806472525e+33,-7.399917806472525e+33,-7.399917806472525e+33,-7.399917806472525e+33,0
2014-01-31,-7.399917806472525e+33,-7.399917806472525e+33,-7.399917806472525e+33,-7.399917806472525e+33,0
2014-02-03,-7.399917806472525e+33,-7.399917806472525e+33,-7.399917806472525e+33,-7.399917806472525e+33,0
2014-02-04,-7.399917806472525e+33,-7.399917806472525e+33,-7.399917806472525e+33,-7.399917806472525e+33,0
2014-02-05,-7.399917806472525e+33,-7.399917806472525e+33,-7.399917806472525e+33,-7.399917806472525e+33,0
2014-02-06,-7.254820092407925e+33,-7.254820092407925e+33,-7.254820092407925e+33,-7.254820092407925e+33,150
2014-02-07,-7.254820092407925e+33,-7.254820092407925e+33,-7.254820092407925e+33,-7.254820092407925e+33,0
2014-02-10,-7.254820092407925e+33,-7.254820092407925e+33,-7.254820092407925e+33,-7.254820092407925e+33,0
2014-02-11,-7.254820092407925e+33,-7.254820092407925e+33,-7.254820092407925e+33,-7.254820092407925e+33,0
2014-02-12,-7.254820092407925e+33,-7.254820092407925e+33,-7.254820092407925e+33,-7.254820092407925e+33,0
2014-02-13,-7.254820092407925e+33,-7.254820092407925e+33,-7.254820092407925e+33,-7.254820092407925e+33,0
2014-02-14,-7.254820092407925e+33,-7.254820092407925e+33,-7.254820092407925e+33,-7.254820092407925e+33,0
2014-02-18,-7.254820092407925e+33,-7.254820092407925e+33,-7.254820092407925e+33,-7.254820092407925e+33,400
2014-02-19,-7.254820092407925e+33,-7.254820092407925e+33,-7.254820092407925e+33,-7.254820092407925e+33,0
2014-02-20,-7.254820092407925e+33,-7.254820092407925e+33,-7.254820092407925e+33,-7.254820092407925e+33,0
2014-02-21,-7.254820092407925e+33,-7.254820092407925e+33,-7.254820092407925e+33,-7.254820092407925e+33,0
2014-02-24,-7.254820092407925e+33,-7.254820092407925e+33,-7.254820092407925e+33,-7.254820092407925e+33,0
2014-02-25,-7.399917806472525e+33,-7.399917806472525e+33,-7.399917806472525e+33,-7.399917806472525e+33,650
2014-02-26,-7.399917806472525e+33,-7.399917806472525e+33,-7.399917806472525e+33,-7.399917806472525e+33,0
2014-02-27,-7.399917806472525e+33,-7.399917806472525e+33,-7.399917806472525e+33,-7.399917806472525e+33,0
2014-02-28,-7.399917806472525e+33,-7.399917806472525e+33,-7.399917806472525e+33,-7.399917806472525e+33,0
2014-03-03,-7.399917806472525e+33,-7.399917806472525e+33,-7.399917806472525e+33,-7.399917806472525e+33,0
2014-03-04,-7.399917806472525e+33,-7.399917806472525e+33,-7.399917806472525e+33,-7.399917806472525e+33,0
2014-03-05,-7.399917806472525e+33,-7.399917806472525e+33,-7.399917806472525e+33,-7.399917806472525e+33,0
2014-03-06,-7.399917806472525e+33,-7.399917806472525e+33,-7.399917806472525e+33,-7.399917806472525e+33,200
2014-03-07,-7.399917806472525e+33,-7.399917806472525e+33,-7.399917806472525e+33,-7.399917806472525e+33,0
2014-03-10,-7.399917806472525e+33,-7.399917806472525e+33,-7.399917806472525e+33,-7.399917806472525e+33,0
2014-03-11,-7.399917806472525e+33,-7.399917806472525e+33,-7.399917806472525e+33,-7.399917806472525e+33,0
2014-03-12,-7.254820092407925e+33,-7.254820092407925e+33,-7.254820092407925e+33,-7.254820092407925e+33,200
2014-03-13,-6.848554168255288e+33,-6.848554168255288e+33,-6.848554168255288e+33,-6.848554168255288e+33,750
2014-03-14,-6.848554168255288e+33,-6.848554168255288e+33,-6.848554168255288e+33,-6.848554168255288e+33,0
2014-03-17,-6.848554168255288e+33,-6.848554168255288e+33,-6.848554168255288e+33,-6.848554168255288e+33,0
2014-03-18,-6.848554168255288e+33,-6.848554168255288e+33,-6.848554168255288e+33,-6.848554168255288e+33,0
2014-03-19,-6.848554168255288e+33,-6.848554168255288e+33,-6.848554168255288e+33,-6.848554168255288e+33,0
2014-03-20,-6.384244949480677e+33,-6.384244949480677e+33,-6.384244949480677e+33,-6.384244949480677e+33,150
2014-03-21,-7.080705063822475e+33,-7.080705063822475e+33,-7.080705063822475e+33,-7.080705063822475e+33,400
2014-03-24,-7.080705063822475e+33,-7.080705063822475e+33,-7.080705063822475e+33,-7.080705063822475e+33,0
2014-03-25,-7.080705063822475e+33,-7.080705063822475e+33,-7.080705063822475e+33,-7.080705063822475e+33,0
2014-03-26,-7.080705063822475e+33,-7.080705063822475e+33,-7.080705063822475e+33,-7.080705063822475e+33,0
2014-03-27,-7.080705063822475e+33,-7.080705063822475e+33,-7.080705063822475e+33,-7.080705063822475e+33,0
2014-03-28,-7.080705063822475e+33,-7.080705063822475e+33,-7.080705063822475e+33,-7.080705063822475e+33,0
2014-03-31,-7.080705063822475e+33,-7.080705063822475e+33,-7.080705063822475e+33,-7.080705063822475e+33,0
2014-04-01,-7.080705063822475e+33,-7.080705063822475e+33,-7.080705063822475e+33,-7.080705063822475e+33,0
2014-04-02,-7.545016139507145e+33,-7.545016139507145e+33,-7.545016139507145e+33,-7.545016139507145e+33,150
2014-04-03,-7.545016139507145e+33,-7.545016139507145e+33,-7.545016139507145e+33,-7.545016139507145e+33,0
2014-04-04,-7.545016139507145e+33,-7.545016139507145e+33,-7.545016139507145e+33,-7.545016139507145e+33,0
2014-04-07,-7.545016139507145e+33,-7.545016139507145e+33,-7.545016139507145e+33,-7.545016139507145e+33,0
2014-04-08,-7.545016139507145e+33,-7.545016139507145e+33,-7.545016139507145e+33,-7.545016139507145e+33,0
2014-04-09,-7.545016139507145e+33,-7.545016139507145e+33,-7.545016139507145e+33,-7.545016139507145e+33,0
2014-04-10,-7.545016139507145e+33,-7.545016139507145e+33,-7.545016139507145e+33,-7.545016139507145e+33,0
2014-04-11,-7.545016139507145e+33,-7.545016139507145e+33,-7.545016139507145e+33,-7.545016139507145e+33,0
2014-04-14,-7.545016139507145e+33,-7.545016139507145e+33,-7.545016139507145e+33,-7.545016139507145e+33,0
2014-04-15,-7.545016139507145e+33,-7.545016139507145e+33,-7.545016139507145e+33,-7.545016139507145e+33,0
2014-04-16,-7.545016139507145e+33,-7.545016139507145e+33,-7.545016139507145e+33,-7.545016139507145e+33,0
2014-04-17,-7.545016139507145e+33,-7.545016139507145e+33,-7.545016139507145e+33,-7.545016139507145e+33,0
2014-04-21,-7.545016139507145e+33,-7.545016139507145e+33,-7.545016139507145e+33,-7.545016139507145e+33,0
2014-04-22,-7.545016139507145e+33,-7.545016139507145e+33,-7.545016139507145e+33,-7.545016139507145e+33,0
2014-04-23,-7.545016139507145e+33,-7.545016139507145e+33,-7.545016139507145e+33,-7.545016139507145e+33,0
2014-04-24,-7.545016139507145e+33,-7.545016139507145e+33,-7.545016139507145e+33,-7.545016139507145e+33,0
2014-04-25,-7.545016139507145e+33,-7.545016139507145e+33,-7.545016139507145e+33,-7.545016139507145e+33,0
2014-04-28,-7.545016139507145e+33,-7.545016139507145e+33,-7.545016139507145e+33,-7.545016139507145e+33,0
2014-04-29,-7.545016139507145e+33,-7.545016139507145e+33,-7.545016139507145e+33,-7.545016139507145e+33,0
2014-04-30,-7.545016139507145e+33,-7.545016139507145e+33,-7.545016139507145e+33,-7.545016139507145e+33,0
2014-05-01,-7.545016139507145e+33,-7.545016139507145e+33,-7.545016139507145e+33,-7.545016139507145e+33,0
2014-05-02,-7.545016139507145e+33,-7.545016139507145e+33,-7.545016139507145e+33,-7.545016139507145e+33,0
2014-05-05,-7.545016139507145e+33,-7.545016139507145e+33,-7.545016139507145e+33,-7.545016139507145e+33,0
2014-05-06,-7.545016139507145e+33,-7.545016139507145e+33,-7.545016139507145e+33,-7.545016139507145e+33,0
2014-05-07,-7.545016139507145e+33,-7.545016139507145e+33,-7.545016139507145e+33,-7.545016139507145e+33,0
2014-05-08,-7.835205996906168e+33,-7.835205996906168e+33,-7.835205996906168e+33,-7.835205996906168e+33,300
2014-05-09,-7.835205996906168e+33,-7.835205996906168e+33,-7.835205996906168e+33,-7.835205996906168e+33,0
2014-05-12,-7.545016139507145e+33,-7.545016139507145e+33,-7.545016139507145e+33,-7.545016139507145e+33,250
2014-05-13,-7.545016139507145e+33,-7.545016139507145e+33,-7.545016139507145e+33,-7.545016139507145e+33,0
2014-05-14,-7.545016139507145e+33,-7.545016139507145e+33,-7.545016139507145e+33,-7.545016139507145e+33,0
2014-05-15,-7.545016139507145e+33,-7.545016139507145e+33,-7.545016139507145e+33,-7.545016139507145e+33,0
2014-05-16,-7.545016139507145e+33,-7.545016139507145e+33,-7.545016139507145e+33,-7.545016139507145e+33,0
2014-05-19,-7.545016139507145e+33,-7.545016139507145e+33,-7.545016139507145e+33,-7.545016139507145e+33,0
2014-05-20,-7.545016139507145e+33,-7.545016139507145e+33,-7.545016139507145e+33,-7.545016139507145e+33,0
2014-05-21,-7.545016139507145e+33,-7.545016139507145e+33,-7.545016139507145e+33,-7.545016139507145e+33,0
2014-05-22,-7.545016139507145e+33,-7.545016139507145e+33,-7.545016139507145e+33,-7.545016139507145e+33,0
2014-05-23,-7.545016139507145e+33,-7.545016139507145e+33,-7.545016139507145e+33,-7.545016139507145e+33,0
2014-05-27,-7.545016139507145e+33,-7.545016139507145e+33,-7.545016139507145e+33,-7.545016139507145e+33,0
2014-05-28,-7.545016139507145e+33,-7.545016139507145e+33,-7.545016139507145e+33,-7.545016139507145e+33,0
2014-05-29,-7.545016139507145e+33,-7.545016139507145e+33,-7.545016139507145e+33,-7.545016139507145e+33,0
2014-05-30,-8.705786091593573e+33,-8.705786091593573e+33,-8.705786091593573e+33,-8.705786091593573e+33,1000
2014-06-02,-8.705786091593573e+33,-8.705786091593573e+33,-8.705786091593573e+33,-8.705786091593573e+33,0
2014-06-03,-8.12539956812531e+33,-8.12539956812531e+33,-8.12539956812531e+33,-8.12539956812531e+33,100
2014-06-04,-8.12539956812531e+33,-8.12539956812531e+33,-8.12539956812531e+33,-8.12539956812531e+33,0
2014-06-05,-8.12539956812531e+33,-8.12539956812531e+33,-8.12539956812531e+33,-8.12539956812531e+33,0
2014-06-06,-8.12539956812531e+33,-8.12539956812531e+33,-8.12539956812531e+33,-8.12539956812531e+33,0
2014-06-09,-8.12539956812531e+33,-8.12539956812531e+33,-8.12539956812531e+33,-8.12539956812531e+33,0
2014-06-10,-8.12539956812531e+33,-8.12539956812531e+33,-8.12539956812531e+33,-8.12539956812531e+33,0
2014-06-11,-8.12539956812531e+33,-8.12539956812531e+33,-8.12539956812531e+33,-8.12539956812531e+33,0
2014-06-12,-8.12539956812531e+33,-8.12539956812531e+33,-8.12539956812531e+33,-8.12539956812531e+33,0
2014-06-13,-8.12539956812531e+33,-8.12539956812531e+33,-8.12539956812531e+33,-8.12539956812531e+33,0
2014-06-16,-8.12539956812531e+33,-8.12539956812531e+33,-8.12539956812531e+33,-8.12539956812531e+33,0
2014-06-17,-8.12539956812531e+33,-8.12539956812531e+33,-8.12539956812531e+33,-8.12539956812531e+33,0
2014-06-18,-8.12539956812531e+33,-8.12539956812531e+33,-8.12539956812531e+33,-8.12539956812531e+33,0
2014-06-19,-8.12539956812531e+33,-8.12539956812531e+33,-8.12539956812531e+33,-8.12539956812531e+33,0
2014-06-20,-8.12539956812531e+33,-8.12539956812531e+33,-8.12539956812531e+33,-8.12539956812531e+33,0
2014-06-23,-8.12539956812531e+33,-8.12539956812531e+33,-8.12539956812531e+33,-8.12539956812531e+33,0
2014-06-24,-8.12539956812531e+33,-8.12539956812531e+33,-8.12539956812531e+33,-8.12539956812531e+33,0
2014-06-25,-8.12539956812531e+33,-8.12539956812531e+33,-8.12539956812531e+33,-8.12539956812531e+33,0
2014-06-26,-8.12539956812531e+33,-8.12539956812531e+33,-8.12539956812531e+33,-8.12539956812531e+33,0
2014-06-27,-1.263951016420825e+34,-1.263951016420825e+34,-1.263951016420825e+34,-1.263951016420825e+34,0
2014-06-30,-1.263951016420825e+34,-1.263951016420825e+34,-1.263951016420825e+34,-1.263951016420825e+34,0
2014-07-01,-1.263951016420825e+34,-1.263951016420825e+34,-1.263951016420825e+34,-1.263951016420825e+34,0
2014-07-02,-1.263951016420825e+34,-1.263951016420825e+34,-1.263951016420825e+34,-1.263951016420825e+34,0
2014-07-03,-1.263951016420825e+34,-1.263951016420825e+34,-1.263951016420825e+34,-1.263951016420825e+34,0
2014-07-07,-1.263951016420825e+34,-1.263951016420825e+34,-1.263951016420825e+34,-1.263951016420825e+34,0
2014-07-08,-1.263951016420825e+34,-1.263951016420825e+34,-1.263951016420825e+34,-1.263951016420825e+34,0
2014-07-09,-1.263951016420825e+34,-1.263951016420825e+34,-1.263951016420825e+34,-1.263951016420825e+34,0
2014-07-10,-1.263951016420825e+34,-1.263951016420825e+34,-1.263951016420825e+34,-1.263951016420825e+34,0
2014-07-11,-1.263951016420825e+34,-1.263951016420825e+34,-1.263951016420825e+34,-1.263951016420825e+34,0
2014-07-14,-1.263951016420825e+34,-1.263951016420825e+34,-1.263951016420825e+34,-1.263951016420825e+34,0
2014-07-15,-1.263951016420825e+34,-1.263951016420825e+34,-1.263951016420825e+34,-1.263951016420825e+34,0
2014-07-16,-1.263951016420825e+34,-1.263951016420825e+34,-1.263951016420825e+34,-1.263951016420825e+34,0
2014-07-17,-1.263951016420825e+34,-1.263951016420825e+34,-1.263951016420825e+34,-1.263951016420825e+34,0
2014-07-18,-1.263951016420825e+34,-1.263951016420825e+34,-1.263951016420825e+34,-1.263951016420825e+34,0
2014-07-21,-1.263951016420825e+34,-1.263951016420825e+34,-1.263951016420825e+34,-1.263951016420825e+34,0
2014-07-22,-1.263951016420825e+34,-1.263951016420825e+34,-1.263951016420825e+34,-1.263951016420825e+34,0
2014-07-23,-1.1917250141507706e+34,-1.1917250141507706e+34,-1.1917250141507706e+34,-1.1917250141507706e+34,250
2014-07-24,-1.1917250141507706e+34,-1.1917250141507706e+34,-1.1917250141507706e+34,-1.1917250141507706e+34,0
2014-07-25,-1.1917250141507706e+34,-1.1917250141507706e+34,-1.1917250141507706e+34,-1.1917250141507706e+34,0
2014-07-28,-1.2188099042702954e+34,-1.2188099042702954e+34,-1.2188099042702954e+34,-1.2188099042702954e+34,250
2014-07-29,-1.263951016420825e+34,-1.263951016420825e+34,-1.263951016420825e+34,-1.263951016420825e+34,200
2014-07-30,-1.263951016420825e+34,-1.263951016420825e+34,-1.263951016420825e+34,-1.263951016420825e+34,0
2014-07-31,-1.263951016420825e+34,-1.263951016420825e+34,-1.263951016420825e+34,-1.263951016420825e+34,0
2014-08-01,-1.263951016420825e+34,-1.263951016420825e+34,-1.263951016420825e+34,-1.263951016420825e+34,0
2014-08-04,-1.263951016420825e+34,-1.263951016420825e+34,-1.263951016420825e+34,-1.263951016420825e+34,0
2014-08-05,-1.263951016420825e+34,-1.263951016420825e+34,-1.263951016420825e+34,-1.263951016420825e+34,0
2014-08-06,-1.263951016420825e+34,-1.263951016420825e+34,-1.263951016420825e+34,-1.263951016420825e+34,0
2014-08-07,-1.1176939715094341e+34,-1.1176939715094341e+34,-1.1176939715094341e+34,-1.1176939715094341e+34,200
2014-08-08,-1.1149853587034777e+34,-1.1149853587034777e+34,-1.1149853587034777e+34,-1.1149853587034777e+34,400
2014-08-11,-1.1149853587034777e+34,-1.1149853587034777e+34,-1.1149853587034777e+34,-1.1149853587034777e+34,0
2014-08-12,-1.151098297941503e+34,-1.151098297941503e+34,-1.125058522472001e+34,-1.125058522472001e+34,41250
2014-08-13,-1.151098297941503e+34,-1.151098297941503e+34,-1.151098297941503e+34,-1.151098297941503e+34,0
2014-08-14,-1.151098297941503e+34,-1.151098297941503e+34,-1.151098297941503e+34,-1.151098297941503e+34,0
2014-08-15,-1.0833866916127105e+34,-1.0833866916127105e+34,-1.0833866916127105e+34,-1.0833866916127105e+34,1750
2014-08-18,-1.128527927557244e+34,-1.128527927557244e+34,-1.128527927557244e+34,-1.128527927557244e+34,400
2014-08-19,-1.128527927557244e+34,-1.128527927557244e+34,-1.128527927557244e+34,-1.128527927557244e+34,350
2014-08-20,-1.128527927557244e+34,-1.128527927557244e+34,-1.128527927557244e+34,-1.128527927557244e+34,0
2014-08-21,-1.128527927557244e+34,-1.128527927557244e+34,-1.128527927557244e+34,-1.128527927557244e+34,0
2014-08-22,-1.0833866916127105e+34,-1.0833866916127105e+34,-1.0833866916127105e+34,-1.0833866916127105e+34,300
2014-08-25,-1.0833866916127105e+34,-1.0833866916127105e+34,-1.0833866916127105e+34,-1.0833866916127105e+34,0
2014-08-26,-1.0833866916127105e+34,-1.0833866916127105e+34,-1.0833866916127105e+34,-1.0833866916127105e+34,0
2014-08-27,-1.0833866916127105e+34,-1.0833866916127105e+34,-1.0833866916127105e+34,-1.0833866916127105e+34,0
2014-08-28,-1.0833866916127105e+34,-1.0833866916127105e+34,-1.0833866916127105e+34,-1.0833866916127105e+34,0
2014-08-29,-1.065330221993698e+34,-1.065330221993698e+34,-1.065330221993698e+34,-1.065330221993698e+34,200
2014-09-02,-1.065330221993698e+34,-1.065330221993698e+34,-1.065330221993698e+34,-1.065330221993698e+34,0
2014-09-03,-1.065330221993698e+34,-1.065330221993698e+34,-1.065330221993698e+34,-1.065330221993698e+34,0
2014-09-04,-1.0382452699771711e+34,-1.0382452699771711e+34,-1.0382452699771711e+34,-1.0382452699771711e+34,200
2014-09-05,-1.0382452699771711e+34,-1.0382452699771711e+34,-1.0382452699771711e+34,-1.0382452699771711e+34,0
2014-09-08,-1.0382452699771711e+34,-1.0382452699771711e+34,-1.0382452699771711e+34,-1.0382452699771711e+34,0
2014-09-09,-1.0608160736404438e+34,-1.0608160736404438e+34,-1.0608160736404438e+34,-1.0608160736404438e+34,50
2014-09-10,-1.0608160736404438e+34,-1.0608160736404438e+34,-1.0608160736404438e+34,-1.0608160736404438e+34,0
2014-09-11,-1.0608160736404438e+34,-1.0608160736404438e+34,-1.0608160736404438e+34,-1.0608160736404438e+34,0
2014-09-12,-1.0608160736404438e+34,-1.0608160736404438e+34,-1.0608160736404438e+34,-1.0608160736404438e+34,0
2014-09-15,-1.0608160736404438e+34,-1.0608160736404438e+34,-1.0608160736404438e+34,-1.0608160736404438e+34,0
2014-09-16,-1.0608160736404438e+34,-1.0608160736404438e+34,-1.0608160736404438e+34,-1.0608160736404438e+34,0
2014-09-17,-1.0608160736404438e+34,-1.0608160736404438e+34,-1.0608160736404438e+34,-1.0608160736404438e+34,0
2014-09-18,-1.0608160736404438e+34,-1.0608160736404438e+34,-1.0608160736404438e+34,-1.0608160736404438e+34,0
2014-09-19,-1.0924149883192188e+34,-1.0924149883192188e+34,-1.0924149883192188e+34,-1.0924149883192188e+34,4500
2014-09-22,-1.0924149883192188e+34,-1.0924149883192188e+34,-1.0924149883192188e+34,-1.0924149883192188e+34,0
2014-09-23,-1.0924149883192188e+34,-1.0924149883192188e+34,-1.0924149883192188e+34,-1.0924149883192188e+34,0
2014-09-24,-1.0924149883192188e+34,-1.0924149883192188e+34,-1.0924149883192188e+34,-1.0924149883192188e+34,0
2014-09-25,-1.0924149883192188e+34,-1.0924149883192188e+34,-1.0924149883192188e+34,-1.0924149883192188e+34,0
2014-09-26,-1.0924149883192188e+34,-1.0924149883192188e+34,-1.0924149883192188e+34,-1.0924149883192188e+34,0
2014-09-29,-1.0924149883192188e+34,-1.0924149883192188e+34,-1.0924149883192188e+34,-1.0924149883192188e+34,0
2014-09-30,-1.0924149883192188e+34,-1.0924149883192188e+34,-1.0924149883192188e+34,-1.0924149883192188e+34,0
2014-10-01,-1.0924149883192188e+34,-1.0924149883192188e+34,-1.0924149883192188e+34,-1.0924149883192188e+34,0
2014-10-02,-1.0924149883192188e+34,-1.0924149883192188e+34,-1.0924149883192188e+34,-1.0924149883192188e+34,0
2014-10-03,-1.0924149883192188e+34,-1.0924149883192188e+34,-1.0924149883192188e+34,-1.0924149883192188e+34,0
2014-10-06,-1.0924149883192188e+34,-1.0924149883192188e+34,-1.0924149883192188e+34,-1.0924149883192188e+34,0
2014-10-07,-1.0924149883192188e+34,-1.0924149883192188e+34,-1.0924149883192188e+34,-1.0924149883192188e+34,0
2014-10-08,-1.0924149883192188e+34,-1.0924149883192188e+34,-1.0924149883192188e+34,-1.0924149883192188e+34,0
2014-10-09,-1.0924149883192188e+34,-1.0924149883192188e+34,-1.0924149883192188e+34,-1.0924149883192188e+34,0
2014-10-10,-1.0924149883192188e+34,-1.0924149883192188e+34,-1.0924149883192188e+34,-1.0924149883192188e+34,0
2014-10-13,-9.931046530026572e+33,-9.931046530026572e+33,-9.931046530026572e+33,-9.931046530026572e+33,900
2014-10-14,-9.931046530026572e+33,-9.931046530026572e+33,-9.931046530026572e+33,-9.931046530026572e+33,0
2014-10-15,-1.0201890479461663e+34,-1.0201890479461663e+34,-9.562867013836164e+33,-9.562867013836164e+33,29100
2014-10-16,-1.0201890479461663e+34,-1.0201890479461663e+34,-1.0201890479461663e+34,-1.0201890479461663e+34,0
2014-10-17,-1.0201890479461663e+34,-1.0201890479461663e+34,-1.0201890479461663e+34,-1.0201890479461663e+34,0
2014-10-20,-1.0201890479461663e+34,-1.0201890479461663e+34,-1.0201890479461663e+34,-1.0201890479461663e+34,0
2014-10-21,-1.0201890479461663e+34,-1.0201890479461663e+34,-1.0201890479461663e+34,-1.0201890479461663e+34,0
2014-10-22,-1.0201890479461663e+34,-1.0201890479461663e+34,-1.0201890479461663e+34,-1.0201890479461663e+34,0
2014-10-23,-1.0201890479461663e+34,-1.0201890479461663e+34,-1.0201890479461663e+34,-1.0201890479461663e+34,0
2014-10-24,-1.0201890479461663e+34,-1.0201890479461663e+34,-1.0201890479461663e+34,-1.0201890479461663e+34,0
2014-10-27,-9.118504778200984e+33,-9.118504778200984e+33,-9.028222211684791e+33,-9.028222211684791e+33,450
2014-10-28,-9.118504778200984e+33,-9.118504778200984e+33,-9.118504778200984e+33,-9.118504778200984e+33,0
2014-10-29,-9.118504778200984e+33,-9.118504778200984e+33,-9.118504778200984e+33,-9.118504778200984e+33,0
2014-10-30,-9.479634789551257e+33,-9.479634789551257e+33,-9.479634789551257e+33,-9.479634789551257e+33,200
2014-10-31,-9.479634789551257e+33,-9.479634789551257e+33,-9.479634789551257e+33,-9.479634789551257e+33,0
2014-11-03,-9.479634789551257e+33,-9.479634789551257e+33,-9.479634789551257e+33,-9.479634789551257e+33,0
2014-11-04,-9.479634789551257e+33,-9.479634789551257e+33,-9.479634789551257e+33,-9.479634789551257e+33,0
2014-11-05,-9.479634789551257e+33,-9.479634789551257e+33,-9.479634789551257e+33,-9.479634789551257e+33,0
2014-11-06,-9.479634789551257e+33,-9.479634789551257e+33,-9.479634789551257e+33,-9.479634789551257e+33,0
2014-11-07,-9.479634789551257e+33,-9.479634789551257e+33,-9.479634789551257e+33,-9.479634789551257e+33,0
2014-11-10,-1.1059569382029655e+34,-1.1059569382029655e+34,-1.1059569382029655e+34,-1.1059569382029655e+34,500
2014-11-11,-9.931046530026572e+33,-9.931046530026572e+33,-9.931046530026572e+33,-9.931046530026572e+33,250
2014-11-12,-9.931046530026572e+33,-9.931046530026572e+33,-9.931046530026572e+33,-9.931046530026572e+33,0
2014-11-13,-9.931046530026572e+33,-9.931046530026572e+33,-9.931046530026572e+33,-9.931046530026572e+33,0
2014-11-14,-9.931046530026572e+33,-9.931046530026572e+33,-9.931046530026572e+33,-9.931046530026572e+33,0
2014-11-17,-9.479634789551257e+33,-9.479634789551257e+33,-9.479634789551257e+33,-9.479634789551257e+33,750
2014-11-18,-9.479634789551257e+33,-9.479634789551257e+33,-9.479634789551257e+33,-9.479634789551257e+33,0
2014-11-19,-9.479634789551257e+33,-9.479634789551257e+33,-9.479634789551257e+33,-9.479634789551257e+33,0
2014-11-20,-9.479634789551257e+33,-9.479634789551257e+33,-9.479634789551257e+33,-9.479634789551257e+33,0
2014-11-21,-9.479634789551257e+33,-9.479634789551257e+33,-9.479634789551257e+33,-9.479634789551257e+33,0
2014-11-24,-9.479634789551257e+33,-9.479634789551257e+33,-9.479634789551257e+33,-9.479634789551257e+33,0
2014-11-25,-9.479634789551257e+33,-9.479634789551257e+33,-9.479634789551257e+33,-9.479634789551257e+33,0
2014-11-26,-9.479634789551257e+33,-9.479634789551257e+33,-9.479634789551257e+33,-9.479634789551257e+33,0
2014-11-28,-9.479634789551257e+33,-9.479634789551257e+33,-9.479634789551257e+33,-9.479634789551257e+33,0
2014-12-01,-9.479634789551257e+33,-9.479634789551257e+33,-9.479634789551257e+33,-9.479634789551257e+33,0
2014-12-02,-9.931046530026572e+33,-9.931046530026572e+33,-9.931046530026572e+33,-9.931046530026572e+33,400
2014-12-03,-9.931046530026572e+33,-9.931046530026572e+33,-9.931046530026572e+33,-9.931046530026572e+33,0
2014-12-04,-9.931046530026572e+33,-9.931046530026572e+33,-9.931046530026572e+33,-9.931046530026572e+33,0
2014-12-05,-9.931046530026572e+33,-9.931046530026572e+33,-9.931046530026572e+33,-9.931046530026572e+33,0
2014-12-08,-9.931046530026572e+33,-9.931046530026572e+33,-9.931046530026572e+33,-9.931046530026572e+33,200
2014-12-09,-9.931046530026572e+33,-9.931046530026572e+33,-9.931046530026572e+33,-9.931046530026572e+33,0
2014-12-10,-9.931046530026572e+33,-9.931046530026572e+33,-9.931046530026572e+33,-9.931046530026572e+33,0
2014-12-11,-9.931046530026572e+33,-9.931046530026572e+33,-9.931046530026572e+33,-9.931046530026572e+33,0
2014-12-12,-9.931046530026572e+33,-9.931046530026572e+33,-9.931046530026572e+33,-9.931046530026572e+33,0
2014-12-15,-9.931046530026572e+33,-9.931046530026572e+33,-9.931046530026572e+33,-9.931046530026572e+33,0
2014-12-16,-9.931046530026572e+33,-9.931046530026572e+33,-9.931046530026572e+33,-9.931046530026572e+33,0
2014-12-17,-9.931046530026572e+33,-9.931046530026572e+33,-9.931046530026572e+33,-9.931046530026572e+33,0
2014-12-18,-9.931046530026572e+33,-9.931046530026572e+33,-9.931046530026572e+33,-9.931046530026572e+33,0
2014-12-19,-9.931046530026572e+33,-9.931046530026572e+33,-9.931046530026572e+33,-9.931046530026572e+33,0
2014-12-22,-9.931046530026572e+33,-9.931046530026572e+33,-9.931046530026572e+33,-9.931046530026572e+33,0
2014-12-23,-9.931046530026572e+33,-9.931046530026572e+33,-9.931046530026572e+33,-9.931046530026572e+33,0
2014-12-24,-9.931046530026572e+33,-9.931046530026572e+33,-9.931046530026572e+33,-9.931046530026572e+33,0
2014-12-26,-9.931046530026572e+33,-9.931046530026572e+33,-9.931046530026572e+33,-9.931046530026572e+33,0
2014-12-29,5.937038568690067e+32,5.937038568690066e+32,5.937038568690066e+32,5.937038568690066e+32,0
2014-12-30,5.937038568690067e+32,5.937038568690066e+32,5.937038568690066e+32,5.937038568690066e+32,0
2014-12-31,5.937038568690067e+32,5.937038568690066e+32,5.937038568690066e+32,5.937038568690066e+32,0
2015-01-02,5.937038568690067e+32,5.937038568690066e+32,5.937038568690066e+32,5.937038568690066e+32,0
2015-01-05,5.937038568690067e+32,5.937038568690066e+32,5.937038568690066e+32,5.937038568690066e+32,0
2015-01-06,6.746635493275952e+32,6.746635493275952e+32,6.746635493275952e+32,6.746635493275952e+32,0
2015-01-07,6.746635493275952e+32,6.746635493275952e+32,6.746635493275952e+32,6.746635493275952e+32,0
2015-01-08,6.746635493275952e+32,6.746635493275952e+32,6.746635493275952e+32,6.746635493275952e+32,0
2015-01-09,6.746635493275952e+32,6.746635493275952e+32,6.746635493275952e+32,6.746635493275952e+32,0
2015-01-12,6.746635493275952e+32,6.746635493275952e+32,6.746635493275952e+32,6.746635493275952e+32,0
2015-01-13,6.746635493275952e+32,6.746635493275952e+32,6.746635493275952e+32,6.746635493275952e+32,0
2015-01-14,6.746635493275952e+32,6.746635493275952e+32,6.746635493275952e+32,6.746635493275952e+32,0
2015-01-15,6.746635493275952e+32,6.746635493275952e+32,6.746635493275952e+32,6.746635493275952e+32,0
2015-01-16,6.746635493275952e+32,6.746635493275952e+32,6.746635493275952e+32,6.746635493275952e+32,0
2015-01-20,6.746635493275952e+32,6.746635493275952e+32,6.746635493275952e+32,6.746635493275952e+32,0
2015-01-21,6.746635493275952e+32,6.746635493275952e+32,6.746635493275952e+32,6.746635493275952e+32,0
2015-01-22,6.746635493275952e+32,6.746635493275952e+32,6.746635493275952e+32,6.746635493275952e+32,0
2015-01-23,6.746635493275952e+32,6.746635493275952e+32,6.746635493275952e+32,6.746635493275952e+32,0
2015-01-26,6.746635493275952e+32,6.746635493275952e+32,6.746635493275952e+32,6.746635493275952e+32,0
2015-01-27,6.746635493275952e+32,6.746635493275952e+32,6.746635493275952e+32,6.746635493275952e+32,0
2015-01-28,6.746635493275952e+32,6.746635493275952e+32,6.746635493275952e+32,6.746635493275952e+32,0
2015-01-29,6.746635493275952e+32,6.746635493275952e+32,6.746635493275952e+32,6.746635493275952e+32,0
2015-01-30,6.746635493275952e+32,6.746635493275952e+32,6.746635493275952e+32,6.746635493275952e+32,0
2015-02-02,6.746635493275952e+32,6.746635493275952e+32,6.746635493275952e+32,6.746635493275952e+32,0
2015-02-03,6.746635493275952e+32,6.746635493275952e+32,6.746635493275952e+32,6.746635493275952e+32,0
2015-02-04,6.746635493275952e+32,6.746635493275952e+32,6.746635493275952e+32,6.746635493275952e+32,0
2015-02-05,6.746635493275952e+32,6.746635493275952e+32,6.746635493275952e+32,6.746635493275952e+32,0
2015-02-06,6.476768433274362e+32,6.476768433274362e+32,6.476768433274362e+32,6.476768433274362e+32,100
2015-02-09,6.476768433274362e+32,6.476768433274362e+32,6.476768433274362e+32,6.476768433274362e+32,0
2015-02-10,6.476768433274362e+32,6.476768433274362e+32,6.476768433274362e+32,6.476768433274362e+32,0
2015-02-11,6.476768433274362e+32,6.476768433274362e+32,6.476768433274362e+32,6.476768433274362e+32,0
2015-02-12,6.476768433274362e+32,6.476768433274362e+32,6.476768433274362e+32,6.476768433274362e+32,0
2015-02-13,6.476768433274362e+32,6.476768433274362e+32,6.476768433274362e+32,6.476768433274362e+32,0
2015-02-17,6.476768433274362e+32,6.476768433274362e+32,6.476768433274362e+32,6.476768433274362e+32,0
2015-02-18,6.476768433274362e+32,6.476768433274362e+32,6.476768433274362e+32,6.476768433274362e+32,0
2015-02-19,6.476768433274362e+32,6.476768433274362e+32,6.476768433274362e+32,6.476768433274362e+32,0
2015-02-20,6.476768433274362e+32,6.476768433274362e+32,6.476768433274362e+32,6.476768433274362e+32,150
2015-02-23,6.476768433274362e+32,6.476768433274362e+32,6.476768433274362e+32,6.476768433274362e+32,0
2015-02-24,6.476768433274362e+32,6.476768433274362e+32,6.476768433274362e+32,6.476768433274362e+32,0
2015-02-25,6.476768433274362e+32,6.476768433274362e+32,6.476768433274362e+32,6.476768433274362e+32,0
2015-02-26,6.476768433274362e+32,6.476768433274362e+32,6.476768433274362e+32,6.476768433274362e+32,0
2015-02-27,6.476768433274362e+32,6.476768433274362e+32,6.476768433274362e+32,6.476768433274362e+32,0
2015-03-02,6.476768433274362e+32,6.476768433274362e+32,6.476768433274362e+32,6.476768433274362e+32,0
2015-03-03,6.476768433274362e+32,6.476768433274362e+32,6.476768433274362e+32,6.476768433274362e+32,0
2015-03-04,6.476768433274362e+32,6.476768433274362e+32,6.476768433274362e+32,6.476768433274362e+32,0
2015-03-05,6.476768433274362e+32,6.476768433274362e+32,6.476768433274362e+32,6.476768433274362e+32,0
2015-03-06,6.476768433274362e+32,6.476768433274362e+32,6.476768433274362e+32,6.476768433274362e+32,0
2015-03-09,6.476768433274362e+32,6.476768433274362e+32,6.476768433274362e+32,6.476768433274362e+32,0
2015-03-10,6.476768433274362e+32,6.476768433274362e+32,6.476768433274362e+32,6.476768433274362e+32,0
2015-03-11,6.476768433274362e+32,6.476768433274362e+32,6.476768433274362e+32,6.476768433274362e+32,0
2015-03-12,6.476768433274362e+32,6.476768433274362e+32,6.476768433274362e+32,6.476768433274362e+32,0
2015-03-13,6.476768433274362e+32,6.476768433274362e+32,6.476768433274362e+32,6.476768433274362e+32,0
2015-03-16,6.476768433274362e+32,6.476768433274362e+32,6.476768433274362e+32,6.476768433274362e+32,0
2015-03-17,6.476768433274362e+32,6.476768433274362e+32,6.476768433274362e+32,6.476768433274362e+32,0
2015-03-18,6.476768433274362e+32,6.476768433274362e+32,6.476768433274362e+32,6.476768433274362e+32,0
2015-03-19,6.476768433274362e+32,6.476768433274362e+32,6.476768433274362e+32,6.476768433274362e+32,0
2015-03-20,6.476768433274362e+32,6.476768433274362e+32,6.476768433274362e+32,6.476768433274362e+32,0
2015-03-23,6.476768433274362e+32,6.476768433274362e+32,6.476768433274362e+32,6.476768433274362e+32,0
2015-03-24,6.476768433274362e+32,6.476768433274362e+32,6.476768433274362e+32,6.476768433274362e+32,0
2015-03-25,6.476768433274362e+32,6.476768433274362e+32,6.476768433274362e+32,6.476768433274362e+32,0
2015-03-26,6.476768433274362e+32,6.476768433274362e+32,6.476768433274362e+32,6.476768433274362e+32,0
2015-03-27,6.476768433274362e+32,6.476768433274362e+32,6.476768433274362e+32,6.476768433274362e+32,0
2015-03-30,6.476768433274362e+32,6.476768433274362e+32,6.476768433274362e+32,6.476768433274362e+32,0
2015-03-31,6.476768433274362e+32,6.476768433274362e+32,6.476768433274362e+32,6.476768433274362e+32,0
2015-04-01,6.476768433274362e+32,6.476768433274362e+32,6.476768433274362e+32,6.476768433274362e+32,0
2015-04-02,6.476768433274362e+32,6.476768433274362e+32,6.476768433274362e+32,6.476768433274362e+32,0
2015-04-06,6.881563994145337e+32,6.881563994145337e+32,6.881563994145337e+32,6.881563994145337e+32,250
2015-04-07,6.881563994145337e+32,6.881563994145337e+32,6.881563994145337e+32,6.881563994145337e+32,0
2015-04-08,6.881563994145337e+32,6.881563994145337e+32,6.881563994145337e+32,6.881563994145337e+32,0
2015-04-09,6.881563994145337e+32,6.881563994145337e+32,6.881563994145337e+32,6.881563994145337e+32,350
2015-04-10,6.881563994145337e+32,6.881563994145337e+32,6.881563994145337e+32,6.881563994145337e+32,0
2015-04-13,6.881563994145337e+32,6.881563994145337e+32,6.881563994145337e+32,6.881563994145337e+32,0
2015-04-14,6.881563994145337e+32,6.881563994145337e+32,6.881563994145337e+32,6.881563994145337e+32,0
2015-04-15,6.881563994145337e+32,6.881563994145337e+32,6.881563994145337e+32,6.881563994145337e+32,0
2015-04-16,6.881563994145337e+32,6.881563994145337e+32,6.881563994145337e+32,6.881563994145337e+32,0
2015-04-17,6.881563994145337e+32,6.881563994145337e+32,6.881563994145337e+32,6.881563994145337e+32,0
2015-04-20,6.881563994145337e+32,6.881563994145337e+32,6.881563994145337e+32,6.881563994145337e+32,0
2015-04-21,6.881563994145337e+32,6.881563994145337e+32,6.881563994145337e+32,6.881563994145337e+32,0
2015-04-22,6.881563994145337e+32,6.881563994145337e+32,6.881563994145337e+32,6.881563994145337e+32,2950
2015-04-23,6.881563994145337e+32,6.881563994145337e+32,6.881563994145337e+32,6.881563994145337e+32,0
2015-04-24,6.881563994145337e+32,6.881563994145337e+32,6.881563994145337e+32,6.881563994145337e+32,0
2015-04-27,6.945519071424918e+32,6.945519071424918e+32,6.945519071424918e+32,6.945519071424918e+32,10000
2015-04-28,6.945519071424918e+32,6.945519071424918e+32,6.945519071424918e+32,6.945519071424918e+32,0
2015-04-29,6.945519071424918e+32,6.945519071424918e+32,6.945519071424918e+32,6.945519071424918e+32,0
2015-04-30,6.945519071424918e+32,6.945519071424918e+32,6.945519071424918e+32,6.945519071424918e+32,0
2015-05-01,6.945519071424918e+32,6.945519071424918e+32,6.945519071424918e+32,6.945519071424918e+32,0
2015-05-04,6.945519071424918e+32,6.945519071424918e+32,6.945519071424918e+32,6.945519071424918e+32,0
2015-05-05,6.945519071424918e+32,6.945519071424918e+32,6.945519071424918e+32,6.945519071424918e+32,0
2015-05-06,6.945519071424918e+32,6.945519071424918e+32,6.945519071424918e+32,6.945519071424918e+32,0
2015-05-07,6.945519071424918e+32,6.945519071424918e+32,6.945519071424918e+32,6.945519071424918e+32,0
2015-05-08,6.945519071424918e+32,6.945519071424918e+32,6.945519071424918e+32,6.945519071424918e+32,0
2015-05-11,6.945519071424918e+32,6.945519071424918e+32,6.945519071424918e+32,6.945519071424918e+32,0
2015-05-12,6.945519071424918e+32,6.945519071424918e+32,6.945519071424918e+32,6.945519071424918e+32,0
2015-05-13,6.945519071424918e+32,6.945519071424918e+32,6.945519071424918e+32,6.945519071424918e+32,0
2015-05-14,6.945519071424918e+32,6.945519071424918e+32,6.945519071424918e+32,6.945519071424918e+32,0
2015-05-15,6.945519071424918e+32,6.945519071424918e+32,6.945519071424918e+32,6.945519071424918e+32,0
2015-05-18,6.945519071424918e+32,6.945519071424918e+32,6.945519071424918e+32,6.945519071424918e+32,0
2015-05-19,6.945519071424918e+32,6.945519071424918e+32,6.945519071424918e+32,6.945519071424918e+32,0
2015-05-20,6.945519071424918e+32,6.945519071424918e+32,6.945519071424918e+32,6.945519071424918e+32,0
2015-05-21,6.688010521578019e+32,6.688010521578019e+32,6.688010521578019e+32,6.688010521578019e+32,86900
2015-05-22,6.688010521578019e+32,6.688010521578019e+32,6.688010521578019e+32,6.688010521578019e+32,0
2015-05-26,6.688010521578019e+32,6.688010521578019e+32,6.688010521578019e+32,6.688010521578019e+32,0
2015-05-27,6.206902146985296e+32,6.2069021469852956e+32,6.2069021469852956e+32,6.2069021469852956e+32,4100
2015-05-28,6.206902146985296e+32,6.2069021469852956e+32,6.2069021469852956e+32,6.2069021469852956e+32,0
2015-05-29,6.206902146985296e+32,6.2069021469852956e+32,6.2069021469852956e+32,6.2069021469852956e+32,0
2015-06-01,6.206902146985296e+32,6.2069021469852956e+32,6.2069021469852956e+32,6.2069021469852956e+32,0
2015-06-02,6.206902146985296e+32,6.2069021469852956e+32,6.2069021469852956e+32,6.2069021469852956e+32,0
2015-06-03,6.206902146985296e+32,6.2069021469852956e+32,6.2069021469852956e+32,6.2069021469852956e+32,0
2015-06-04,6.206902146985296e+32,6.2069021469852956e+32,6.2069021469852956e+32,6.2069021469852956e+32,0
2015-06-05,6.206902146985296e+32,6.2069021469852956e+32,6.2069021469852956e+32,6.2069021469852956e+32,0
2015-06-08,6.206902146985296e+32,6.2069021469852956e+32,6.2069021469852956e+32,6.2069021469852956e+32,0
2015-06-09,6.206902146985296e+32,6.2069021469852956e+32,6.2069021469852956e+32,6.2069021469852956e+32,0
2015-06-10,6.206902146985296e+32,6.2069021469852956e+32,6.2069021469852956e+32,6.2069021469852956e+32,0
2015-06-11,6.206902146985296e+32,6.2069021469852956e+32,6.2069021469852956e+32,6.2069021469852956e+32,0
2015-06-12,6.476768433274362e+32,6.476768433274362e+32,6.476768433274362e+32,6.476768433274362e+32,2850
2015-06-15,6.476768433274362e+32,6.476768433274362e+32,6.476768433274362e+32,6.476768433274362e+32,0
2015-06-16,6.476768433274362e+32,6.476768433274362e+32,6.476768433274362e+32,6.476768433274362e+32,0
2015-06-17,6.476768433274362e+32,6.476768433274362e+32,6.476768433274362e+32,6.476768433274362e+32,0
2015-06-18,6.476768433274362e+32,6.476768433274362e+32,6.476768433274362e+32,6.476768433274362e+32,0
2015-06-19,6.476768433274362e+32,6.476768433274362e+32,6.476768433274362e+32,6.476768433274362e+32,0
2015-06-22,6.476768433274362e+32,6.476768433274362e+32,6.476768433274362e+32,6.476768433274362e+32,0
2015-06-23,6.341835676986091e+32,6.341835676986091e+32,6.341835676986091e+32,6.341835676986091e+32,900
2015-06-24,6.1907098912714435e+32,6.190709891271443e+32,6.190709891271443e+32,6.190709891271443e+32,50
2015-06-25,6.1907098912714435e+32,6.190709891271443e+32,6.190709891271443e+32,6.190709891271443e+32,0
2015-06-26,6.1907098912714435e+32,6.190709891271443e+32,6.190709891271443e+32,6.190709891271443e+32,0
2015-06-29,4.6746200446666244e+33,4.674620044666625e+33,4.674620044666625e+33,4.674620044666625e+33,5500
2015-06-30,4.6746200446666244e+33,4.674620044666625e+33,4.674620044666625e+33,4.674620044666625e+33,0
2015-07-01,4.6746200446666244e+33,4.674620044666625e+33,4.674620044666625e+33,4.674620044666625e+33,0
2015-07-02,4.6746200446666244e+33,4.674620044666625e+33,4.674620044666625e+33,4.674620044666625e+33,0
2015-07-06,4.6746200446666244e+33,4.674620044666625e+33,4.674620044666625e+33,4.674620044666625e+33,0
2015-07-07,4.6746200446666244e+33,4.674620044666625e+33,4.674620044666625e+33,4.674620044666625e+33,0
2015-07-08,4.6746200446666244e+33,4.674620044666625e+33,4.674620044666625e+33,4.674620044666625e+33,0
2015-07-09,4.6746200446666244e+33,4.674620044666625e+33,4.674620044666625e+33,4.674620044666625e+33,0
2015-07-10,4.6746200446666244e+33,4.674620044666625e+33,4.674620044666625e+33,4.674620044666625e+33,0
2015-07-13,4.6746200446666244e+33,4.674620044666625e+33,4.674620044666625e+33,4.674620044666625e+33,0
2015-07-14,4.6746200446666244e+33,4.674620044666625e+33,4.674620044666625e+33,4.674620044666625e+33,0
2015-07-15,4.6746200446666244e+33,4.674620044666625e+33,4.674620044666625e+33,4.674620044666625e+33,0
2015-07-16,4.6746200446666244e+33,4.674620044666625e+33,4.674620044666625e+33,4.674620044666625e+33,0
2015-07-17,4.6746200446666244e+33,4.674620044666625e+33,4.674620044666625e+33,4.674620044666625e+33,0
2015-07-20,4.6746200446666244e+33,4.674620044666625e+33,4.674620044666625e+33,4.674620044666625e+33,0
2015-07-21,4.6746200446666244e+33,4.674620044666625e+33,4.674620044666625e+33,4.674620044666625e+33,0
2015-07-22,4.6746200446666244e+33,4.674620044666625e+33,4.674620044666625e+33,4.674620044666625e+33,0
2015-07-23,4.6746200446666244e+33,4.674620044666625e+33,4.674620044666625e+33,4.674620044666625e+33,0
2015-07-24,4.6746200446666244e+33,4.674620044666625e+33,4.674620044666625e+33,4.674620044666625e+33,0
2015-07-27,4.6746200446666244e+33,4.674620044666625e+33,4.674620044666625e+33,4.674620044666625e+33,0
2015-07-28,4.409302878536923e+33,4.409302878536922e+33,4.409302878536922e+33,4.409302878536922e+33,500
2015-07-29,4.409302878536923e+33,4.409302878536922e+33,4.409302878536922e+33,4.409302878536922e+33,0
2015-07-30,4.409302878536923e+33,4.409302878536922e+33,4.409302878536922e+33,4.409302878536922e+33,0
2015-07-31,4.2113686456555834e+33,4.2113686456555834e+33,4.2113686456555834e+33,4.2113686456555834e+33,1350
2015-08-03,4.2113686456555834e+33,4.2113686456555834e+33,4.2113686456555834e+33,4.2113686456555834e+33,0
2015-08-04,4.2113686456555834e+33,4.2113686456555834e+33,4.2113686456555834e+33,4.2113686456555834e+33,0
2015-08-05,4.2113686456555834e+33,4.2113686456555834e+33,4.2113686456555834e+33,4.2113686456555834e+33,0
2015-08-06,4.2113686456555834e+33,4.2113686456555834e+33,4.2113686456555834e+33,4.2113686456555834e+33,0
2015-08-07,4.2113686456555834e+33,4.2113686456555834e+33,4.2113686456555834e+33,4.2113686456555834e+33,0
2015-08-10,4.2113686456555834e+33,4.2113686456555834e+33,4.2113686456555834e+33,4.2113686456555834e+33,1250
2015-08-11,4.2113686456555834e+33,4.2113686456555834e+33,4.2113686456555834e+33,4.2113686456555834e+33,0
2015-08-12,4.2113686456555834e+33,4.2113686456555834e+33,4.2113686456555834e+33,4.2113686456555834e+33,0
2015-08-13,4.2113686456555834e+33,4.2113686456555834e+33,4.2113686456555834e+33,4.2113686456555834e+33,0
2015-08-14,4.2113686456555834e+33,4.2113686456555834e+33,4.2113686456555834e+33,4.2113686456555834e+33,0
2015-08-17,4.2113686456555834e+33,4.2113686456555834e+33,4.2113686456555834e+33,4.2113686456555834e+33,0
2015-08-18,4.2113686456555834e+33,4.2113686456555834e+33,4.2113686456555834e+33,4.2113686456555834e+33,0
2015-08-19,4.2113686456555834e+33,4.2113686456555834e+33,4.2113686456555834e+33,4.2113686456555834e+33,0
2015-08-20,4.2113686456555834e+33,4.2113686456555834e+33,4.2113686456555834e+33,4.2113686456555834e+33,0
2015-08-21,4.2113686456555834e+33,4.2113686456555834e+33,4.2113686456555834e+33,4.2113686456555834e+33,0
2015-08-24,4.2113686456555834e+33,4.2113686456555834e+33,4.2113686456555834e+33,4.2113686456555834e+33,0
2015-08-25,4.2113686456555834e+33,4.2113686456555834e+33,4.2113686456555834e+33,4.2113686456555834e+33,0
2015-08-26,4.2113686456555834e+33,4.2113686456555834e+33,4.2113686456555834e+33,4.2113686456555834e+33,0
2015-08-27,3.579663317858745e+33,3.579663317858745e+33,3.579663317858745e+33,3.579663317858745e+33,2050
2015-08-28,3.6849467138648584e+33,3.6849467138648584e+33,3.6849467138648584e+33,3.6849467138648584e+33,12250
2015-08-31,3.6849467138648584e+33,3.6849467138648584e+33,3.6849467138648584e+33,3.6849467138648584e+33,0
2015-09-01,3.6849467138648584e+33,3.6849467138648584e+33,3.6849467138648584e+33,3.6849467138648584e+33,0
2015-09-02,3.9271434928508467e+33,3.9271434928508467e+33,3.9271434928508467e+33,3.9271434928508467e+33,10700
2015-09-03,3.9271434928508467e+33,3.9271434928508467e+33,3.9271434928508467e+33,3.9271434928508467e+33,0
2015-09-04,3.9271434928508467e+33,3.9271434928508467e+33,3.9271434928508467e+33,3.9271434928508467e+33,0
2015-09-08,3.9271434928508467e+33,3.9271434928508467e+33,3.9271434928508467e+33,3.9271434928508467e+33,0
2015-09-09,3.9271434928508467e+33,3.9271434928508467e+33,3.9271434928508467e+33,3.9271434928508467e+33,0
2015-09-10,3.9271434928508467e+33,3.9271434928508467e+33,3.9271434928508467e+33,3.9271434928508467e+33,0
2015-09-11,3.9271434928508467e+33,3.9271434928508467e+33,3.9271434928508467e+33,3.9271434928508467e+33,0
2015-09-14,3.9271434928508467e+33,3.9271434928508467e+33,3.9271434928508467e+33,3.9271434928508467e+33,0
2015-09-15,3.9271434928508467e+33,3.9271434928508467e+33,3.9271434928508467e+33,3.9271434928508467e+33,0
2015-09-16,3.9271434928508467e+33,3.9271434928508467e+33,3.9271434928508467e+33,3.9271434928508467e+33,0
2015-09-17,3.9271434928508467e+33,3.9271434928508467e+33,3.9271434928508467e+33,3.9271434928508467e+33,0
2015-09-18,3.9271434928508467e+33,3.9271434928508467e+33,3.9271434928508467e+33,3.9271434928508467e+33,0
2015-09-21,3.9271434928508467e+33,3.9271434928508467e+33,3.9271434928508467e+33,3.9271434928508467e+33,0
2015-09-22,3.9271434928508467e+33,3.9271434928508467e+33,3.9271434928508467e+33,3.9271434928508467e+33,0
2015-09-23,3.790232276266041e+33,3.790232276266041e+33,3.790232276266041e+33,3.790232276266041e+33,250
2015-09-24,3.790232276266041e+33,3.790232276266041e+33,3.790232276266041e+33,3.790232276266041e+33,0
2015-09-25,3.790232276266041e+33,3.790232276266041e+33,3.790232276266041e+33,3.790232276266041e+33,0
2015-09-28,3.790232276266041e+33,3.790232276266041e+33,3.790232276266041e+33,3.790232276266041e+33,0
2015-09-29,3.6849467138648584e+33,3.6849467138648584e+33,3.6849467138648584e+33,3.6849467138648584e+33,100
2015-09-30,3.6849467138648584e+33,3.6849467138648584e+33,3.6849467138648584e+33,3.6849467138648584e+33,0
2015-10-01,3.6849467138648584e+33,3.6849467138648584e+33,3.6849467138648584e+33,3.6849467138648584e+33,0
2015-10-02,3.6849467138648584e+33,3.6849467138648584e+33,3.6849467138648584e+33,3.6849467138648584e+33,0
2015-10-05,3.6849467138648584e+33,3.6849467138648584e+33,3.6849467138648584e+33,3.6849467138648584e+33,0
2015-10-06,3.6849467138648584e+33,3.6849467138648584e+33,3.6849467138648584e+33,3.6849467138648584e+33,0
2015-10-07,3.6849467138648584e+33,3.6849467138648584e+33,3.6849467138648584e+33,3.6849467138648584e+33,0
2015-10-08,4.2113686456555834e+33,4.2113686456555834e+33,4.2113686456555834e+33,4.2113686456555834e+33,49400
2015-10-09,4.2113686456555834e+33,4.2113686456555834e+33,4.2113686456555834e+33,4.2113686456555834e+33,0
2015-10-12,4.2113686456555834e+33,4.2113686456555834e+33,4.2113686456555834e+33,4.2113686456555834e+33,0
2015-10-13,4.2113686456555834e+33,4.2113686456555834e+33,4.2113686456555834e+33,4.2113686456555834e+33,0
2015-10-14,4.2113686456555834e+33,4.2113686456555834e+33,4.2113686456555834e+33,4.2113686456555834e+33,0
2015-10-15,4.421937604062879e+33,4.421937604062879e+33,4.421937604062879e+33,4.421937604062879e+33,500
2015-10-16,4.421937604062879e+33,4.421937604062879e+33,4.421937604062879e+33,4.421937604062879e+33,0
2015-10-19,4.421937604062879e+33,4.421937604062879e+33,4.421937604062879e+33,4.421937604062879e+33,0
2015-10-20,4.421937604062879e+33,4.421937604062879e+33,4.421937604062879e+33,4.421937604062879e+33,0
2015-10-21,4.421937604062879e+33,4.421937604062879e+33,4.421937604062879e+33,4.421937604062879e+33,0
2015-10-22,4.421937604062879e+33,4.421937604062879e+33,4.421937604062879e+33,4.421937604062879e+33,0
2015-10-23,4.421937604062879e+33,4.421937604062879e+33,4.421937604062879e+33,4.421937604062879e+33,0
2015-10-26,4.421937604062879e+33,4.421937604062879e+33,4.421937604062879e+33,4.421937604062879e+33,0
2015-10-27,4.421937604062879e+33,4.421937604062879e+33,4.421937604062879e+33,4.421937604062879e+33,0
2015-10-28,4.421937604062879e+33,4.421937604062879e+33,4.421937604062879e+33,4.421937604062879e+33,0
2015-10-29,4.421937604062879e+33,4.421937604062879e+33,4.421937604062879e+33,4.421937604062879e+33,0
2015-10-30,4.421937604062879e+33,4.421937604062879e+33,4.421937604062879e+33,4.421937604062879e+33,0
2015-11-02,4.421937604062879e+33,4.421937604062879e+33,4.421937604062879e+33,4.421937604062879e+33,0
2015-11-03,4.421937604062879e+33,4.421937604062879e+33,4.421937604062879e+33,4.421937604062879e+33,0
2015-11-04,4.421937604062879e+33,4.421937604062879e+33,4.421937604062879e+33,4.421937604062879e+33,0
2015-11-05,4.6325056340151456e+33,4.632505634015146e+33,4.632505634015146e+33,4.632505634015146e+33,3350
2015-11-06,4.6325056340151456e+33,4.632505634015146e+33,4.632505634015146e+33,4.632505634015146e+33,0
2015-11-09,4.6325056340151456e+33,4.632505634015146e+33,4.632505634015146e+33,4.632505634015146e+33,0
2015-11-10,4.6325056340151456e+33,4.632505634015146e+33,4.632505634015146e+33,4.632505634015146e+33,0
2015-11-11,4.6325056340151456e+33,4.632505634015146e+33,4.632505634015146e+33,4.632505634015146e+33,0
2015-11-12,4.6325056340151456e+33,4.632505634015146e+33,4.632505634015146e+33,4.632505634015146e+33,0
2015-11-13,4.6325056340151456e+33,4.632505634015146e+33,4.632505634015146e+33,4.632505634015146e+33,0
2015-11-16,4.6325056340151456e+33,4.632505634015146e+33,4.632505634015146e+33,4.632505634015146e+33,0
2015-11-17,4.6325056340151456e+33,4.632505634015146e+33,4.632505634015146e+33,4.632505634015146e+33,0
2015-11-18,4.6325056340151456e+33,4.632505634015146e+33,4.632505634015146e+33,4.632505634015146e+33,0
2015-11-19,4.6325056340151456e+33,4.632505634015146e+33,4.632505634015146e+33,4.632505634015146e+33,0
2015-11-20,4.6325056340151456e+33,4.632505634015146e+33,4.632505634015146e+33,4.632505634015146e+33,0
2015-11-23,4.6325056340151456e+33,4.632505634015146e+33,4.632505634015146e+33,4.632505634015146e+33,0
2015-11-24,4.6325056340151456e+33,4.632505634015146e+33,4.632505634015146e+33,4.632505634015146e+33,0
2015-11-25,4.6325056340151456e+33,4.632505634015146e+33,4.632505634015146e+33,4.632505634015146e+33,0
2015-11-27,4.6325056340151456e+33,4.632505634015146e+33,4.632505634015146e+33,4.632505634015146e+33,0
2015-11-30,4.6325056340151456e+33,4.632505634015146e+33,4.632505634015146e+33,4.632505634015146e+33,0
2015-12-01,4.6325056340151456e+33,4.632505634015146e+33,4.632505634015146e+33,4.632505634015146e+33,0
2015-12-02,4.6325056340151456e+33,4.632505634015146e+33,4.632505634015146e+33,4.632505634015146e+33,0
2015-12-03,4.6325056340151456e+33,4.632505634015146e+33,4.632505634015146e+33,4.632505634015146e+33,0
2015-12-04,4.6325056340151456e+33,4.632505634015146e+33,4.632505634015146e+33,4.632505634015146e+33,0
2015-12-07,4.6325056340151456e+33,4.632505634015146e+33,4.632505634015146e+33,4.632505634015146e+33,0
2015-12-08,4.6325056340151456e+33,4.632505634015146e+33,4.632505634015146e+33,4.632505634015146e+33,0
2015-12-09,4.6325056340151456e+33,4.632505634015146e+33,4.632505634015146e+33,4.632505634015146e+33,0
2015-12-10,4.6325056340151456e+33,4.632505634015146e+33,4.632505634015146e+33,4.632505634015146e+33,0
2015-12-11,4.6325056340151456e+33,4.632505634015146e+33,4.632505634015146e+33,4.632505634015146e+33,0
2015-12-14,4.6325056340151456e+33,4.632505634015146e+33,4.632505634015146e+33,4.632505634015146e+33,0
2015-12-15,4.6325056340151456e+33,4.632505634015146e+33,4.632505634015146e+33,4.632505634015146e+33,0
2015-12-16,4.6325056340151456e+33,4.632505634015146e+33,4.632505634015146e+33,4.632505634015146e+33,0
2015-12-17,4.6325056340151456e+33,4.632505634015146e+33,4.632505634015146e+33,4.632505634015146e+33,0
2015-12-18,4.316652351146707e+33,4.316652351146707e+33,4.316652351146707e+33,4.316652351146707e+33,100
2015-12-21,4.316652351146707e+33,4.316652351146707e+33,4.316652351146707e+33,4.316652351146707e+33,0
2015-12-22,4.316652351146707e+33,4.316652351146707e+33,4.316652351146707e+33,4.316652351146707e+33,0
2015-12-23,4.316652351146707e+33,4.316652351146707e+33,4.316652351146707e+33,4.316652351146707e+33,0
2015-12-24,4.316652351146707e+33,4.316652351146707e+33,4.316652351146707e+33,4.316652351146707e+33,0
2015-12-28,4.316652351146707e+33,4.316652351146707e+33,4.316652351146707e+33,4.316652351146707e+33,600
2015-12-29,-2.331788887129352e+32,-2.331788887129352e+32,-2.331788887129352e+32,-2.331788887129352e+32,0
2015-12-30,-2.331788887129352e+32,-2.331788887129352e+32,-2.331788887129352e+32,-2.331788887129352e+32,0
2015-12-31,-2.331788887129352e+32,-2.331788887129352e+32,-2.331788887129352e+32,-2.331788887129352e+32,0
2016-01-04,-2.331788887129352e+32,-2.331788887129352e+32,-2.331788887129352e+32,-2.331788887129352e+32,0
2016-01-05,-2.331788887129352e+32,-2.331788887129352e+32,-2.331788887129352e+32,-2.331788887129352e+32,0
2016-01-06,-2.331788887129352e+32,-2.331788887129352e+32,-2.331788887129352e+32,-2.331788887129352e+32,0
2016-01-07,-2.331788887129352e+32,-2.331788887129352e+32,-2.331788887129352e+32,-2.331788887129352e+32,0
2016-01-08,-2.331788887129352e+32,-2.331788887129352e+32,-2.331788887129352e+32,-2.331788887129352e+32,0
2016-01-11,-2.331788887129352e+32,-2.331788887129352e+32,-2.331788887129352e+32,-2.331788887129352e+32,0
2016-01-12,-2.331788887129352e+32,-2.331788887129352e+32,-2.331788887129352e+32,-2.331788887129352e+32,0
2016-01-13,-2.331788887129352e+32,-2.331788887129352e+32,-2.331788887129352e+32,-2.331788887129352e+32,0
2016-01-14,-2.331788887129352e+32,-2.331788887129352e+32,-2.331788887129352e+32,-2.331788887129352e+32,0
2016-01-15,-2.331788887129352e+32,-2.331788887129352e+32,-2.331788887129352e+32,-2.331788887129352e+32,0
2016-01-19,-2.331788887129352e+32,-2.331788887129352e+32,-2.331788887129352e+32,-2.331788887129352e+32,0
2016-01-20,-2.331788887129352e+32,-2.331788887129352e+32,-2.331788887129352e+32,-2.331788887129352e+32,0
2016-01-21,-2.331788887129352e+32,-2.331788887129352e+32,-2.331788887129352e+32,-2.331788887129352e+32,0
2016-01-22,-2.331788887129352e+32,-2.331788887129352e+32,-2.331788887129352e+32,-2.331788887129352e+32,0
2016-01-25,-2.331788887129352e+32,-2.331788887129352e+32,-2.331788887129352e+32,-2.331788887129352e+32,0
2016-01-26,-2.331788887129352e+32,-2.331788887129352e+32,-2.331788887129352e+32,-2.331788887129352e+32,0
2016-01-27,-2.331788887129352e+32,-2.331788887129352e+32,-2.331788887129352e+32,-2.331788887129352e+32,0
2016-01-28,-2.331788887129352e+32,-2.331788887129352e+32,-2.331788887129352e+32,-2.331788887129352e+32,0
2016-01-29,-2.331788887129352e+32,-2.331788887129352e+32,-2.331788887129352e+32,-2.331788887129352e+32,0
2016-02-01,-2.331788887129352e+32,-2.331788887129352e+32,-2.331788887129352e+32,-2.331788887129352e+32,0
2016-02-02,-2.331788887129352e+32,-2.331788887129352e+32,-2.331788887129352e+32,-2.331788887129352e+32,0
2016-02-03,-2.331788887129352e+32,-2.331788887129352e+32,-2.331788887129352e+32,-2.331788887129352e+32,0
2016-02-04,-2.331788887129352e+32,-2.331788887129352e+32,-2.331788887129352e+32,-2.331788887129352e+32,0
2016-02-05,-2.331788887129352e+32,-2.331788887129352e+32,-2.331788887129352e+32,-2.331788887129352e+32,0
2016-02-08,-2.331788887129352e+32,-2.331788887129352e+32,-2.331788887129352e+32,-2.331788887129352e+32,0
2016-02-09,-2.331788887129352e+32,-2.331788887129352e+32,-2.331788887129352e+32,-2.331788887129352e+32,0
2016-02-10,-2.331788887129352e+32,-2.331788887129352e+32,-2.331788887129352e+32,-2.331788887129352e+32,0
2016-02-11,-2.331788887129352e+32,-2.331788887129352e+32,-2.331788887129352e+32,-2.331788887129352e+32,0
2016-02-12,-2.331788887129352e+32,-2.331788887129352e+32,-2.331788887129352e+32,-2.331788887129352e+32,0
2016-02-16,-2.331788887129352e+32,-2.331788887129352e+32,-2.331788887129352e+32,-2.331788887129352e+32,0
2016-02-17,-2.331788887129352e+32,-2.331788887129352e+32,-2.331788887129352e+32,-2.331788887129352e+32,0
2016-02-18,-2.274915794015139e+32,-2.274915794015139e+32,-2.274915794015139e+32,-2.274915794015139e+32,1250
2016-02-19,-2.274915794015139e+32,-2.274915794015139e+32,-2.274915794015139e+32,-2.274915794015139e+32,0
2016-02-22,-2.274915794015139e+32,-2.274915794015139e+32,-2.274915794015139e+32,-2.274915794015139e+32,0
2016-02-23,-2.274915794015139e+32,-2.274915794015139e+32,-2.274915794015139e+32,-2.274915794015139e+32,0
2016-02-24,-2.274915794015139e+32,-2.274915794015139e+32,-2.274915794015139e+32,-2.274915794015139e+32,0
2016-02-25,-2.274915794015139e+32,-2.274915794015139e+32,-2.274915794015139e+32,-2.274915794015139e+32,0
2016-02-26,-2.274915794015139e+32,-2.274915794015139e+32,-2.274915794015139e+32,-2.274915794015139e+32,0
2016-02-29,-2.274915794015139e+32,-2.274915794015139e+32,-2.274915794015139e+32,-2.274915794015139e+32,0
2016-03-01,-2.274915794015139e+32,-2.274915794015139e+32,-2.274915794015139e+32,-2.274915794015139e+32,0
2016-03-02,-2.274915794015139e+32,-2.274915794015139e+32,-2.274915794015139e+32,-2.274915794015139e+32,0
2016-03-03,-2.274915794015139e+32,-2.274915794015139e+32,-2.274915794015139e+32,-2.274915794015139e+32,0
2016-03-04,-2.274915794015139e+32,-2.274915794015139e+32,-2.274915794015139e+32,-2.274915794015139e+32,0
2016-03-07,-2.274915794015139e+32,-2.274915794015139e+32,-2.274915794015139e+32,-2.274915794015139e+32,0
2016-03-08,-2.274915794015139e+32,-2.274915794015139e+32,-2.274915794015139e+32,-2.274915794015139e+32,0
2016-03-09,-2.274915794015139e+32,-2.274915794015139e+32,-2.274915794015139e+32,-2.274915794015139e+32,0
2016-03-10,-2.274915794015139e+32,-2.274915794015139e+32,-2.274915794015139e+32,-2.274915794015139e+32,0
2016-03-11,-2.274915794015139e+32,-2.274915794015139e+32,-2.274915794015139e+32,-2.274915794015139e+32,0
2016-03-14,-2.274915794015139e+32,-2.274915794015139e+32,-2.274915794015139e+32,-2.274915794015139e+32,0
2016-03-15,-2.274915794015139e+32,-2.274915794015139e+32,-2.274915794015139e+32,-2.274915794015139e+32,0
2016-03-16,-2.274915794015139e+32,-2.274915794015139e+32,-2.274915794015139e+32,-2.274915794015139e+32,0
2016-03-17,-2.274915794015139e+32,-2.274915794015139e+32,-2.274915794015139e+32,-2.274915794015139e+32,0
2016-03-18,-2.274915794015139e+32,-2.274915794015139e+32,-2.274915794015139e+32,-2.274915794015139e+32,0
2016-03-21,-2.274915794015139e+32,-2.274915794015139e+32,-2.274915794015139e+32,-2.274915794015139e+32,0
2016-03-22,-2.274915794015139e+32,-2.274915794015139e+32,-2.274915794015139e+32,-2.274915794015139e+32,0
2016-03-23,-2.274915794015139e+32,-2.274915794015139e+32,-2.274915794015139e+32,-2.274915794015139e+32,0
2016-03-24,-2.274915794015139e+32,-2.274915794015139e+32,-2.274915794015139e+32,-2.274915794015139e+32,0
2016-03-28,-2.274915794015139e+32,-2.274915794015139e+32,-2.274915794015139e+32,-2.274915794015139e+32,0
2016-03-29,-2.274915794015139e+32,-2.274915794015139e+32,-2.274915794015139e+32,-2.274915794015139e+32,0
2016-03-30,-2.274915794015139e+32,-2.274915794015139e+32,-2.274915794015139e+32,-2.274915794015139e+32,0
2016-03-31,-2.274915794015139e+32,-2.274915794015139e+32,-2.274915794015139e+32,-2.274915794015139e+32,0
2016-04-01,-2.274915794015139e+32,-2.274915794015139e+32,-2.274915794015139e+32,-2.274915794015139e+32,0
2016-04-04,-2.274915794015139e+32,-2.274915794015139e+32,-2.274915794015139e+32,-2.274915794015139e+32,0
2016-04-05,-2.274915794015139e+32,-2.274915794015139e+32,-2.274915794015139e+32,-2.274915794015139e+32,0
2016-04-06,-2.274915794015139e+32,-2.274915794015139e+32,-2.274915794015139e+32,-2.274915794015139e+32,0
2016-04-07,-2.274915794015139e+32,-2.274915794015139e+32,-2.274915794015139e+32,-2.274915794015139e+32,0
2016-04-08,-2.274915794015139e+32,-2.274915794015139e+32,-2.274915794015139e+32,-2.274915794015139e+32,0
2016-04-11,-2.274915794015139e+32,-2.274915794015139e+32,-2.274915794015139e+32,-2.274915794015139e+32,0
2016-04-12,-2.3886619802435648e+32,-2.3886619802435648e+32,-2.3886619802435648e+32,-2.3886619802435648e+32,750
2016-04-13,-2.3886619802435648e+32,-2.3886619802435648e+32,-2.3886619802435648e+32,-2.3886619802435648e+32,0
2016-04-14,-2.3886619802435648e+32,-2.3886619802435648e+32,-2.3886619802435648e+32,-2.3886619802435648e+32,0
2016-04-15,-2.3886619802435648e+32,-2.3886619802435648e+32,-2.3886619802435648e+32,-2.3886619802435648e+32,0
2016-04-18,-2.3886619802435648e+32,-2.3886619802435648e+32,-2.3886619802435648e+32,-2.3886619802435648e+32,0
2016-04-19,-2.3886619802435648e+32,-2.3886619802435648e+32,-2.3886619802435648e+32,-2.3886619802435648e+32,0
2016-04-20,-2.3886619802435648e+32,-2.3886619802435648e+32,-2.3886619802435648e+32,-2.3886619802435648e+32,0
2016-04-21,-2.3886619802435648e+32,-2.3886619802435648e+32,-2.3886619802435648e+32,-2.3886619802435648e+32,0
2016-04-22,-2.3886619802435648e+32,-2.3886619802435648e+32,-2.3886619802435648e+32,-2.3886619802435648e+32,0
2016-04-25,-2.3886619802435648e+32,-2.3886619802435648e+32,-2.3886619802435648e+32,-2.3886619802435648e+32,0
2016-04-26,-2.3886619802435648e+32,-2.3886619802435648e+32,-2.3886619802435648e+32,-2.3886619802435648e+32,0
2016-04-27,-2.3886619802435648e+32,-2.3886619802435648e+32,-2.3886619802435648e+32,-2.3886619802435648e+32,0
2016-04-28,-2.3886619802435648e+32,-2.3886619802435648e+32,-2.3886619802435648e+32,-2.3886619802435648e+32,0
2016-04-29,-2.3886619802435648e+32,-2.3886619802435648e+32,-2.3886619802435648e+32,-2.3886619802435648e+32,0
2016-05-02,-2.3886619802435648e+32,-2.3886619802435648e+32,-2.3886619802435648e+32,-2.3886619802435648e+32,0
2016-05-03,-2.3886619802435648e+32,-2.3886619802435648e+32,-2.3886619802435648e+32,-2.3886619802435648e+32,0
2016-05-04,-2.3886619802435648e+32,-2.3886619802435648e+32,-2.3886619802435648e+32,-2.3886619802435648e+32,0
2016-05-05,-2.3886619802435648e+32,-2.3886619802435648e+32,-2.3886619802435648e+32,-2.3886619802435648e+32,0
2016-05-06,-2.3886619802435648e+32,-2.3886619802435648e+32,-2.3886619802435648e+32,-2.3886619802435648e+32,0
2016-05-09,-2.3886619802435648e+32,-2.3886619802435648e+32,-2.3886619802435648e+32,-2.3886619802435648e+32,0
2016-05-10,-2.3886619802435648e+32,-2.3886619802435648e+32,-2.3886619802435648e+32,-2.3886619802435648e+32,0
2016-05-11,-2.3886619802435648e+32,-2.3886619802435648e+32,-2.3886619802435648e+32,-2.3886619802435648e+32,0
2016-05-12,-2.3886619802435648e+32,-2.3886619802435648e+32,-2.3886619802435648e+32,-2.3886619802435648e+32,0
2016-05-13,-2.3886619802435648e+32,-2.3886619802435648e+32,-2.3886619802435648e+32,-2.3886619802435648e+32,0
2016-05-16,-2.3886619802435648e+32,-2.3886619802435648e+32,-2.3886619802435648e+32,-2.3886619802435648e+32,0
2016-05-17,-2.3886619802435648e+32,-2.3886619802435648e+32,-2.3886619802435648e+32,-2.3886619802435648e+32,0
2016-05-18,-2.3886619802435648e+32,-2.3886619802435648e+32,-2.3886619802435648e+32,-2.3886619802435648e+32,0
2016-05-19,-2.3886619802435648e+32,-2.3886619802435648e+32,-2.3886619802435648e+32,-2.3886619802435648e+32,0
2016-05-20,-2.3886619802435648e+32,-2.3886619802435648e+32,-2.3886619802435648e+32,-2.3886619802435648e+32,0
2016-05-23,-2.3886619802435648e+32,-2.3886619802435648e+32,-2.3886619802435648e+32,-2.3886619802435648e+32,0
2016-05-24,-2.3886619802435648e+32,-2.3886619802435648e+32,-2.3886619802435648e+32,-2.3886619802435648e+32,0
2016-05-25,-2.3886619802435648e+32,-2.3886619802435648e+32,-2.3886619802435648e+32,-2.3886619802435648e+32,0
2016-05-26,-2.3886619802435648e+32,-2.3886619802435648e+32,-2.3886619802435648e+32,-2.3886619802435648e+32,0
2016-05-27,-2.3886619802435648e+32,-2.3886619802435648e+32,-2.3886619802435648e+32,-2.3886619802435648e+32,0
2016-05-31,-2.3886619802435648e+32,-2.3886619802435648e+32,-2.3886619802435648e+32,-2.3886619802435648e+32,0
2016-06-01,-2.3886619802435648e+32,-2.3886619802435648e+32,-2.3886619802435648e+32,-2.3886619802435648e+32,0
2016-06-02,-2.3886619802435648e+32,-2.3886619802435648e+32,-2.3886619802435648e+32,-2.3886619802435648e+32,0
2016-06-03,-2.3886619802435648e+32,-2.3886619802435648e+32,-2.3886619802435648e+32,-2.3886619802435648e+32,0
2016-06-06,-2.3886619802435648e+32,-2.3886619802435648e+32,-2.3886619802435648e+32,-2.3886619802435648e+32,0
2016-06-07,-2.3886619802435648e+32,-2.3886619802435648e+32,-2.3886619802435648e+32,-2.3886619802435648e+32,0
2016-06-08,-2.3886619802435648e+32,-2.3886619802435648e+32,-2.3886619802435648e+32,-2.3886619802435648e+32,0
2016-06-09,-2.3886619802435648e+32,-2.3886619802435648e+32,-2.3886619802435648e+32,-2.3886619802435648e+32,0
2016-06-10,-2.3886619802435648e+32,-2.3886619802435648e+32,-2.3886619802435648e+32,-2.3886619802435648e+32,0
2016-06-13,-2.5479053643376954e+32,-2.5479053643376954e+32,-2.5479053643376954e+32,-2.5479053643376954e+32,4400
2016-06-14,-2.5479053643376954e+32,-2.5479053643376954e+32,-2.5479053643376954e+32,-2.5479053643376954e+32,0
2016-06-15,-2.5479053643376954e+32,-2.5479053643376954e+32,-2.5479053643376954e+32,-2.5479053643376954e+32,0
2016-06-16,-2.5479053643376954e+32,-2.5479053643376954e+32,-2.5479053643376954e+32,-2.5479053643376954e+32,0
2016-06-17,-2.5479053643376954e+32,-2.5479053643376954e+32,-2.5479053643376954e+32,-2.5479053643376954e+32,0
2016-06-20,-2.5479053643376954e+32,-2.5479053643376954e+32,-2.5479053643376954e+32,-2.5479053643376954e+32,0
2016-06-21,-2.7753973499382846e+32,-2.775397349938285e+32,-2.775397349938285e+32,-2.775397349938285e+32,1000
2016-06-22,-2.7753973499382846e+32,-2.775397349938285e+32,-2.775397349938285e+32,-2.775397349938285e+32,0
2016-06-23,-2.7753973499382846e+32,-2.775397349938285e+32,-2.775397349938285e+32,-2.775397349938285e+32,0
2016-06-24,-2.7753973499382846e+32,-2.775397349938285e+32,-2.775397349938285e+32,-2.775397349938285e+32,0
2016-06-27,-2.7753973499382846e+32,-2.775397349938285e+32,-2.775397349938285e+32,-2.775397349938285e+32,0
2016-06-28,-2.7753973499382846e+32,-2.775397349938285e+32,-2.775397349938285e+32,-2.775397349938285e+32,0
2016-06-29,-1.5390841186070303e+33,-1.5390841186070303e+33,-1.5390841186070303e+33,-1.5390841186070303e+33,0
2016-06-30,-1.5390841186070303e+33,-1.5390841186070303e+33,-1.5390841186070303e+33,-1.5390841186070303e+33,0
2016-07-01,-1.5390841186070303e+33,-1.5390841186070303e+33,-1.5390841186070303e+33,-1.5390841186070303e+33,0
2016-07-05,-1.5390841186070303e+33,-1.5390841186070303e+33,-1.5390841186070303e+33,-1.5390841186070303e+33,0
2016-07-06,-1.5390841186070303e+33,-1.5390841186070303e+33,-1.5390841186070303e+33,-1.5390841186070303e+33,0
2016-07-07,-1.5390841186070303e+33,-1.5390841186070303e+33,-1.5390841186070303e+33,-1.5390841186070303e+33,0
2016-07-08,-1.5390841186070303e+33,-1.5390841186070303e+33,-1.5390841186070303e+33,-1.5390841186070303e+33,0
2016-07-11,-1.5390841186070303e+33,-1.5390841186070303e+33,-1.5390841186070303e+33,-1.5390841186070303e+33,0
2016-07-12,-1.5390841186070303e+33,-1.5390841186070303e+33,-1.5390841186070303e+33,-1.5390841186070303e+33,0
2016-07-13,-1.5390841186070303e+33,-1.5390841186070303e+33,-1.5390841186070303e+33,-1.5390841186070303e+33,0
2016-07-14,-1.5390841186070303e+33,-1.5390841186070303e+33,-1.5390841186070303e+33,-1.5390841186070303e+33,0
2016-07-15,-1.5390841186070303e+33,-1.5390841186070303e+33,-1.5390841186070303e+33,-1.5390841186070303e+33,0
2016-07-18,-1.5390841186070303e+33,-1.5390841186070303e+33,-1.5390841186070303e+33,-1.5390841186070303e+33,0
2016-07-19,-1.5390841186070303e+33,-1.5390841186070303e+33,-1.5390841186070303e+33,-1.5390841186070303e+33,0
2016-07-20,-1.5390841186070303e+33,-1.5390841186070303e+33,-1.5390841186070303e+33,-1.5390841186070303e+33,0
2016-07-21,-1.5390841186070303e+33,-1.5390841186070303e+33,-1.5390841186070303e+33,-1.5390841186070303e+33,0
2016-07-22,-1.5390841186070303e+33,-1.5390841186070303e+33,-1.5390841186070303e+33,-1.5390841186070303e+33,0
2016-07-25,-1.5390841186070303e+33,-1.5390841186070303e+33,-1.5390841186070303e+33,-1.5390841186070303e+33,0
2016-07-26,-1.5390841186070303e+33,-1.5390841186070303e+33,-1.5390841186070303e+33,-1.5390841186070303e+33,0
2016-07-27,-1.5390841186070303e+33,-1.5390841186070303e+33,-1.5390841186070303e+33,-1.5390841186070303e+33,0
2016-07-28,-1.5390841186070303e+33,-1.5390841186070303e+33,-1.5390841186070303e+33,-1.5390841186070303e+33,0
2016-07-29,-1.5390841186070303e+33,-1.5390841186070303e+33,-1.5390841186070303e+33,-1.5390841186070303e+33,0
2016-08-01,-1.5390841186070303e+33,-1.5390841186070303e+33,-1.5390841186070303e+33,-1.5390841186070303e+33,0
2016-08-02,-1.5390841186070303e+33,-1.5390841186070303e+33,-1.5390841186070303e+33,-1.5390841186070303e+33,0
2016-08-03,-1.5390841186070303e+33,-1.5390841186070303e+33,-1.5390841186070303e+33,-1.5390841186070303e+33,0
2016-08-04,-1.5390841186070303e+33,-1.5390841186070303e+33,-1.5390841186070303e+33,-1.5390841186070303e+33,0
2016-08-05,-1.5390841186070303e+33,-1.5390841186070303e+33,-1.5390841186070303e+33,-1.5390841186070303e+33,0
2016-08-08,-1.5390841186070303e+33,-1.5390841186070303e+33,-1.5390841186070303e+33,-1.5390841186070303e+33,0
2016-08-09,-1.5390841186070303e+33,-1.5390841186070303e+33,-1.5390841186070303e+33,-1.5390841186070303e+33,0
2016-08-10,-1.5390841186070303e+33,-1.5390841186070303e+33,-1.5390841186070303e+33,-1.5390841186070303e+33,0
2016-08-11,-1.5390841186070303e+33,-1.5390841186070303e+33,-1.5390841186070303e+33,-1.5390841186070303e+33,0
2016-08-12,-1.5390841186070303e+33,-1.5390841186070303e+33,-1.5390841186070303e+33,-1.5390841186070303e+33,0
2016-08-15,-1.5390841186070303e+33,-1.5390841186070303e+33,-1.5390841186070303e+33,-1.5390841186070303e+33,0
2016-08-16,-1.5390841186070303e+33,-1.5390841186070303e+33,-1.5390841186070303e+33,-1.5390841186070303e+33,0
2016-08-17,-1.5390841186070303e+33,-1.5390841186070303e+33,-1.5390841186070303e+33,-1.5390841186070303e+33,0
2016-08-18,-1.5390841186070303e+33,-1.5390841186070303e+33,-1.5390841186070303e+33,-1.5390841186070303e+33,0
2016-08-19,-1.5390841186070303e+33,-1.5390841186070303e+33,-1.5390841186070303e+33,-1.5390841186070303e+33,0
2016-08-22,-1.5390841186070303e+33,-1.5390841186070303e+33,-1.5390841186070303e+33,-1.5390841186070303e+33,0
2016-08-23,-1.5390841186070303e+33,-1.5390841186070303e+33,-1.5390841186070303e+33,-1.5390841186070303e+33,0
2016-08-24,-1.5390841186070303e+33,-1.5390841186070303e+33,-1.5390841186070303e+33,-1.5390841186070303e+33,0
2016-08-25,-1.5390841186070303e+33,-1.5390841186070303e+33,-1.5390841186070303e+33,-1.5390841186070303e+33,0
2016-08-26,-1.5390841186070303e+33,-1.5390841186070303e+33,-1.5390841186070303e+33,-1.5390841186070303e+33,0
2016-08-29,-1.5390841186070303e+33,-1.5390841186070303e+33,-1.5390841186070303e+33,-1.5390841186070303e+33,0
2016-08-30,-1.576930266745558e+33,-1.576930266745558e+33,-1.576930266745558e+33,-1.576930266745558e+33,1350
2016-08-31,-1.576930266745558e+33,-1.576930266745558e+33,-1.576930266745558e+33,-1.576930266745558e+33,0
2016-09-01,-1.576930266745558e+33,-1.576930266745558e+33,-1.576930266745558e+33,-1.576930266745558e+33,0
2016-09-02,-1.576930266745558e+33,-1.576930266745558e+33,-1.576930266745558e+33,-1.576930266745558e+33,0
2016-09-06,-1.576930266745558e+33,-1.576930266745558e+33,-1.576930266745558e+33,-1.576930266745558e+33,0
2016-09-07,-1.576930266745558e+33,-1.576930266745558e+33,-1.576930266745558e+33,-1.576930266745558e+33,0
2016-09-08,-1.576930266745558e+33,-1.576930266745558e+33,-1.576930266745558e+33,-1.576930266745558e+33,0
2016-09-09,-1.576930266745558e+33,-1.576930266745558e+33,-1.576930266745558e+33,-1.576930266745558e+33,0
2016-09-12,-1.576930266745558e+33,-1.576930266745558e+33,-1.576930266745558e+33,-1.576930266745558e+33,0
2016-09-13,-1.576930266745558e+33,-1.576930266745558e+33,-1.576930266745558e+33,-1.576930266745558e+33,0
2016-09-14,-1.576930266745558e+33,-1.576930266745558e+33,-1.576930266745558e+33,-1.576930266745558e+33,0
2016-09-15,-1.576930266745558e+33,-1.576930266745558e+33,-1.576930266745558e+33,-1.576930266745558e+33,0
2016-09-16,-1.576930266745558e+33,-1.576930266745558e+33,-1.576930266745558e+33,-1.576930266745558e+33,0
2016-09-19,-1.576930266745558e+33,-1.576930266745558e+33,-1.576930266745558e+33,-1.576930266745558e+33,0
2016-09-20,-1.576930266745558e+33,-1.576930266745558e+33,-1.576930266745558e+33,-1.576930266745558e+33,0
2016-09-21,-1.576930266745558e+33,-1.576930266745558e+33,-1.576930266745558e+33,-1.576930266745558e+33,0
2016-09-22,-1.576930266745558e+33,-1.576930266745558e+33,-1.576930266745558e+33,-1.576930266745558e+33,0
2016-09-23,-1.9553937597833992e+33,-1.9553937597833992e+33,-1.879701049990266e+33,-1.9553937597833992e+33,1450
2016-09-26,-1.9553937597833992e+33,-1.9553937597833992e+33,-1.9553937597833992e+33,-1.9553937597833992e+33,0
2016-09-27,-1.9553937597833992e+33,-1.9553937597833992e+33,-1.9553937597833992e+33,-1.9553937597833992e+33,0
2016-09-28,-1.9553937597833992e+33,-1.9553937597833992e+33,-1.9553937597833992e+33,-1.9553937597833992e+33,0
2016-09-29,-1.9553937597833992e+33,-1.9553937597833992e+33,-1.9553937597833992e+33,-1.9553937597833992e+33,0
2016-09-30,-1.9553937597833992e+33,-1.9553937597833992e+33,-1.9553937597833992e+33,-1.9553937597833992e+33,0
2016-10-03,-1.9553937597833992e+33,-1.9553937597833992e+33,-1.9553937597833992e+33,-1.9553937597833992e+33,0
2016-10-04,-1.9553937597833992e+33,-1.9553937597833992e+33,-1.9553937597833992e+33,-1.9553937597833992e+33,0
2016-10-05,-2.0184711375751268e+33,-2.0184711375751268e+33,-2.0184711375751268e+33,-2.0184711375751268e+33,5050
2016-10-06,-2.0184711375751268e+33,-2.0184711375751268e+33,-2.0184711375751268e+33,-2.0184711375751268e+33,0
2016-10-07,-1.7030851770715182e+33,-1.7030851770715182e+33,-1.7030851770715182e+33,-1.7030851770715182e+33,40600
2016-10-10,-1.7030851770715182e+33,-1.7030851770715182e+33,-1.7030851770715182e+33,-1.7030851770715182e+33,700
2016-10-11,-1.7030851770715182e+33,-1.7030851770715182e+33,-1.7030851770715182e+33,-1.7030851770715182e+33,0
2016-10-12,-1.7030851770715182e+33,-1.7030851770715182e+33,-1.7030851770715182e+33,-1.7030851770715182e+33,0
2016-10-13,-1.7977009342740998e+33,-1.7977009342740998e+33,-1.7977009342740998e+33,-1.7977009342740998e+33,5100
2016-10-14,-1.7977009342740998e+33,-1.7977009342740998e+33,-1.7977009342740998e+33,-1.7977009342740998e+33,0
2016-10-17,-1.7977009342740998e+33,-1.7977009342740998e+33,-1.7977009342740998e+33,-1.7977009342740998e+33,0
2016-10-18,-1.7977009342740998e+33,-1.7977009342740998e+33,-1.7977009342740998e+33,-1.7977009342740998e+33,0
2016-10-19,-1.576930266745558e+33,-1.8292391094248472e+33,-1.576930266745558e+33,-1.576930266745558e+33,6900
2016-10-20,-1.576930266745558e+33,-1.576930266745558e+33,-1.576930266745558e+33,-1.576930266745558e+33,0
2016-10-21,-1.576930266745558e+33,-1.576930266745558e+33,-1.576930266745558e+33,-1.576930266745558e+33,0
2016-10-24,-1.576930266745558e+33,-1.576930266745558e+33,-1.576930266745558e+33,-1.576930266745558e+33,0
2016-10-25,-1.576930266745558e+33,-1.576930266745558e+33,-1.576930266745558e+33,-1.576930266745558e+33,0
2016-10-26,-1.576930266745558e+33,-1.576930266745558e+33,-1.576930266745558e+33,-1.576930266745558e+33,0
2016-10-27,-1.576930266745558e+33,-1.576930266745558e+33,-1.576930266745558e+33,-1.576930266745558e+33,0
2016-10-28,-1.576930266745558e+33,-1.576930266745558e+33,-1.576930266745558e+33,-1.576930266745558e+33,0
2016-10-31,-1.576930266745558e+33,-1.576930266745558e+33,-1.576930266745558e+33,-1.576930266745558e+33,0
2016-11-01,-1.576930266745558e+33,-1.576930266745558e+33,-1.576930266745558e+33,-1.576930266745558e+33,0
2016-11-02,-1.576930266745558e+33,-1.576930266745558e+33,-1.576930266745558e+33,-1.576930266745558e+33,0
2016-11-03,-1.576930266745558e+33,-1.576930266745558e+33,-1.576930266745558e+33,-1.576930266745558e+33,0
2016-11-04,-1.576930266745558e+33,-1.576930266745558e+33,-1.576930266745558e+33,-1.576930266745558e+33,0
2016-11-07,-1.576930266745558e+33,-1.576930266745558e+33,-1.576930266745558e+33,-1.576930266745558e+33,0
2016-11-08,-1.576930266745558e+33,-1.576930266745558e+33,-1.576930266745558e+33,-1.576930266745558e+33,0
2016-11-09,-1.576930266745558e+33,-1.576930266745558e+33,-1.576930266745558e+33,-1.576930266745558e+33,0
2016-11-10,-1.576930266745558e+33,-1.576930266745558e+33,-1.576930266745558e+33,-1.576930266745558e+33,0
2016-11-11,-1.576930266745558e+33,-1.576930266745558e+33,-1.576930266745558e+33,-1.576930266745558e+33,0
2016-11-14,-1.576930266745558e+33,-1.576930266745558e+33,-1.576930266745558e+33,-1.576930266745558e+33,0
2016-11-15,-1.576930266745558e+33,-1.576930266745558e+33,-1.576930266745558e+33,-1.576930266745558e+33,0
2016-11-16,-1.576930266745558e+33,-1.576930266745558e+33,-1.576930266745558e+33,-1.576930266745558e+33,0
2016-11-17,-1.576930266745558e+33,-1.576930266745558e+33,-1.576930266745558e+33,-1.576930266745558e+33,0
2016-11-18,-1.576930266745558e+33,-1.576930266745558e+33,-1.576930266745558e+33,-1.576930266745558e+33,0
2016-11-21,-1.576930266745558e+33,-1.576930266745558e+33,-1.576930266745558e+33,-1.576930266745558e+33,0
2016-11-22,-1.576930266745558e+33,-1.576930266745558e+33,-1.576930266745558e+33,-1.576930266745558e+33,0
2016-11-23,-1.576930266745558e+33,-1.576930266745558e+33,-1.576930266745558e+33,-1.576930266745558e+33,0
2016-11-25,-1.576930266745558e+33,-1.576930266745558e+33,-1.576930266745558e+33,-1.576930266745558e+33,0
2016-11-28,-1.576930266745558e+33,-1.576930266745558e+33,-1.576930266745558e+33,-1.576930266745558e+33,0
2016-11-29,-1.576930266745558e+33,-1.576930266745558e+33,-1.576930266745558e+33,-1.576930266745558e+33,0
2016-11-30,-1.576930266745558e+33,-1.576930266745558e+33,-1.576930266745558e+33,-1.576930266745558e+33,0
2016-12-01,-1.576930266745558e+33,-1.576930266745558e+33,-1.576930266745558e+33,-1.576930266745558e+33,0
2016-12-02,-1.576930266745558e+33,-1.576930266745558e+33,-1.576930266745558e+33,-1.576930266745558e+33,0
2016-12-05,-1.576930266745558e+33,-1.576930266745558e+33,-1.576930266745558e+33,-1.576930266745558e+33,0
2016-12-06,-1.576930266745558e+33,-1.576930266745558e+33,-1.576930266745558e+33,-1.576930266745558e+33,0
2016-12-07,-1.576930266745558e+33,-1.576930266745558e+33,-1.576930266745558e+33,-1.576930266745558e+33,0
2016-12-08,-1.576930266745558e+33,-1.576930266745558e+33,-1.576930266745558e+33,-1.576930266745558e+33,0
2016-12-09,-1.576930266745558e+33,-1.576930266745558e+33,-1.576930266745558e+33,-1.576930266745558e+33,0
2016-12-12,-1.576930266745558e+33,-1.576930266745558e+33,-1.576930266745558e+33,-1.576930266745558e+33,0
2016-12-13,-1.576930266745558e+33,-1.576930266745558e+33,-1.576930266745558e+33,-1.576930266745558e+33,0
2016-12-14,-1.576930266745558e+33,-1.576930266745558e+33,-1.576930266745558e+33,-1.576930266745558e+33,0
2016-12-15,-1.576930266745558e+33,-1.576930266745558e+33,-1.576930266745558e+33,-1.576930266745558e+33,0
2016-12-16,-1.576930266745558e+33,-1.576930266745558e+33,-1.576930266745558e+33,-1.576930266745558e+33,0
2016-12-19,-1.576930266745558e+33,-1.576930266745558e+33,-1.576930266745558e+33,-1.576930266745558e+33,0
2016-12-20,-1.576930266745558e+33,-1.576930266745558e+33,-1.576930266745558e+33,-1.576930266745558e+33,0
2016-12-21,-1.576930266745558e+33,-1.576930266745558e+33,-1.576930266745558e+33,-1.576930266745558e+33,0
2016-12-22,-1.576930266745558e+33,-1.576930266745558e+33,-1.576930266745558e+33,-1.576930266745558e+33,0
2016-12-23,-1.576930266745558e+33,-1.576930266745558e+33,-1.576930266745558e+33,-1.576930266745558e+33,0
2016-12-27,-1.576930266745558e+33,-1.576930266745558e+33,-1.576930266745558e+33,-1.576930266745558e+33,0
2016-12-28,7.509192920792501e+31,7.509192920792501e+31,7.509192920792501e+31,7.509192920792501e+31,0
2016-12-29,7.509192920792501e+31,7.509192920792501e+31,7.509192920792501e+31,7.509192920792501e+31,0
2016-12-30,7.509192920792501e+31,7.509192920792501e+31,7.509192920792501e+31,7.509192920792501e+31,0
2017-01-03,7.509192920792501e+31,7.509192920792501e+31,7.509192920792501e+31,7.509192920792501e+31,0
2017-01-04,7.509192920792501e+31,7.509192920792501e+31,7.509192920792501e+31,7.509192920792501e+31,0
2017-01-05,7.509192920792501e+31,7.509192920792501e+31,7.509192920792501e+31,7.509192920792501e+31,0
2017-01-06,7.509192920792501e+31,7.509192920792501e+31,7.509192920792501e+31,7.509192920792501e+31,0
2017-01-09,7.509192920792501e+31,7.509192920792501e+31,7.509192920792501e+31,7.509192920792501e+31,0
2017-01-10,7.509192920792501e+31,7.509192920792501e+31,7.509192920792501e+31,7.509192920792501e+31,0
2017-01-11,7.509192920792501e+31,7.509192920792501e+31,7.509192920792501e+31,7.509192920792501e+31,0
2017-01-12,7.509192920792501e+31,7.509192920792501e+31,7.509192920792501e+31,7.509192920792501e+31,0
2017-01-13,7.509192920792501e+31,7.509192920792501e+31,7.509192920792501e+31,7.509192920792501e+31,0
2017-01-17,7.509192920792501e+31,7.509192920792501e+31,7.509192920792501e+31,7.509192920792501e+31,0
2017-01-18,7.509192920792501e+31,7.509192920792501e+31,7.509192920792501e+31,7.509192920792501e+31,0
2017-01-19,7.509192920792501e+31,7.509192920792501e+31,7.509192920792501e+31,7.509192920792501e+31,0
2017-01-20,7.509192920792501e+31,7.509192920792501e+31,7.509192920792501e+31,7.509192920792501e+31,0
2017-01-23,7.509192920792501e+31,7.509192920792501e+31,7.509192920792501e+31,7.509192920792501e+31,0
2017-01-24,8.410296728943247e+31,8.410296728943247e+31,8.410296728943247e+31,8.410296728943247e+31,4800
2017-01-25,8.410296728943247e+31,8.410296728943247e+31,8.410296728943247e+31,8.410296728943247e+31,0
2017-01-26,8.410296728943247e+31,8.410296728943247e+31,8.410296728943247e+31,8.410296728943247e+31,0
2017-01-27,9.011032278663526e+31,9.011032278663526e+31,9.011032278663526e+31,9.011032278663526e+31,3800
2017-01-30,9.011032278663526e+31,9.011032278663526e+31,9.011032278663526e+31,9.011032278663526e+31,0
2017-01-31,9.011032278663526e+31,9.011032278663526e+31,9.011032278663526e+31,9.011032278663526e+31,0
2017-02-01,9.011032278663526e+31,9.011032278663526e+31,9.011032278663526e+31,9.011032278663526e+31,0
2017-02-02,9.011032278663526e+31,9.011032278663526e+31,9.011032278663526e+31,9.011032278663526e+31,0
2017-02-03,9.011032278663526e+31,9.011032278663526e+31,9.011032278663526e+31,9.011032278663526e+31,0
2017-02-06,9.011032278663526e+31,9.011032278663526e+31,9.011032278663526e+31,9.011032278663526e+31,0
2017-02-07,9.011032278663526e+31,9.011032278663526e+31,9.011032278663526e+31,9.011032278663526e+31,0
2017-02-08,9.011032278663526e+31,9.011032278663526e+31,9.011032278663526e+31,9.011032278663526e+31,0
2017-02-09,9.011032278663526e+31,9.011032278663526e+31,9.011032278663526e+31,9.011032278663526e+31,0
2017-02-10,9.011032278663526e+31,9.011032278663526e+31,9.011032278663526e+31,9.011032278663526e+31,0
2017-02-13,9.011032278663526e+31,9.011032278663526e+31,9.011032278663526e+31,9.011032278663526e+31,0
2017-02-14,9.011032278663526e+31,9.011032278663526e+31,9.011032278663526e+31,9.011032278663526e+31,0
2017-02-15,9.011032278663526e+31,9.011032278663526e+31,9.011032278663526e+31,9.011032278663526e+31,0
2017-02-16,9.011032278663526e+31,9.011032278663526e+31,9.011032278663526e+31,9.011032278663526e+31,0
2017-02-17,9.011032278663526e+31,9.011032278663526e+31,9.011032278663526e+31,9.011032278663526e+31,0
2017-02-21,9.011032278663526e+31,9.011032278663526e+31,9.011032278663526e+31,9.011032278663526e+31,0
2017-02-22,9.011032278663526e+31,9.011032278663526e+31,9.011032278663526e+31,9.011032278663526e+31,50
2017-02-23,9.011032278663526e+31,9.011032278663526e+31,9.011032278663526e+31,9.011032278663526e+31,0
2017-02-24,9.011032278663526e+31,9.011032278663526e+31,9.011032278663526e+31,9.011032278663526e+31,0
2017-02-27,9.011032278663526e+31,9.011032278663526e+31,9.011032278663526e+31,9.011032278663526e+31,0
2017-02-28,9.011032278663526e+31,9.011032278663526e+31,9.011032278663526e+31,9.011032278663526e+31,0
2017-03-01,9.011032278663526e+31,9.011032278663526e+31,9.011032278663526e+31,9.011032278663526e+31,150
2017-03-02,9.011032278663526e+31,9.011032278663526e+31,9.011032278663526e+31,9.011032278663526e+31,0
2017-03-03,9.011032278663526e+31,9.011032278663526e+31,9.011032278663526e+31,9.011032278663526e+31,0
2017-03-06,9.011032278663526e+31,9.011032278663526e+31,9.011032278663526e+31,9.011032278663526e+31,0
2017-03-07,9.011032278663526e+31,9.011032278663526e+31,9.011032278663526e+31,9.011032278663526e+31,0
2017-03-08,9.011032278663526e+31,9.011032278663526e+31,9.011032278663526e+31,9.011032278663526e+31,0
2017-03-09,9.011032278663526e+31,9.011032278663526e+31,9.011032278663526e+31,9.011032278663526e+31,0
2017-03-10,9.011032278663526e+31,9.011032278663526e+31,9.011032278663526e+31,9.011032278663526e+31,0
2017-03-13,9.011032278663526e+31,9.011032278663526e+31,9.011032278663526e+31,9.011032278663526e+31,0
2017-03-14,9.011032278663526e+31,9.011032278663526e+31,9.011032278663526e+31,9.011032278663526e+31,0
2017-03-15,9.011032278663526e+31,9.011032278663526e+31,9.011032278663526e+31,9.011032278663526e+31,0
2017-03-16,9.011032278663526e+31,9.011032278663526e+31,9.011032278663526e+31,9.011032278663526e+31,0
2017-03-17,9.011032278663526e+31,9.011032278663526e+31,9.011032278663526e+31,9.011032278663526e+31,0
2017-03-20,9.011032278663526e+31,9.011032278663526e+31,9.011032278663526e+31,9.011032278663526e+31,0
2017-03-21,9.011032278663526e+31,9.011032278663526e+31,9.011032278663526e+31,9.011032278663526e+31,0
2017-03-22,9.011032278663526e+31,9.011032278663526e+31,9.011032278663526e+31,9.011032278663526e+31,0
2017-03-23,9.011032278663526e+31,9.011032278663526e+31,9.011032278663526e+31,9.011032278663526e+31,0
2017-03-24,9.011032278663526e+31,9.011032278663526e+31,9.011032278663526e+31,9.011032278663526e+31,0
2017-03-27,9.011032278663526e+31,9.011032278663526e+31,9.011032278663526e+31,9.011032278663526e+31,0
2017-03-28,9.011032278663526e+31,9.011032278663526e+31,9.011032278663526e+31,9.011032278663526e+31,0
2017-03-29,9.011032278663526e+31,9.011032278663526e+31,9.011032278663526e+31,9.011032278663526e+31,0
2017-03-30,-2.4575539720712224e+31,-2.4575539720712224e+31,-2.4575539720712224e+31,-2.4575539720712224e+31,0
2017-03-31,-2.4575539720712224e+31,-2.4575539720712224e+31,-2.4575539720712224e+31,-2.4575539720712224e+31,0
2017-04-03,-2.4575539720712224e+31,-2.4575539720712224e+31,-2.4575539720712224e+31,-2.4575539720712224e+31,0
2017-04-04,-2.4575539720712224e+31,-2.4575539720712224e+31,-2.4575539720712224e+31,-2.4575539720712224e+31,0
2017-04-05,-2.4575539720712224e+31,-2.4575539720712224e+31,-2.4575539720712224e+31,-2.4575539720712224e+31,0
2017-04-06,-2.4575539720712224e+31,-2.4575539720712224e+31,-2.4575539720712224e+31,-2.4575539720712224e+31,0
2017-04-07,-2.4575539720712224e+31,-2.4575539720712224e+31,-2.4575539720712224e+31,-2.4575539720712224e+31,0
2017-04-10,-2.4575539720712224e+31,-2.4575539720712224e+31,-2.4575539720712224e+31,-2.4575539720712224e+31,0
2017-04-11,-2.4575539720712224e+31,-2.4575539720712224e+31,-2.4575539720712224e+31,-2.4575539720712224e+31,0
2017-04-12,-2.4575539720712224e+31,-2.4575539720712224e+31,-2.4575539720712224e+31,-2.4575539720712224e+31,0
2017-04-13,-2.4575539720712224e+31,-2.4575539720712224e+31,-2.4575539720712224e+31,-2.4575539720712224e+31,0
2017-04-17,-2.4575539720712224e+31,-2.4575539720712224e+31,-2.4575539720712224e+31,-2.4575539720712224e+31,0
2017-04-18,-3.0309835143038655e+31,-3.0309835143038655e+31,-3.0309835143038655e+31,-3.0309835143038655e+31,5350
2017-04-19,-3.0309835143038655e+31,-3.0309835143038655e+31,-3.0309835143038655e+31,-3.0309835143038655e+31,0
2017-04-20,-3.0309835143038655e+31,-3.0309835143038655e+31,-3.0309835143038655e+31,-3.0309835143038655e+31,0
2017-04-21,-3.0309835143038655e+31,-3.0309835143038655e+31,-3.0309835143038655e+31,-3.0309835143038655e+31,0
2017-04-24,-3.0309835143038655e+31,-3.0309835143038655e+31,-3.0309835143038655e+31,-3.0309835143038655e+31,0
2017-04-25,-3.0309835143038655e+31,-3.0309835143038655e+31,-3.0309835143038655e+31,-3.0309835143038655e+31,0
2017-04-26,-3.0309835143038655e+31,-3.0309835143038655e+31,-3.0309835143038655e+31,-3.0309835143038655e+31,0
2017-04-27,-3.0309835143038655e+31,-3.0309835143038655e+31,-3.0309835143038655e+31,-3.0309835143038655e+31,0
2017-04-28,-3.0309835143038655e+31,-3.2275879753644893e+31,-3.0309835143038655e+31,-3.0309835143038655e+31,17650
2017-05-01,-3.0309835143038655e+31,-3.0309835143038655e+31,-3.0309835143038655e+31,-3.0309835143038655e+31,0
2017-05-02,-3.0309835143038655e+31,-3.0309835143038655e+31,-3.0309835143038655e+31,-3.0309835143038655e+31,150
2017-05-03,-3.0309835143038655e+31,-3.0309835143038655e+31,-3.0309835143038655e+31,-3.0309835143038655e+31,0
2017-05-04,-3.0309835143038655e+31,-3.0309835143038655e+31,-3.0309835143038655e+31,-3.0309835143038655e+31,0
2017-05-05,-3.0309835143038655e+31,-3.0309835143038655e+31,-3.0309835143038655e+31,-3.0309835143038655e+31,0
2017-05-08,-3.0309835143038655e+31,-3.0309835143038655e+31,-3.0309835143038655e+31,-3.0309835143038655e+31,0
2017-05-09,-3.0309835143038655e+31,-3.0309835143038655e+31,-3.0309835143038655e+31,-3.0309835143038655e+31,0
2017-05-10,-3.0309835143038655e+31,-3.0309835143038655e+31,-3.0309835143038655e+31,-3.0309835143038655e+31,0
2017-05-11,-3.0309835143038655e+31,-3.0309835143038655e+31,-3.0309835143038655e+31,-3.0309835143038655e+31,0
2017-05-12,-3.0309835143038655e+31,-3.0309835143038655e+31,-3.0309835143038655e+31,-3.0309835143038655e+31,0
2017-05-15,-3.0309835143038655e+31,-3.0309835143038655e+31,-3.0309835143038655e+31,-3.0309835143038655e+31,0
2017-05-16,-3.0309835143038655e+31,-3.0309835143038655e+31,-3.0309835143038655e+31,-3.0309835143038655e+31,0
2017-05-17,-3.0309835143038655e+31,-3.0309835143038655e+31,-3.0309835143038655e+31,-3.0309835143038655e+31,0
2017-05-18,-3.0309835143038655e+31,-3.0309835143038655e+31,-3.0309835143038655e+31,-3.0309835143038655e+31,0
2017-05-19,-2.9490652500557947e+31,-2.9490652500557947e+31,-2.9490652500557947e+31,-2.9490652500557947e+31,50
2017-05-22,-2.9490652500557947e+31,-2.9490652500557947e+31,-2.9490652500557947e+31,-2.9490652500557947e+31,0
2017-05-23,-2.9490652500557947e+31,-2.9490652500557947e+31,-2.9490652500557947e+31,-2.9490652500557947e+31,0
2017-05-24,-2.9490652500557947e+31,-2.9490652500557947e+31,-2.9490652500557947e+31,-2.9490652500557947e+31,0
2017-05-25,-2.9490652500557947e+31,-2.9490652500557947e+31,-2.9490652500557947e+31,-2.9490652500557947e+31,0
2017-05-26,-3.276738307048078e+31,-3.276738307048078e+31,-3.276738307048078e+31,-3.276738307048078e+31,100
2017-05-30,-3.276738307048078e+31,-3.276738307048078e+31,-3.276738307048078e+31,-3.276738307048078e+31,0
2017-05-31,-3.276738307048078e+31,-3.276738307048078e+31,-3.276738307048078e+31,-3.276738307048078e+31,0
2017-06-01,-3.276738307048078e+31,-3.276738307048078e+31,-3.276738307048078e+31,-3.276738307048078e+31,0
2017-06-02,-3.276738307048078e+31,-3.276738307048078e+31,-3.276738307048078e+31,-3.276738307048078e+31,0
2017-06-05,-3.276738307048078e+31,-3.276738307048078e+31,-3.276738307048078e+31,-3.276738307048078e+31,0
2017-06-06,-3.276738307048078e+31,-3.276738307048078e+31,-3.276738307048078e+31,-3.276738307048078e+31,0
2017-06-07,-3.276738307048078e+31,-3.276738307048078e+31,-3.276738307048078e+31,-3.276738307048078e+31,0
2017-06-08,-3.276738307048078e+31,-3.276738307048078e+31,-3.276738307048078e+31,-3.276738307048078e+31,0
2017-06-09,-3.276738307048078e+31,-3.276738307048078e+31,-3.276738307048078e+31,-3.276738307048078e+31,0
2017-06-12,-3.276738307048078e+31,-3.276738307048078e+31,-3.276738307048078e+31,-3.276738307048078e+31,0
2017-06-13,-3.276738307048078e+31,-3.276738307048078e+31,-3.276738307048078e+31,-3.276738307048078e+31,0
2017-06-14,-3.276738307048078e+31,-3.276738307048078e+31,-3.276738307048078e+31,-3.276738307048078e+31,0
2017-06-15,-3.276738307048078e+31,-3.276738307048078e+31,-3.276738307048078e+31,-3.276738307048078e+31,0
2017-06-16,-3.276738307048078e+31,-3.276738307048078e+31,-3.276738307048078e+31,-3.276738307048078e+31,0
2017-06-19,-3.276738307048078e+31,-3.276738307048078e+31,-3.276738307048078e+31,-3.276738307048078e+31,0
2017-06-20,-3.276738307048078e+31,-3.276738307048078e+31,-3.276738307048078e+31,-3.276738307048078e+31,0
2017-06-21,-3.276738307048078e+31,-3.276738307048078e+31,-3.276738307048078e+31,-3.276738307048078e+31,0
2017-06-22,-3.276738307048078e+31,-3.276738307048078e+31,-3.276738307048078e+31,-3.276738307048078e+31,0
2017-06-23,-3.276738307048078e+31,-3.276738307048078e+31,-3.276738307048078e+31,-3.276738307048078e+31,0
2017-06-26,-3.276738307048078e+31,-3.276738307048078e+31,-3.276738307048078e+31,-3.276738307048078e+31,0
2017-06-27,-3.276738307048078e+31,-3.276738307048078e+31,-3.276738307048078e+31,-3.276738307048078e+31,0
2017-06-28,-3.276738307048078e+31,-3.276738307048078e+31,-3.276738307048078e+31,-3.276738307048078e+31,0
2017-06-29,1.310695371176264e+31,1.310695371176264e+31,1.310695371176264e+31,1.310695371176264e+31,0
2017-06-30,1.310695371176264e+31,1.310695371176264e+31,1.310695371176264e+31,1.310695371176264e+31,0
2017-07-03,1.310695371176264e+31,1.310695371176264e+31,1.310695371176264e+31,1.310695371176264e+31,0
2017-07-05,1.310695371176264e+31,1.310695371176264e+31,1.310695371176264e+31,1.310695371176264e+31,0
2017-07-06,1.310695371176264e+31,1.310695371176264e+31,1.310695371176264e+31,1.310695371176264e+31,0
2017-07-07,1.3631233407658194e+31,1.3631233407658194e+31,1.3631233407658194e+31,1.3631233407658194e+31,2650
2017-07-10,1.3631233407658194e+31,1.3631233407658194e+31,1.3631233407658194e+31,1.3631233407658194e+31,0
2017-07-11,1.3631233407658194e+31,1.3631233407658194e+31,1.3631233407658194e+31,1.3631233407658194e+31,0
2017-07-12,1.3631233407658194e+31,1.3631233407658194e+31,1.3631233407658194e+31,1.3631233407658194e+31,0
2017-07-13,1.3631233407658194e+31,1.3631233407658194e+31,1.3631233407658194e+31,1.3631233407658194e+31,0
2017-07-14,1.3631233407658194e+31,1.3631233407658194e+31,1.3631233407658194e+31,1.3631233407658194e+31,0
2017-07-17,1.3631233407658194e+31,1.3631233407658194e+31,1.3631233407658194e+31,1.3631233407658194e+31,0
2017-07-18,1.3631233407658194e+31,1.3631233407658194e+31,1.3631233407658194e+31,1.3631233407658194e+31,0
2017-07-19,1.3631233407658194e+31,1.3631233407658194e+31,1.3631233407658194e+31,1.3631233407658194e+31,0
2017-07-20,1.520406524178994e+31,1.5204065241789938e+31,1.5204065241789938e+31,1.5204065241789938e+31,2600
2017-07-21,1.3637785785600506e+31,1.3637785785600506e+31,1.3637785785600506e+31,1.3637785785600506e+31,100
2017-07-24,1.3637785785600506e+31,1.3637785785600506e+31,1.3637785785600506e+31,1.3637785785600506e+31,0
2017-07-25,1.3637785785600506e+31,1.3637785785600506e+31,1.3637785785600506e+31,1.3637785785600506e+31,0
2017-07-26,1.3762302727169173e+31,1.3762302727169173e+31,1.3762302727169173e+31,1.3762302727169173e+31,150
2017-07-27,1.3762302727169173e+31,1.3762302727169173e+31,1.3762302727169173e+31,1.3762302727169173e+31,0
2017-07-28,1.3762302727169173e+31,1.3762302727169173e+31,1.3762302727169173e+31,1.3762302727169173e+31,0
2017-07-31,1.3762302727169173e+31,1.3762302727169173e+31,1.3762302727169173e+31,1.3762302727169173e+31,0
2017-08-01,1.3762302727169173e+31,1.3762302727169173e+31,1.3762302727169173e+31,1.3762302727169173e+31,0
2017-08-02,1.3762302727169173e+31,1.3762302727169173e+31,1.3762302727169173e+31,1.3762302727169173e+31,0
2017-08-03,1.3762302727169173e+31,1.3762302727169173e+31,1.3762302727169173e+31,1.3762302727169173e+31,0
2017-08-04,1.3762302727169173e+31,1.3762302727169173e+31,1.3762302727169173e+31,1.3762302727169173e+31,0
2017-08-07,1.3762302727169173e+31,1.3762302727169173e+31,1.3762302727169173e+31,1.3762302727169173e+31,0
2017-08-08,1.3762302727169173e+31,1.3762302727169173e+31,1.3762302727169173e+31,1.3762302727169173e+31,0
2017-08-09,1.3762302727169173e+31,1.3762302727169173e+31,1.3762302727169173e+31,1.3762302727169173e+31,0
2017-08-10,1.3762302727169173e+31,1.3762302727169173e+31,1.3762302727169173e+31,1.3762302727169173e+31,0
2017-08-11,1.3762302727169173e+31,1.3762302727169173e+31,1.3762302727169173e+31,1.3762302727169173e+31,0
2017-08-14,1.3762302727169173e+31,1.3762302727169173e+31,1.3762302727169173e+31,1.3762302727169173e+31,0
2017-08-15,1.3762302727169173e+31,1.3762302727169173e+31,1.3762302727169173e+31,1.3762302727169173e+31,0
2017-08-16,1.3762302727169173e+31,1.3762302727169173e+31,1.3762302727169173e+31,1.3762302727169173e+31,0
2017-08-17,1.3762302727169173e+31,1.3762302727169173e+31,1.3762302727169173e+31,1.3762302727169173e+31,0
2017-08-18,1.3762302727169173e+31,1.3762302727169173e+31,1.3762302727169173e+31,1.3762302727169173e+31,0
2017-08-21,1.3762302727169173e+31,1.3762302727169173e+31,1.3762302727169173e+31,1.3762302727169173e+31,0
2017-08-22,1.3303562526732386e+31,1.3303562526732386e+31,1.3303562526732386e+31,1.3303562526732386e+31,200
2017-08-23,1.3238026658051077e+31,1.3238026658051077e+31,1.3106956592138973e+31,1.3238026658051077e+31,600
2017-08-24,1.310695371176264e+31,1.310695371176264e+31,1.2451606026174507e+31,1.310695371176264e+31,1600
2017-08-25,1.310695371176264e+31,1.310695371176264e+31,1.310695371176264e+31,1.310695371176264e+31,0
2017-08-28,1.2779284039762651e+31,1.2779284039762651e+31,1.2451610090025146e+31,1.2779284039762651e+31,3500
2017-08-29,1.2779284039762651e+31,1.2779284039762651e+31,1.2779284039762651e+31,1.2779284039762651e+31,0
2017-08-30,1.2779284039762651e+31,1.2779284039762651e+31,1.2779284039762651e+31,1.2779284039762651e+31,150
2017-08-31,1.2779284039762651e+31,1.2779284039762651e+31,1.2779284039762651e+31,1.2779284039762651e+31,0
2017-09-01,1.2943116457911006e+31,1.2943116457911006e+31,1.2943116457911006e+31,1.2943116457911006e+31,950
2017-09-05,1.2943116457911006e+31,1.2943116457911006e+31,1.2943116457911006e+31,1.2943116457911006e+31,0
2017-09-06,1.2943116457911006e+31,1.2943116457911006e+31,1.2943116457911006e+31,1.2943116457911006e+31,0
2017-09-07,1.2943116457911006e+31,1.2943116457911006e+31,1.2943116457911006e+31,1.2943116457911006e+31,0
2017-09-08,1.2943116457911006e+31,1.2943116457911006e+31,1.2943116457911006e+31,1.2943116457911006e+31,0
2017-09-11,1.3762302727169173e+31,1.3762302727169173e+31,1.3762302727169173e+31,1.3762302727169173e+31,350
2017-09-12,1.3762302727169173e+31,1.3762302727169173e+31,1.3762302727169173e+31,1.3762302727169173e+31,0
2017-09-13,1.3762302727169173e+31,1.3762302727169173e+31,1.3762302727169173e+31,1.3762302727169173e+31,0
2017-09-14,1.3762302727169173e+31,1.3762302727169173e+31,1.3762302727169173e+31,1.3762302727169173e+31,0
2017-09-15,1.3762302727169173e+31,1.3762302727169173e+31,1.3762302727169173e+31,1.3762302727169173e+31,0
2017-09-18,1.3762302727169173e+31,1.3762302727169173e+31,1.3762302727169173e+31,1.3762302727169173e+31,0
2017-09-19,1.3762302727169173e+31,1.3762302727169173e+31,1.3762302727169173e+31,1.3762302727169173e+31,0
2017-09-20,1.3762302727169173e+31,1.3762302727169173e+31,1.3762302727169173e+31,1.3762302727169173e+31,0
2017-09-21,1.3762302727169173e+31,1.3762302727169173e+31,1.3762302727169173e+31,1.3762302727169173e+31,0
2017-09-22,1.3762302727169173e+31,1.3762302727169173e+31,1.3762302727169173e+31,1.3762302727169173e+31,0
2017-09-25,1.3762302727169173e+31,1.3762302727169173e+31,1.3762302727169173e+31,1.3762302727169173e+31,0
2017-09-26,1.3762302727169173e+31,1.3762302727169173e+31,1.3762302727169173e+31,1.3762302727169173e+31,0
2017-09-27,1.40899748170208e+31,1.40899748170208e+31,1.40899748170208e+31,1.40899748170208e+31,400
2017-09-28,-6.246071802932622e+30,-6.246071802932622e+30,-6.246071802932622e+30,-6.246071802932622e+30,0
2017-09-29,-6.246071802932622e+30,-6.246071802932622e+30,-6.246071802932622e+30,-6.246071802932622e+30,0
2017-10-02,-6.246071802932622e+30,-6.246071802932622e+30,-6.246071802932622e+30,-6.246071802932622e+30,0
2017-10-03,-6.246071802932622e+30,-6.246071802932622e+30,-6.246071802932622e+30,-6.246071802932622e+30,300
2017-10-04,-6.246071802932622e+30,-6.246071802932622e+30,-6.246071802932622e+30,-6.246071802932622e+30,0
2017-10-05,-6.246071802932622e+30,-6.246071802932622e+30,-6.246071802932622e+30,-6.246071802932622e+30,0
2017-10-06,-6.246071802932622e+30,-6.246071802932622e+30,-6.246071802932622e+30,-6.246071802932622e+30,0
2017-10-09,-6.246071802932622e+30,-6.246071802932622e+30,-6.246071802932622e+30,-6.246071802932622e+30,0
2017-10-10,-6.246071802932622e+30,-6.246071802932622e+30,-6.246071802932622e+30,-6.246071802932622e+30,0
2017-10-11,-6.246071802932622e+30,-6.246071802932622e+30,-6.246071802932622e+30,-6.246071802932622e+30,0
2017-10-12,-6.246071802932622e+30,-6.246071802932622e+30,-6.246071802932622e+30,-6.246071802932622e+30,0
2017-10-13,-6.246071802932622e+30,-6.246071802932622e+30,-6.246071802932622e+30,-6.246071802932622e+30,0
2017-10-16,-6.246071802932622e+30,-6.246071802932622e+30,-6.246071802932622e+30,-6.246071802932622e+30,0
2017-10-17,-6.246071802932622e+30,-6.246071802932622e+30,-6.246071802932622e+30,-6.246071802932622e+30,0
2017-10-18,-6.246071802932622e+30,-6.246071802932622e+30,-6.246071802932622e+30,-6.246071802932622e+30,0
2017-10-19,-6.246071802932622e+30,-6.246071802932622e+30,-6.246071802932622e+30,-6.246071802932622e+30,0
2017-10-20,-6.246071802932622e+30,-6.246071802932622e+30,-6.246071802932622e+30,-6.246071802932622e+30,0
2017-10-23,-6.246071802932622e+30,-6.246071802932622e+30,-6.246071802932622e+30,-6.246071802932622e+30,0
2017-10-24,-6.246071802932622e+30,-6.246071802932622e+30,-6.246071802932622e+30,-6.246071802932622e+30,0
2017-10-25,-6.246071802932622e+30,-6.246071802932622e+30,-6.246071802932622e+30,-6.246071802932622e+30,0
2017-10-26,-6.246071802932622e+30,-6.246071802932622e+30,-6.246071802932622e+30,-6.246071802932622e+30,0
2017-10-27,-6.246071802932622e+30,-6.246071802932622e+30,-6.246071802932622e+30,-6.246071802932622e+30,0
2017-10-30,-6.246071802932622e+30,-6.246071802932622e+30,-6.246071802932622e+30,-6.246071802932622e+30,0
2017-10-31,-6.246071802932622e+30,-6.246071802932622e+30,-6.246071802932622e+30,-6.246071802932622e+30,0
2017-11-01,-6.246071802932622e+30,-6.246071802932622e+30,-6.246071802932622e+30,-6.246071802932622e+30,0
2017-11-02,-6.246071802932622e+30,-6.246071802932622e+30,-6.246071802932622e+30,-6.246071802932622e+30,0
2017-11-03,-7.117616649438298e+30,-7.117616649438298e+30,-7.117616649438298e+30,-7.117616649438298e+30,1000
2017-11-06,-6.972359980971232e+30,-6.972359980971232e+30,-6.972359980971232e+30,-6.972359980971232e+30,700
2017-11-07,-6.972359980971232e+30,-6.972359980971232e+30,-6.972359980971232e+30,-6.972359980971232e+30,100
2017-11-08,-6.972359980971232e+30,-6.972359980971232e+30,-6.972359980971232e+30,-6.972359980971232e+30,0
2017-11-09,-6.972359980971232e+30,-6.972359980971232e+30,-6.972359980971232e+30,-6.972359980971232e+30,0
2017-11-10,-6.972359980971232e+30,-6.972359980971232e+30,-6.972359980971232e+30,-6.972359980971232e+30,0
2017-11-13,-6.972359980971232e+30,-6.972359980971232e+30,-6.972359980971232e+30,-6.972359980971232e+30,0
2017-11-14,-6.972359980971232e+30,-6.972359980971232e+30,-6.972359980971232e+30,-6.972359980971232e+30,100
2017-11-15,-6.972359980971232e+30,-6.972359980971232e+30,-6.972359980971232e+30,-6.972359980971232e+30,0
2017-11-16,-6.972359980971232e+30,-6.972359980971232e+30,-6.972359980971232e+30,-6.972359980971232e+30,0
2017-11-17,-6.972359980971232e+30,-6.972359980971232e+30,-6.972359980971232e+30,-6.972359980971232e+30,0
2017-11-20,-6.972359980971232e+30,-6.972359980971232e+30,-6.972359980971232e+30,-6.972359980971232e+30,0
2017-11-21,-6.972359980971232e+30,-6.972359980971232e+30,-6.972359980971232e+30,-6.972359980971232e+30,0
2017-11-22,-6.972359980971232e+30,-6.972359980971232e+30,-6.972359980971232e+30,-6.972359980971232e+30,0
2017-11-24,-6.972359980971232e+30,-6.972359980971232e+30,-6.972359980971232e+30,-6.972359980971232e+30,0
2017-11-27,-6.972359980971232e+30,-6.972359980971232e+30,-6.972359980971232e+30,-6.972359980971232e+30,0
2017-11-28,-6.972359980971232e+30,-6.972359980971232e+30,-6.972359980971232e+30,-6.972359980971232e+30,50
2017-11-29,-6.972359980971232e+30,-6.972359980971232e+30,-6.972359980971232e+30,-6.972359980971232e+30,0
2017-11-30,-6.972359980971232e+30,-6.972359980971232e+30,-6.972359980971232e+30,-6.972359980971232e+30,0
2017-12-01,-6.972359980971232e+30,-6.972359980971232e+30,-6.972359980971232e+30,-6.972359980971232e+30,0
2017-12-04,-6.623741437906051e+30,-6.623741437906051e+30,-6.623741437906051e+30,-6.623741437906051e+30,100
2017-12-05,-6.623741437906051e+30,-6.623741437906051e+30,-6.623741437906051e+30,-6.623741437906051e+30,0
2017-12-06,-6.623741437906051e+30,-6.623741437906051e+30,-6.623741437906051e+30,-6.623741437906051e+30,0
2017-12-07,-6.623741437906051e+30,-6.623741437906051e+30,-6.623741437906051e+30,-6.623741437906051e+30,0
2017-12-08,-6.623741437906051e+30,-6.623741437906051e+30,-6.623741437906051e+30,-6.623741437906051e+30,0
2017-12-11,-6.623741437906051e+30,-6.623741437906051e+30,-6.623741437906051e+30,-6.623741437906051e+30,0
2017-12-12,-6.623741437906051e+30,-6.623741437906051e+30,-6.623741437906051e+30,-6.623741437906051e+30,0
2017-12-13,-6.623741437906051e+30,-6.623741437906051e+30,-6.623741437906051e+30,-6.623741437906051e+30,0
2017-12-14,-6.623741437906051e+30,-6.623741437906051e+30,-6.623741437906051e+30,-6.623741437906051e+30,0
2017-12-15,-6.623741437906051e+30,-6.623741437906051e+30,-6.623741437906051e+30,-6.623741437906051e+30,0
2017-12-18,-6.623741437906051e+30,-6.623741437906051e+30,-6.623741437906051e+30,-6.623741437906051e+30,0
2017-12-19,-6.623741437906051e+30,-6.623741437906051e+30,-6.623741437906051e+30,-6.623741437906051e+30,0
2017-12-20,-6.623741437906051e+30,-6.623741437906051e+30,-6.623741437906051e+30,-6.623741437906051e+30,0
2017-12-21,-6.623741437906051e+30,-6.623741437906051e+30,-6.623741437906051e+30,-6.623741437906051e+30,0
2017-12-22,-6.623741437906051e+30,-6.623741437906051e+30,-6.623741437906051e+30,-6.623741437906051e+30,0
2017-12-26,-6.623741437906051e+30,-6.623741437906051e+30,-6.623741437906051e+30,-6.623741437906051e+30,0
2017-12-27,7.85750781191494e+29,7.85750781191494e+29,7.85750781191494e+29,7.85750781191494e+29,0
2017-12-28,7.85750781191494e+29,7.85750781191494e+29,7.85750781191494e+29,7.85750781191494e+29,0
2017-12-29,7.85750781191494e+29,7.85750781191494e+29,7.85750781191494e+29,7.85750781191494e+29,0
2018-01-02,7.85750781191494e+29,7.85750781191494e+29,7.85750781191494e+29,7.85750781191494e+29,0
2018-01-03,7.85750781191494e+29,7.85750781191494e+29,7.85750781191494e+29,7.85750781191494e+29,0
2018-01-04,7.85750781191494e+29,7.85750781191494e+29,7.85750781191494e+29,7.85750781191494e+29,0
2018-01-05,7.85750781191494e+29,7.85750781191494e+29,7.85750781191494e+29,7.85750781191494e+29,0
2018-01-08,7.85750781191494e+29,7.85750781191494e+29,7.85750781191494e+29,7.85750781191494e+29,0
2018-01-09,7.85750781191494e+29,7.85750781191494e+29,7.85750781191494e+29,7.85750781191494e+29,0
2018-01-10,7.85750781191494e+29,7.85750781191494e+29,7.85750781191494e+29,7.85750781191494e+29,0
2018-01-11,7.85750781191494e+29,7.85750781191494e+29,7.85750781191494e+29,7.85750781191494e+29,0
2018-01-12,7.85750781191494e+29,7.85750781191494e+29,7.85750781191494e+29,7.85750781191494e+29,0
2018-01-16,7.85750781191494e+29,7.85750781191494e+29,7.85750781191494e+29,7.85750781191494e+29,0
2018-01-17,7.85750781191494e+29,7.85750781191494e+29,7.85750781191494e+29,7.85750781191494e+29,0
2018-01-18,7.85750781191494e+29,7.85750781191494e+29,7.85750781191494e+29,7.85750781191494e+29,0
2018-01-19,7.616268931346752e+29,7.616268931346752e+29,7.616268931346752e+29,7.616268931346752e+29,1750
2018-01-22,7.616268931346752e+29,7.616268931346752e+29,7.616268931346752e+29,7.616268931346752e+29,0
2018-01-23,7.616268931346752e+29,7.616268931346752e+29,7.616268931346752e+29,7.616268931346752e+29,0
2018-01-24,7.616268931346752e+29,7.616268931346752e+29,7.616268931346752e+29,7.616268931346752e+29,0
2018-01-25,7.616268931346752e+29,7.616268931346752e+29,7.616268931346752e+29,7.616268931346752e+29,0
2018-01-26,7.616268931346752e+29,7.616268931346752e+29,7.616268931346752e+29,7.616268931346752e+29,0
2018-01-29,7.616268931346752e+29,7.616268931346752e+29,7.616268931346752e+29,7.616268931346752e+29,0
2018-01-30,7.616268931346752e+29,7.616268931346752e+29,7.616268931346752e+29,7.616268931346752e+29,0
2018-01-31,7.616268931346752e+29,7.616268931346752e+29,7.616268931346752e+29,7.616268931346752e+29,0
2018-02-01,7.616268931346752e+29,7.616268931346752e+29,7.616268931346752e+29,7.616268931346752e+29,0
2018-02-02,7.616268931346752e+29,7.616268931346752e+29,7.616268931346752e+29,7.616268931346752e+29,0
2018-02-05,7.616268931346752e+29,7.616268931346752e+29,7.616268931346752e+29,7.616268931346752e+29,0
2018-02-06,7.616268931346752e+29,7.616268931346752e+29,7.616268931346752e+29,7.616268931346752e+29,0
2018-02-07,7.616268931346752e+29,7.616268931346752e+29,7.616268931346752e+29,7.616268931346752e+29,0
2018-02-08,7.616268931346752e+29,7.616268931346752e+29,7.616268931346752e+29,7.616268931346752e+29,0
2018-02-09,7.616268931346752e+29,7.616268931346752e+29,7.616268931346752e+29,7.616268931346752e+29,0
2018-02-12,7.616268931346752e+29,7.616268931346752e+29,7.616268931346752e+29,7.616268931346752e+29,0
2018-02-13,7.616268931346752e+29,7.616268931346752e+29,7.616268931346752e+29,7.616268931346752e+29,0
2018-02-14,7.616268931346752e+29,7.616268931346752e+29,7.616268931346752e+29,7.616268931346752e+29,0
2018-02-15,7.616268931346752e+29,7.616268931346752e+29,7.616268931346752e+29,7.616268931346752e+29,0
2018-02-16,7.616268931346752e+29,7.616268931346752e+29,7.616268931346752e+29,7.616268931346752e+29,0
2018-02-20,7.616268931346752e+29,7.616268931346752e+29,7.616268931346752e+29,7.616268931346752e+29,0
2018-02-21,7.616268931346752e+29,7.616268931346752e+29,7.616268931346752e+29,7.616268931346752e+29,0
2018-02-22,7.616268931346752e+29,7.616268931346752e+29,7.616268931346752e+29,7.616268931346752e+29,0
2018-02-23,7.616268931346752e+29,7.616268931346752e+29,7.616268931346752e+29,7.616268931346752e+29,0
2018-02-26,7.616268931346752e+29,7.616268931346752e+29,7.616268931346752e+29,7.616268931346752e+29,0
2018-02-27,7.616268931346752e+29,7.616268931346752e+29,7.616268931346752e+29,7.616268931346752e+29,0
2018-02-28,7.616268931346752e+29,7.616268931346752e+29,7.616268931346752e+29,7.616268931346752e+29,0
2018-03-01,7.616268931346752e+29,7.616268931346752e+29,7.616268931346752e+29,7.616268931346752e+29,0
2018-03-02,7.616268931346752e+29,7.616268931346752e+29,7.616268931346752e+29,7.616268931346752e+29,0
2018-03-05,7.616268931346752e+29,7.616268931346752e+29,7.616268931346752e+29,7.616268931346752e+29,0
2018-03-06,7.616268931346752e+29,7.616268931346752e+29,7.616268931346752e+29,7.616268931346752e+29,0
2018-03-07,7.616268931346752e+29,7.616268931346752e+29,7.616268931346752e+29,7.616268931346752e+29,0
2018-03-08,7.616268931346752e+29,7.616268931346752e+29,7.616268931346752e+29,7.616268931346752e+29,0
2018-03-09,7.616268931346752e+29,7.616268931346752e+29,7.616268931346752e+29,7.616268931346752e+29,0
2018-03-12,7.616268931346752e+29,7.616268931346752e+29,7.616268931346752e+29,7.616268931346752e+29,0
2018-03-13,7.616268931346752e+29,7.616268931346752e+29,7.616268931346752e+29,7.616268931346752e+29,0
2018-03-14,7.616268931346752e+29,7.616268931346752e+29,7.616268931346752e+29,7.616268931346752e+29,0
2018-03-15,7.616268931346752e+29,7.616268931346752e+29,7.616268931346752e+29,7.616268931346752e+29,0
2018-03-16,7.616268931346752e+29,7.616268931346752e+29,7.616268931346752e+29,7.616268931346752e+29,0
2018-03-19,7.616268931346752e+29,7.616268931346752e+29,7.616268931346752e+29,7.616268931346752e+29,0
2018-03-20,7.616268931346752e+29,7.616268931346752e+29,7.616268931346752e+29,7.616268931346752e+29,0
2018-03-21,7.616268931346752e+29,7.616268931346752e+29,7.616268931346752e+29,7.616268931346752e+29,0
2018-03-22,7.616268931346752e+29,7.616268931346752e+29,7.616268931346752e+29,7.616268931346752e+29,0
2018-03-23,7.616268931346752e+29,7.616268931346752e+29,7.616268931346752e+29,7.616268931346752e+29,0
2018-03-26,7.616268931346752e+29,7.616268931346752e+29,7.616268931346752e+29,7.616268931346752e+29,0
2018-03-27,7.616268931346752e+29,7.616268931346752e+29,7.616268931346752e+29,7.616268931346752e+29,0
2018-03-28,7.616268931346752e+29,7.616268931346752e+29,7.616268931346752e+29,7.616268931346752e+29,0
2018-03-29,-1.0866336226749734e+29,-1.0866336226749734e+29,-1.0866336226749734e+29,-1.0866336226749734e+29,0
2018-04-02,-1.0866336226749734e+29,-1.0866336226749734e+29,-1.0866336226749734e+29,-1.0866336226749734e+29,0
2018-04-03,-1.0866336226749734e+29,-1.0866336226749734e+29,-1.0866336226749734e+29,-1.0866336226749734e+29,0
2018-04-04,-1.0866336226749734e+29,-1.0866336226749734e+29,-1.0866336226749734e+29,-1.0866336226749734e+29,0
2018-04-05,-1.0866336226749734e+29,-1.0866336226749734e+29,-1.0866336226749734e+29,-1.0866336226749734e+29,0
2018-04-06,-1.0866336226749734e+29,-1.0866336226749734e+29,-1.0866336226749734e+29,-1.0866336226749734e+29,0
2018-04-09,-1.0866336226749734e+29,-1.0866336226749734e+29,-1.0866336226749734e+29,-1.0866336226749734e+29,0
2018-04-10,-1.0866336226749734e+29,-1.0866336226749734e+29,-1.0866336226749734e+29,-1.0866336226749734e+29,0
2018-04-11,-1.0866336226749734e+29,-1.0866336226749734e+29,-1.0866336226749734e+29,-1.0866336226749734e+29,0
2018-04-12,-1.0866336226749734e+29,-1.0866336226749734e+29,-1.0866336226749734e+29,-1.0866336226749734e+29,0
2018-04-13,-1.0866336226749734e+29,-1.0866336226749734e+29,-1.0866336226749734e+29,-1.0866336226749734e+29,0
2018-04-16,-1.0866336226749734e+29,-1.0866336226749734e+29,-1.0866336226749734e+29,-1.0866336226749734e+29,0
2018-04-17,-1.0866336226749734e+29,-1.0866336226749734e+29,-1.0866336226749734e+29,-1.0866336226749734e+29,0
2018-04-18,-1.0866336226749734e+29,-1.0866336226749734e+29,-1.0866336226749734e+29,-1.0866336226749734e+29,0
2018-04-19,-1.0866336226749734e+29,-1.0866336226749734e+29,-1.0866336226749734e+29,-1.0866336226749734e+29,0
2018-04-20,-1.0866336226749734e+29,-1.0866336226749734e+29,-1.0866336226749734e+29,-1.0866336226749734e+29,0
2018-04-23,-1.0866336226749734e+29,-1.0866336226749734e+29,-1.0866336226749734e+29,-1.0866336226749734e+29,0
2018-04-24,-1.0866336226749734e+29,-1.0866336226749734e+29,-1.0866336226749734e+29,-1.0866336226749734e+29,0
2018-04-25,-1.0866336226749734e+29,-1.0866336226749734e+29,-1.0866336226749734e+29,-1.0866336226749734e+29,0
2018-04-26,-1.0866336226749734e+29,-1.0866336226749734e+29,-1.0866336226749734e+29,-1.0866336226749734e+29,0
2018-04-27,-1.0866336226749734e+29,-1.0866336226749734e+29,-1.0866336226749734e+29,-1.0866336226749734e+29,0
2018-04-30,-1.0866336226749734e+29,-1.0866336226749734e+29,-1.0866336226749734e+29,-1.0866336226749734e+29,0
2018-05-01,-1.0866336226749734e+29,-1.0866336226749734e+29,-1.0866336226749734e+29,-1.0866336226749734e+29,0
2018-05-02,-1.0866336226749734e+29,-1.0866336226749734e+29,-1.0866336226749734e+29,-1.0866336226749734e+29,0
2018-05-03,-1.0866336226749734e+29,-1.0866336226749734e+29,-1.0866336226749734e+29,-1.0866336226749734e+29,0
2018-05-04,-1.0866336226749734e+29,-1.0866336226749734e+29,-1.0866336226749734e+29,-1.0866336226749734e+29,0
2018-05-07,-1.0866336226749734e+29,-1.0866336226749734e+29,-1.0866336226749734e+29,-1.0866336226749734e+29,0
2018-05-08,-1.0866336226749734e+29,-1.0866336226749734e+29,-1.0866336226749734e+29,-1.0866336226749734e+29,0
2018-05-09,-1.0866336226749734e+29,-1.0866336226749734e+29,-1.0866336226749734e+29,-1.0866336226749734e+29,0
2018-05-10,-1.0866336226749734e+29,-1.0866336226749734e+29,-1.0866336226749734e+29,-1.0866336226749734e+29,0
2018-05-11,-1.0866336226749734e+29,-1.0866336226749734e+29,-1.0866336226749734e+29,-1.0866336226749734e+29,0
2018-05-14,-1.0866336226749734e+29,-1.0866336226749734e+29,-1.0866336226749734e+29,-1.0866336226749734e+29,0
2018-05-15,-1.0866336226749734e+29,-1.0866336226749734e+29,-1.0866336226749734e+29,-1.0866336226749734e+29,0
2018-05-16,-1.0866336226749734e+29,-1.0866336226749734e+29,-1.0866336226749734e+29,-1.0866336226749734e+29,0
2018-05-17,-1.0866336226749734e+29,-1.0866336226749734e+29,-1.0866336226749734e+29,-1.0866336226749734e+29,0
2018-05-18,-1.0866336226749734e+29,-1.0866336226749734e+29,-1.0866336226749734e+29,-1.0866336226749734e+29,0
2018-05-21,-1.0866336226749734e+29,-1.0866336226749734e+29,-1.0866336226749734e+29,-1.0866336226749734e+29,0
2018-05-22,-1.0866336226749734e+29,-1.0866336226749734e+29,-1.0866336226749734e+29,-1.0866336226749734e+29,0
2018-05-23,-1.0866336226749734e+29,-1.0866336226749734e+29,-1.0866336226749734e+29,-1.0866336226749734e+29,0
2018-05-24,-1.0866336226749734e+29,-1.0866336226749734e+29,-1.0866336226749734e+29,-1.0866336226749734e+29,0
2018-05-25,-1.0866336226749734e+29,-1.0866336226749734e+29,-1.0866336226749734e+29,-1.0866336226749734e+29,0
2018-05-29,-1.0866336226749734e+29,-1.0866336226749734e+29,-1.0866336226749734e+29,-1.0866336226749734e+29,0
2018-05-30,-1.0866336226749734e+29,-1.0866336226749734e+29,-1.0866336226749734e+29,-1.0866336226749734e+29,0
2018-05-31,-1.0866336226749734e+29,-1.0866336226749734e+29,-1.0866336226749734e+29,-1.0866336226749734e+29,0
2018-06-01,-1.0866336226749734e+29,-1.0866336226749734e+29,-1.0866336226749734e+29,-1.0866336226749734e+29,0
2018-06-04,-1.0866336226749734e+29,-1.0866336226749734e+29,-1.0866336226749734e+29,-1.0866336226749734e+29,0
2018-06-05,-1.0866336226749734e+29,-1.0866336226749734e+29,-1.0866336226749734e+29,-1.0866336226749734e+29,0
2018-06-06,-1.0866336226749734e+29,-1.0866336226749734e+29,-1.0866336226749734e+29,-1.0866336226749734e+29,0
2018-06-07,-1.0866336226749734e+29,-1.0866336226749734e+29,-1.0866336226749734e+29,-1.0866336226749734e+29,0
2018-06-08,-1.0866336226749734e+29,-1.0866336226749734e+29,-1.0866336226749734e+29,-1.0866336226749734e+29,0
2018-06-11,-1.0866336226749734e+29,-1.0866336226749734e+29,-1.0866336226749734e+29,-1.0866336226749734e+29,0
2018-06-12,-1.0866336226749734e+29,-1.0866336226749734e+29,-1.0866336226749734e+29,-1.0866336226749734e+29,0
2018-06-13,-1.0866336226749734e+29,-1.0866336226749734e+29,-1.0866336226749734e+29,-1.0866336226749734e+29,0
2018-06-14,-1.0866336226749734e+29,-1.0866336226749734e+29,-1.0866336226749734e+29,-1.0866336226749734e+29,0
2018-06-15,-1.0866336226749734e+29,-1.0866336226749734e+29,-1.0866336226749734e+29,-1.0866336226749734e+29,0
2018-06-18,-1.0866336226749734e+29,-1.0866336226749734e+29,-1.0866336226749734e+29,-1.0866336226749734e+29,0
2018-06-19,-1.0866336226749734e+29,-1.0866336226749734e+29,-1.0866336226749734e+29,-1.0866336226749734e+29,0
2018-06-20,-1.0866336226749734e+29,-1.0866336226749734e+29,-1.0866336226749734e+29,-1.0866336226749734e+29,0
2018-06-21,-1.0866336226749734e+29,-1.0866336226749734e+29,-1.0866336226749734e+29,-1.0866336226749734e+29,0
2018-06-22,-1.0866336226749734e+29,-1.0866336226749734e+29,-1.0866336226749734e+29,-1.0866336226749734e+29,0
2018-06-25,-1.0866336226749734e+29,-1.0866336226749734e+29,-1.0866336226749734e+29,-1.0866336226749734e+29,0
2018-06-26,-1.0866336226749734e+29,-1.0866336226749734e+29,-1.0866336226749734e+29,-1.0866336226749734e+29,0
2018-06-27,-1.0866336226749734e+29,-1.0866336226749734e+29,-1.0866336226749734e+29,-1.0866336226749734e+29,0
2018-06-28,1.5503295406120143e+28,1.5503295406120143e+28,1.5503295406120143e+28,1.5503295406120143e+28,0
2018-06-29,1.5503295406120143e+28,1.5503295406120143e+28,1.5503295406120143e+28,1.5503295406120143e+28,0
2018-07-02,1.5503295406120143e+28,1.5503295406120143e+28,1.5503295406120143e+28,1.5503295406120143e+28,0
2018-07-03,1.5503295406120143e+28,1.5503295406120143e+28,1.5503295406120143e+28,1.5503295406120143e+28,0
2018-07-05,1.5503295406120143e+28,1.5503295406120143e+28,1.5503295406120143e+28,1.5503295406120143e+28,0
2018-07-06,1.5503295406120143e+28,1.5503295406120143e+28,1.5503295406120143e+28,1.5503295406120143e+28,0
2018-07-09,1.5503295406120143e+28,1.5503295406120143e+28,1.5503295406120143e+28,1.5503295406120143e+28,0
2018-07-10,1.5503295406120143e+28,1.5503295406120143e+28,1.5503295406120143e+28,1.5503295406120143e+28,0
2018-07-11,1.5503295406120143e+28,1.5503295406120143e+28,1.5503295406120143e+28,1.5503295406120143e+28,0
2018-07-12,1.5503295406120143e+28,1.5503295406120143e+28,1.5503295406120143e+28,1.5503295406120143e+28,0
2018-07-13,1.5503295406120143e+28,1.5503295406120143e+28,1.5503295406120143e+28,1.5503295406120143e+28,0
2018-07-16,1.5503295406120143e+28,1.5503295406120143e+28,1.5503295406120143e+28,1.5503295406120143e+28,0
2018-07-17,1.5503295406120143e+28,1.5503295406120143e+28,1.5503295406120143e+28,1.5503295406120143e+28,0
2018-07-18,1.5503295406120143e+28,1.5503295406120143e+28,1.5503295406120143e+28,1.5503295406120143e+28,0
2018-07-19,1.5503295406120143e+28,1.5503295406120143e+28,1.5503295406120143e+28,1.5503295406120143e+28,0
2018-07-20,1.5503295406120143e+28,1.5503295406120143e+28,1.5503295406120143e+28,1.5503295406120143e+28,0
2018-07-23,1.5503295406120143e+28,1.5503295406120143e+28,1.5503295406120143e+28,1.5503295406120143e+28,0
2018-07-24,1.5503295406120143e+28,1.5503295406120143e+28,1.5503295406120143e+28,1.5503295406120143e+28,0
2018-07-25,1.5503295406120143e+28,1.5503295406120143e+28,1.5503295406120143e+28,1.5503295406120143e+28,0
2018-07-26,1.5503295406120143e+28,1.5503295406120143e+28,1.5503295406120143e+28,1.5503295406120143e+28,0
2018-07-27,1.5503295406120143e+28,1.5503295406120143e+28,1.5503295406120143e+28,1.5503295406120143e+28,0
2018-07-30,1.5503295406120143e+28,1.5503295406120143e+28,1.5503295406120143e+28,1.5503295406120143e+28,0
2018-07-31,1.5503295406120143e+28,1.5503295406120143e+28,1.5503295406120143e+28,1.5503295406120143e+28,0
2018-08-01,1.5503295406120143e+28,1.5503295406120143e+28,1.5503295406120143e+28,1.5503295406120143e+28,0
2018-08-02,1.5503295406120143e+28,1.5503295406120143e+28,1.5503295406120143e+28,1.5503295406120143e+28,0
2018-08-03,1.5503295406120143e+28,1.5503295406120143e+28,1.5503295406120143e+28,1.5503295406120143e+28,0
2018-08-06,1.5503295406120143e+28,1.5503295406120143e+28,1.5503295406120143e+28,1.5503295406120143e+28,0
2018-08-07,1.5503295406120143e+28,1.5503295406120143e+28,1.5503295406120143e+28,1.5503295406120143e+28,0
2018-08-08,1.5503295406120143e+28,1.5503295406120143e+28,1.5503295406120143e+28,1.5503295406120143e+28,0
2018-08-09,1.5503295406120143e+28,1.5503295406120143e+28,1.5503295406120143e+28,1.5503295406120143e+28,0
2018-08-10,1.5503295406120143e+28,1.5503295406120143e+28,1.5503295406120143e+28,1.5503295406120143e+28,0
2018-08-13,1.5503295406120143e+28,1.5503295406120143e+28,1.5503295406120143e+28,1.5503295406120143e+28,0
2018-08-14,1.5503295406120143e+28,1.5503295406120143e+28,1.5503295406120143e+28,1.5503295406120143e+28,0
2018-08-15,1.5503295406120143e+28,1.5503295406120143e+28,1.5503295406120143e+28,1.5503295406120143e+28,0
2018-08-16,1.5503295406120143e+28,1.5503295406120143e+28,1.5503295406120143e+28,1.5503295406120143e+28,0
2018-08-17,1.5503295406120143e+28,1.5503295406120143e+28,1.5503295406120143e+28,1.5503295406120143e+28,0
2018-08-20,1.5503295406120143e+28,1.5503295406120143e+28,1.5503295406120143e+28,1.5503295406120143e+28,0
2018-08-21,1.5503295406120143e+28,1.5503295406120143e+28,1.5503295406120143e+28,1.5503295406120143e+28,0
2018-08-22,1.5503295406120143e+28,1.5503295406120143e+28,1.5503295406120143e+28,1.5503295406120143e+28,0
2018-08-23,1.5503295406120143e+28,1.5503295406120143e+28,1.5503295406120143e+28,1.5503295406120143e+28,0
2018-08-24,1.5503295406120143e+28,1.5503295406120143e+28,1.5503295406120143e+28,1.5503295406120143e+28,0
2018-08-27,1.5503295406120143e+28,1.5503295406120143e+28,1.5503295406120143e+28,1.5503295406120143e+28,0
2018-08-28,1.5503295406120143e+28,1.5503295406120143e+28,1.5503295406120143e+28,1.5503295406120143e+28,0
2018-08-29,1.5503295406120143e+28,1.5503295406120143e+28,1.5503295406120143e+28,1.5503295406120143e+28,0
2018-08-30,1.5503295406120143e+28,1.5503295406120143e+28,1.5503295406120143e+28,1.5503295406120143e+28,0
2018-08-31,1.5503295406120143e+28,1.5503295406120143e+28,1.5503295406120143e+28,1.5503295406120143e+28,0
2018-09-04,1.5503295406120143e+28,1.5503295406120143e+28,1.5503295406120143e+28,1.5503295406120143e+28,0
2018-09-05,1.5503295406120143e+28,1.5503295406120143e+28,1.5503295406120143e+28,1.5503295406120143e+28,0
2018-09-06,1.5503295406120143e+28,1.5503295406120143e+28,1.5503295406120143e+28,1.5503295406120143e+28,0
2018-09-07,1.5503295406120143e+28,1.5503295406120143e+28,1.5503295406120143e+28,1.5503295406120143e+28,0
2018-09-10,1.5503295406120143e+28,1.5503295406120143e+28,1.5503295406120143e+28,1.5503295406120143e+28,0
2018-09-11,1.5503295406120143e+28,1.5503295406120143e+28,1.5503295406120143e+28,1.5503295406120143e+28,0
2018-09-12,1.5503295406120143e+28,1.5503295406120143e+28,1.5503295406120143e+28,1.5503295406120143e+28,0
2018-09-13,1.5503295406120143e+28,1.5503295406120143e+28,1.5503295406120143e+28,1.5503295406120143e+28,0
2018-09-14,1.5503295406120143e+28,1.5503295406120143e+28,1.5503295406120143e+28,1.5503295406120143e+28,0
2018-09-17,1.5503295406120143e+28,1.5503295406120143e+28,1.5503295406120143e+28,1.5503295406120143e+28,0
2018-09-18,1.5503295406120143e+28,1.5503295406120143e+28,1.5503295406120143e+28,1.5503295406120143e+28,0
2018-09-19,1.5503295406120143e+28,1.5503295406120143e+28,1.5503295406120143e+28,1.5503295406120143e+28,0
2018-09-20,1.5503295406120143e+28,1.5503295406120143e+28,1.5503295406120143e+28,1.5503295406120143e+28,0
2018-09-21,1.5503295406120143e+28,1.5503295406120143e+28,1.5503295406120143e+28,1.5503295406120143e+28,0
2018-09-24,1.5503295406120143e+28,1.5503295406120143e+28,1.5503295406120143e+28,1.5503295406120143e+28,0
2018-09-25,1.5503295406120143e+28,1.5503295406120143e+28,1.5503295406120143e+28,1.5503295406120143e+28,0
2018-09-26,1.5503295406120143e+28,1.5503295406120143e+28,1.5503295406120143e+28,1.5503295406120143e+28,0
2018-09-27,-2.2118971358472008e+27,-2.211897135847201e+27,-2.211897135847201e+27,-2.211897135847201e+27,0
2018-09-28,-2.2118971358472008e+27,-2.211897135847201e+27,-2.211897135847201e+27,-2.211897135847201e+27,0
2018-10-01,-2.2118971358472008e+27,-2.211897135847201e+27,-2.211897135847201e+27,-2.211897135847201e+27,0
2018-10-02,-2.2118971358472008e+27,-2.211897135847201e+27,-2.211897135847201e+27,-2.211897135847201e+27,0
2018-10-03,-2.2118971358472008e+27,-2.211897135847201e+27,-2.211897135847201e+27,-2.211897135847201e+27,0
2018-10-04,-2.2118971358472008e+27,-2.211897135847201e+27,-2.211897135847201e+27,-2.211897135847201e+27,0
2018-10-05,-2.2118971358472008e+27,-2.211897135847201e+27,-2.211897135847201e+27,-2.211897135847201e+27,0
2018-10-08,-2.2118971358472008e+27,-2.211897135847201e+27,-2.211897135847201e+27,-2.211897135847201e+27,0
2018-10-09,-2.2118971358472008e+27,-2.211897135847201e+27,-2.211897135847201e+27,-2.211897135847201e+27,0
2018-10-10,-2.2118971358472008e+27,-2.211897135847201e+27,-2.211897135847201e+27,-2.211897135847201e+27,0
2018-10-11,-2.2118971358472008e+27,-2.211897135847201e+27,-2.211897135847201e+27,-2.211897135847201e+27,0
2018-10-12,-2.2118971358472008e+27,-2.211897135847201e+27,-2.211897135847201e+27,-2.211897135847201e+27,0
2018-10-15,-2.2118971358472008e+27,-2.211897135847201e+27,-2.211897135847201e+27,-2.211897135847201e+27,0
2018-10-16,-2.2118971358472008e+27,-2.211897135847201e+27,-2.211897135847201e+27,-2.211897135847201e+27,0
2018-10-17,-2.2118971358472008e+27,-2.211897135847201e+27,-2.211897135847201e+27,-2.211897135847201e+27,0
2018-10-18,-2.2118971358472008e+27,-2.211897135847201e+27,-2.211897135847201e+27,-2.211897135847201e+27,0
2018-10-19,-2.2118971358472008e+27,-2.211897135847201e+27,-2.211897135847201e+27,-2.211897135847201e+27,0
2018-10-22,-2.2118971358472008e+27,-2.211897135847201e+27,-2.211897135847201e+27,-2.211897135847201e+27,0
2018-10-23,-2.2118971358472008e+27,-2.211897135847201e+27,-2.211897135847201e+27,-2.211897135847201e+27,0
2018-10-24,-2.2118971358472008e+27,-2.211897135847201e+27,-2.211897135847201e+27,-2.211897135847201e+27,0
2018-10-25,-2.2118971358472008e+27,-2.211897135847201e+27,-2.211897135847201e+27,-2.211897135847201e+27,0
2018-10-26,-2.2118971358472008e+27,-2.211897135847201e+27,-2.211897135847201e+27,-2.211897135847201e+27,0
2018-10-29,-2.2118971358472008e+27,-2.211897135847201e+27,-2.211897135847201e+27,-2.211897135847201e+27,0
2018-10-30,-2.2118971358472008e+27,-2.211897135847201e+27,-2.211897135847201e+27,-2.211897135847201e+27,0
2018-10-31,-2.2118971358472008e+27,-2.211897135847201e+27,-2.211897135847201e+27,-2.211897135847201e+27,0
2018-11-01,-2.2118971358472008e+27,-2.211897135847201e+27,-2.211897135847201e+27,-2.211897135847201e+27,0
2018-11-02,-2.2118971358472008e+27,-2.211897135847201e+27,-2.211897135847201e+27,-2.211897135847201e+27,0
2018-11-05,-2.2118971358472008e+27,-2.211897135847201e+27,-2.211897135847201e+27,-2.211897135847201e+27,0
2018-11-06,-2.2118971358472008e+27,-2.211897135847201e+27,-2.211897135847201e+27,-2.211897135847201e+27,0
2018-11-07,-2.2118971358472008e+27,-2.211897135847201e+27,-2.211897135847201e+27,-2.211897135847201e+27,0
2018-11-08,-2.2118971358472008e+27,-2.211897135847201e+27,-2.211897135847201e+27,-2.211897135847201e+27,0
2018-11-09,-2.2118971358472008e+27,-2.211897135847201e+27,-2.211897135847201e+27,-2.211897135847201e+27,0
2018-11-12,-2.2118971358472008e+27,-2.211897135847201e+27,-2.211897135847201e+27,-2.211897135847201e+27,0
2018-11-13,-2.2118971358472008e+27,-2.211897135847201e+27,-2.211897135847201e+27,-2.211897135847201e+27,0
2018-11-14,-2.2118971358472008e+27,-2.211897135847201e+27,-2.211897135847201e+27,-2.211897135847201e+27,0
2018-11-15,-2.2118971358472008e+27,-2.211897135847201e+27,-2.211897135847201e+27,-2.211897135847201e+27,0
2018-11-16,-2.2118971358472008e+27,-2.211897135847201e+27,-2.211897135847201e+27,-2.211897135847201e+27,0
2018-11-19,-2.2118971358472008e+27,-2.211897135847201e+27,-2.211897135847201e+27,-2.211897135847201e+27,0
2018-11-20,-2.2118971358472008e+27,-2.211897135847201e+27,-2.211897135847201e+27,-2.211897135847201e+27,0
2018-11-21,-2.2118971358472008e+27,-2.211897135847201e+27,-2.211897135847201e+27,-2.211897135847201e+27,0
2018-11-23,-2.2118971358472008e+27,-2.211897135847201e+27,-2.211897135847201e+27,-2.211897135847201e+27,0
2018-11-26,-2.2118971358472008e+27,-2.211897135847201e+27,-2.211897135847201e+27,-2.211897135847201e+27,0
2018-11-27,-2.2118971358472008e+27,-2.211897135847201e+27,-2.211897135847201e+27,-2.211897135847201e+27,0
2018-11-28,-2.2118971358472008e+27,-2.211897135847201e+27,-2.211897135847201e+27,-2.211897135847201e+27,0
2018-11-29,-2.2118971358472008e+27,-2.211897135847201e+27,-2.211897135847201e+27,-2.211897135847201e+27,0
2018-11-30,-2.2118971358472008e+27,-2.211897135847201e+27,-2.211897135847201e+27,-2.211897135847201e+27,0
2018-12-03,-2.2118971358472008e+27,-2.211897135847201e+27,-2.211897135847201e+27,-2.211897135847201e+27,0
2018-12-04,-2.2118971358472008e+27,-2.211897135847201e+27,-2.211897135847201e+27,-2.211897135847201e+27,0
2018-12-06,-2.2118971358472008e+27,-2.211897135847201e+27,-2.211897135847201e+27,-2.211897135847201e+27,0
2018-12-07,-2.2118971358472008e+27,-2.211897135847201e+27,-2.211897135847201e+27,-2.211897135847201e+27,0
2018-12-10,-2.2118971358472008e+27,-2.211897135847201e+27,-2.211897135847201e+27,-2.211897135847201e+27,0
2018-12-11,-2.2118971358472008e+27,-2.211897135847201e+27,-2.211897135847201e+27,-2.211897135847201e+27,0
2018-12-12,-2.2118971358472008e+27,-2.211897135847201e+27,-2.211897135847201e+27,-2.211897135847201e+27,0
2018-12-13,-2.2118971358472008e+27,-2.211897135847201e+27,-2.211897135847201e+27,-2.211897135847201e+27,0
2018-12-14,-2.2118971358472008e+27,-2.211897135847201e+27,-2.211897135847201e+27,-2.211897135847201e+27,0
2018-12-17,-2.2118971358472008e+27,-2.211897135847201e+27,-2.211897135847201e+27,-2.211897135847201e+27,0
2018-12-18,-2.2118971358472008e+27,-2.211897135847201e+27,-2.211897135847201e+27,-2.211897135847201e+27,0
2018-12-19,-2.2118971358472008e+27,-2.211897135847201e+27,-2.211897135847201e+27,-2.211897135847201e+27,0
2018-12-20,-2.2118971358472008e+27,-2.211897135847201e+27,-2.211897135847201e+27,-2.211897135847201e+27,0
2018-12-21,-2.2118971358472008e+27,-2.211897135847201e+27,-2.211897135847201e+27,-2.211897135847201e+27,0
2018-12-24,-2.2118971358472008e+27,-2.211897135847201e+27,-2.211897135847201e+27,-2.211897135847201e+27,0
2018-12-26,-2.2118971358472008e+27,-2.211897135847201e+27,-2.211897135847201e+27,-2.211897135847201e+27,0
2018-12-27,3.15577379093081e+26,3.15577379093081e+26,3.15577379093081e+26,3.15577379093081e+26,0
2018-12-28,3.15577379093081e+26,3.15577379093081e+26,3.15577379093081e+26,3.15577379093081e+26,0
2018-12-31,3.15577379093081e+26,3.15577379093081e+26,3.15577379093081e+26,3.15577379093081e+26,0
2019-01-02,3.15577379093081e+26,3.15577379093081e+26,3.15577379093081e+26,3.15577379093081e+26,0
2019-01-03,3.15577379093081e+26,3.15577379093081e+26,3.15577379093081e+26,3.15577379093081e+26,0
2019-01-04,3.15577379093081e+26,3.15577379093081e+26,3.15577379093081e+26,3.15577379093081e+26,0
2019-01-07,3.15577379093081e+26,3.15577379093081e+26,3.15577379093081e+26,3.15577379093081e+26,0
2019-01-08,3.15577379093081e+26,3.15577379093081e+26,3.15577379093081e+26,3.15577379093081e+26,0
2019-01-09,3.15577379093081e+26,3.15577379093081e+26,3.15577379093081e+26,3.15577379093081e+26,0
2019-01-10,3.15577379093081e+26,3.15577379093081e+26,3.15577379093081e+26,3.15577379093081e+26,0
2019-01-11,3.15577379093081e+26,3.15577379093081e+26,3.15577379093081e+26,3.15577379093081e+26,0
2019-01-14,3.15577379093081e+26,3.15577379093081e+26,3.15577379093081e+26,3.15577379093081e+26,0
2019-01-15,3.15577379093081e+26,3.15577379093081e+26,3.15577379093081e+26,3.15577379093081e+26,0
2019-01-16,3.15577379093081e+26,3.15577379093081e+26,3.15577379093081e+26,3.15577379093081e+26,0
2019-01-17,3.15577379093081e+26,3.15577379093081e+26,3.15577379093081e+26,3.15577379093081e+26,0
2019-01-18,3.15577379093081e+26,3.15577379093081e+26,3.15577379093081e+26,3.15577379093081e+26,0
2019-01-22,3.15577379093081e+26,3.15577379093081e+26,3.15577379093081e+26,3.15577379093081e+26,0
2019-01-23,3.15577379093081e+26,3.15577379093081e+26,3.15577379093081e+26,3.15577379093081e+26,0
2019-01-24,3.15577379093081e+26,3.15577379093081e+26,3.15577379093081e+26,3.15577379093081e+26,0
2019-01-25,3.15577379093081e+26,3.15577379093081e+26,3.15577379093081e+26,3.15577379093081e+26,0
2019-01-28,3.15577379093081e+26,3.15577379093081e+26,3.15577379093081e+26,3.15577379093081e+26,0
2019-01-29,3.15577379093081e+26,3.15577379093081e+26,3.15577379093081e+26,3.15577379093081e+26,0
2019-01-30,3.15577379093081e+26,3.15577379093081e+26,3.15577379093081e+26,3.15577379093081e+26,0
2019-01-31,3.15577379093081e+26,3.15577379093081e+26,3.15577379093081e+26,3.15577379093081e+26,0
2019-02-01,3.15577379093081e+26,3.15577379093081e+26,3.15577379093081e+26,3.15577379093081e+26,0
2019-02-04,3.15577379093081e+26,3.15577379093081e+26,3.15577379093081e+26,3.15577379093081e+26,0
2019-02-05,3.15577379093081e+26,3.15577379093081e+26,3.15577379093081e+26,3.15577379093081e+26,0
2019-02-06,3.15577379093081e+26,3.15577379093081e+26,3.15577379093081e+26,3.15577379093081e+26,0
2019-02-07,3.15577379093081e+26,3.15577379093081e+26,3.15577379093081e+26,3.15577379093081e+26,0
2019-02-08,3.15577379093081e+26,3.15577379093081e+26,3.15577379093081e+26,3.15577379093081e+26,0
2019-02-11,3.15577379093081e+26,3.15577379093081e+26,3.15577379093081e+26,3.15577379093081e+26,0
2019-02-12,3.15577379093081e+26,3.15577379093081e+26,3.15577379093081e+26,3.15577379093081e+26,0
2019-02-13,3.15577379093081e+26,3.15577379093081e+26,3.15577379093081e+26,3.15577379093081e+26,0
2019-02-14,3.15577379093081e+26,3.15577379093081e+26,3.15577379093081e+26,3.15577379093081e+26,0
2019-02-15,3.15577379093081e+26,3.15577379093081e+26,3.15577379093081e+26,3.15577379093081e+26,0
2019-02-19,3.15577379093081e+26,3.15577379093081e+26,3.15577379093081e+26,3.15577379093081e+26,0
2019-02-20,3.15577379093081e+26,3.15577379093081e+26,3.15577379093081e+26,3.15577379093081e+26,0
2019-02-21,3.15577379093081e+26,3.15577379093081e+26,3.15577379093081e+26,3.15577379093081e+26,0
2019-02-22,3.15577379093081e+26,3.15577379093081e+26,3.15577379093081e+26,3.15577379093081e+26,0
2019-02-25,3.15577379093081e+26,3.15577379093081e+26,3.15577379093081e+26,3.15577379093081e+26,0
2019-02-26,3.15577379093081e+26,3.15577379093081e+26,3.15577379093081e+26,3.15577379093081e+26,0
2019-02-27,3.15577379093081e+26,3.15577379093081e+26,3.15577379093081e+26,3.15577379093081e+26,0
2019-02-28,3.15577379093081e+26,3.15577379093081e+26,3.15577379093081e+26,3.15577379093081e+26,0
2019-03-01,3.15577379093081e+26,3.15577379093081e+26,3.15577379093081e+26,3.15577379093081e+26,0
2019-03-04,3.15577379093081e+26,3.15577379093081e+26,3.15577379093081e+26,3.15577379093081e+26,0
2019-03-05,3.15577379093081e+26,3.15577379093081e+26,3.15577379093081e+26,3.15577379093081e+26,0
2019-03-06,3.15577379093081e+26,3.15577379093081e+26,3.15577379093081e+26,3.15577379093081e+26,0
2019-03-07,3.15577379093081e+26,3.15577379093081e+26,3.15577379093081e+26,3.15577379093081e+26,0
2019-03-08,3.15577379093081e+26,3.15577379093081e+26,3.15577379093081e+26,3.15577379093081e+26,0
2019-03-11,3.15577379093081e+26,3.15577379093081e+26,3.15577379093081e+26,3.15577379093081e+26,0
2019-03-12,3.15577379093081e+26,3.15577379093081e+26,3.15577379093081e+26,3.15577379093081e+26,0
2019-03-13,3.15577379093081e+26,3.15577379093081e+26,3.15577379093081e+26,3.15577379093081e+26,0
2019-03-14,3.15577379093081e+26,3.15577379093081e+26,3.15577379093081e+26,3.15577379093081e+26,0
2019-03-15,3.15577379093081e+26,3.15577379093081e+26,3.15577379093081e+26,3.15577379093081e+26,0
2019-03-18,3.15577379093081e+26,3.15577379093081e+26,3.15577379093081e+26,3.15577379093081e+26,0
2019-03-19,3.15577379093081e+26,3.15577379093081e+26,3.15577379093081e+26,3.15577379093081e+26,0
2019-03-20,3.15577379093081e+26,3.15577379093081e+26,3.15577379093081e+26,3.15577379093081e+26,0
2019-03-21,3.15577379093081e+26,3.15577379093081e+26,3.15577379093081e+26,3.15577379093081e+26,0
2019-03-22,3.15577379093081e+26,3.15577379093081e+26,3.15577379093081e+26,3.15577379093081e+26,0
2019-03-25,3.15577379093081e+26,3.15577379093081e+26,3.15577379093081e+26,3.15577379093081e+26,0
2019-03-26,3.15577379093081e+26,3.15577379093081e+26,3.15577379093081e+26,3.15577379093081e+26,0
2019-03-27,3.15577379093081e+26,3.15577379093081e+26,3.15577379093081e+26,3.15577379093081e+26,0
2019-03-28,-4.50242687561601e+25,-4.50242687561601e+25,-4.50242687561601e+25,-4.50242687561601e+25,0
2019-03-29,-4.50242687561601e+25,-4.50242687561601e+25,-4.50242687561601e+25,-4.50242687561601e+25,0
2019-04-01,-4.50242687561601e+25,-4.50242687561601e+25,-4.50242687561601e+25,-4.50242687561601e+25,0
2019-04-02,-4.50242687561601e+25,-4.50242687561601e+25,-4.50242687561601e+25,-4.50242687561601e+25,0
2019-04-03,-4.50242687561601e+25,-4.50242687561601e+25,-4.50242687561601e+25,-4.50242687561601e+25,0
2019-04-04,-4.50242687561601e+25,-4.50242687561601e+25,-4.50242687561601e+25,-4.50242687561601e+25,0
2019-04-05,-4.50242687561601e+25,-4.50242687561601e+25,-4.50242687561601e+25,-4.50242687561601e+25,0
2019-04-08,-4.50242687561601e+25,-4.50242687561601e+25,-4.50242687561601e+25,-4.50242687561601e+25,0
2019-04-09,-4.50242687561601e+25,-4.50242687561601e+25,-4.50242687561601e+25,-4.50242687561601e+25,0
2019-04-10,-4.50242687561601e+25,-4.50242687561601e+25,-4.50242687561601e+25,-4.50242687561601e+25,0
2019-04-11,-4.50242687561601e+25,-4.50242687561601e+25,-4.50242687561601e+25,-4.50242687561601e+25,0
2019-04-12,-4.50242687561601e+25,-4.50242687561601e+25,-4.50242687561601e+25,-4.50242687561601e+25,0
2019-04-15,-4.50242687561601e+25,-4.50242687561601e+25,-4.50242687561601e+25,-4.50242687561601e+25,0
2019-04-16,-4.50242687561601e+25,-4.50242687561601e+25,-4.50242687561601e+25,-4.50242687561601e+25,0
2019-04-17,-4.50242687561601e+25,-4.50242687561601e+25,-4.50242687561601e+25,-4.50242687561601e+25,0
2019-04-18,-4.50242687561601e+25,-4.50242687561601e+25,-4.50242687561601e+25,-4.50242687561601e+25,0
2019-04-22,-4.50242687561601e+25,-4.50242687561601e+25,-4.50242687561601e+25,-4.50242687561601e+25,0
2019-04-23,-4.50242687561601e+25,-4.50242687561601e+25,-4.50242687561601e+25,-4.50242687561601e+25,0
2019-04-24,-4.50242687561601e+25,-4.50242687561601e+25,-4.50242687561601e+25,-4.50242687561601e+25,0
2019-04-25,-4.50242687561601e+25,-4.50242687561601e+25,-4.50242687561601e+25,-4.50242687561601e+25,0
2019-04-26,-4.50242687561601e+25,-4.50242687561601e+25,-4.50242687561601e+25,-4.50242687561601e+25,0
2019-04-29,-4.50242687561601e+25,-4.50242687561601e+25,-4.50242687561601e+25,-4.50242687561601e+25,0
2019-04-30,-4.50242687561601e+25,-4.50242687561601e+25,-4.50242687561601e+25,-4.50242687561601e+25,0
2019-05-01,-4.50242687561601e+25,-4.50242687561601e+25,-4.50242687561601e+25,-4.50242687561601e+25,0
2019-05-02,-4.50242687561601e+25,-4.50242687561601e+25,-4.50242687561601e+25,-4.50242687561601e+25,0
2019-05-03,-4.50242687561601e+25,-4.50242687561601e+25,-4.50242687561601e+25,-4.50242687561601e+25,0
2019-05-06,-4.50242687561601e+25,-4.50242687561601e+25,-4.50242687561601e+25,-4.50242687561601e+25,0
2019-05-07,-4.50242687561601e+25,-4.50242687561601e+25,-4.50242687561601e+25,-4.50242687561601e+25,0
2019-05-08,-4.50242687561601e+25,-4.50242687561601e+25,-4.50242687561601e+25,-4.50242687561601e+25,0
2019-05-09,-4.50242687561601e+25,-4.50242687561601e+25,-4.50242687561601e+25,-4.50242687561601e+25,0
2019-05-10,-4.50242687561601e+25,-4.50242687561601e+25,-4.50242687561601e+25,-4.50242687561601e+25,0
2019-05-13,-4.50242687561601e+25,-4.50242687561601e+25,-4.50242687561601e+25,-4.50242687561601e+25,0
2019-05-14,-4.50242687561601e+25,-4.50242687561601e+25,-4.50242687561601e+25,-4.50242687561601e+25,0
2019-05-15,-4.50242687561601e+25,-4.50242687561601e+25,-4.50242687561601e+25,-4.50242687561601e+25,0
2019-05-16,-4.50242687561601e+25,-4.50242687561601e+25,-4.50242687561601e+25,-4.50242687561601e+25,0
2019-05-17,-4.50242687561601e+25,-4.50242687561601e+25,-4.50242687561601e+25,-4.50242687561601e+25,0
2019-05-20,-4.50242687561601e+25,-4.50242687561601e+25,-4.50242687561601e+25,-4.50242687561601e+25,0
2019-05-21,-4.50242687561601e+25,-4.50242687561601e+25,-4.50242687561601e+25,-4.50242687561601e+25,0
2019-05-22,-4.50242687561601e+25,-4.50242687561601e+25,-4.50242687561601e+25,-4.50242687561601e+25,0
2019-05-23,-4.50242687561601e+25,-4.50242687561601e+25,-4.50242687561601e+25,-4.50242687561601e+25,0
2019-05-24,-4.50242687561601e+25,-4.50242687561601e+25,-4.50242687561601e+25,-4.50242687561601e+25,0
2019-05-28,-4.50242687561601e+25,-4.50242687561601e+25,-4.50242687561601e+25,-4.50242687561601e+25,0
2019-05-29,-4.50242687561601e+25,-4.50242687561601e+25,-4.50242687561601e+25,-4.50242687561601e+25,0
2019-05-30,-4.50242687561601e+25,-4.50242687561601e+25,-4.50242687561601e+25,-4.50242687561601e+25,0
2019-05-31,-4.50242687561601e+25,-4.50242687561601e+25,-4.50242687561601e+25,-4.50242687561601e+25,0
2019-06-03,-4.50242687561601e+25,-4.50242687561601e+25,-4.50242687561601e+25,-4.50242687561601e+25,0
2019-06-04,-4.50242687561601e+25,-4.50242687561601e+25,-4.50242687561601e+25,-4.50242687561601e+25,0
2019-06-05,-4.50242687561601e+25,-4.50242687561601e+25,-4.50242687561601e+25,-4.50242687561601e+25,0
2019-06-06,-4.50242687561601e+25,-4.50242687561601e+25,-4.50242687561601e+25,-4.50242687561601e+25,0
2019-06-07,-4.50242687561601e+25,-4.50242687561601e+25,-4.50242687561601e+25,-4.50242687561601e+25,0
2019-06-10,-4.50242687561601e+25,-4.50242687561601e+25,-4.50242687561601e+25,-4.50242687561601e+25,0
2019-06-11,-4.50242687561601e+25,-4.50242687561601e+25,-4.50242687561601e+25,-4.50242687561601e+25,0
2019-06-12,-4.50242687561601e+25,-4.50242687561601e+25,-4.50242687561601e+25,-4.50242687561601e+25,0
2019-06-13,-4.50242687561601e+25,-4.50242687561601e+25,-4.50242687561601e+25,-4.50242687561601e+25,0
2019-06-14,-4.50242687561601e+25,-4.50242687561601e+25,-4.50242687561601e+25,-4.50242687561601e+25,0
2019-06-17,-4.50242687561601e+25,-4.50242687561601e+25,-4.50242687561601e+25,-4.50242687561601e+25,0
2019-06-18,-4.50242687561601e+25,-4.50242687561601e+25,-4.50242687561601e+25,-4.50242687561601e+25,0
2019-06-19,-4.50242687561601e+25,-4.50242687561601e+25,-4.50242687561601e+25,-4.50242687561601e+25,0
2019-06-20,-4.50242687561601e+25,-4.50242687561601e+25,-4.50242687561601e+25,-4.50242687561601e+25,0
2019-06-21,-4.50242687561601e+25,-4.50242687561601e+25,-4.50242687561601e+25,-4.50242687561601e+25,0
2019-06-24,-4.50242687561601e+25,-4.50242687561601e+25,-4.50242687561601e+25,-4.50242687561601e+25,0
2019-06-25,-4.50242687561601e+25,-4.50242687561601e+25,-4.50242687561601e+25,-4.50242687561601e+25,0
2019-06-26,-4.50242687561601e+25,-4.50242687561601e+25,-4.50242687561601e+25,-4.50242687561601e+25,0
2019-06-27,6.423733323678722e+24,6.423733323678722e+24,6.423733323678722e+24,6.423733323678722e+24,0
2019-06-28,6.423733323678722e+24,6.423733323678722e+24,6.423733323678722e+24,6.423733323678722e+24,0
2019-07-01,6.423733323678722e+24,6.423733323678722e+24,6.423733323678722e+24,6.423733323678722e+24,0
2019-07-02,6.423733323678722e+24,6.423733323678722e+24,6.423733323678722e+24,6.423733323678722e+24,0
2019-07-03,6.423733323678722e+24,6.423733323678722e+24,6.423733323678722e+24,6.423733323678722e+24,0
2019-07-05,6.423733323678722e+24,6.423733323678722e+24,6.423733323678722e+24,6.423733323678722e+24,0
2019-07-08,6.423733323678722e+24,6.423733323678722e+24,6.423733323678722e+24,6.423733323678722e+24,0
2019-07-09,6.423733323678722e+24,6.423733323678722e+24,6.423733323678722e+24,6.423733323678722e+24,0
2019-07-10,6.423733323678722e+24,6.423733323678722e+24,6.423733323678722e+24,6.423733323678722e+24,0
2019-07-11,6.423733323678722e+24,6.423733323678722e+24,6.423733323678722e+24,6.423733323678722e+24,0
2019-07-12,6.423733323678722e+24,6.423733323678722e+24,6.423733323678722e+24,6.423733323678722e+24,0
2019-07-15,6.423733323678722e+24,6.423733323678722e+24,6.423733323678722e+24,6.423733323678722e+24,0
2019-07-16,6.423733323678722e+24,6.423733323678722e+24,6.423733323678722e+24,6.423733323678722e+24,0
2019-07-17,6.423733323678722e+24,6.423733323678722e+24,6.423733323678722e+24,6.423733323678722e+24,0
2019-07-18,6.423733323678722e+24,6.423733323678722e+24,6.423733323678722e+24,6.423733323678722e+24,0
2019-07-19,6.423733323678722e+24,6.423733323678722e+24,6.423733323678722e+24,6.423733323678722e+24,0
2019-07-22,6.423733323678722e+24,6.423733323678722e+24,6.423733323678722e+24,6.423733323678722e+24,0
2019-07-23,6.423733323678722e+24,6.423733323678722e+24,6.423733323678722e+24,6.423733323678722e+24,0
2019-07-24,6.423733323678722e+24,6.423733323678722e+24,6.423733323678722e+24,6.423733323678722e+24,0
2019-07-25,6.423733323678722e+24,6.423733323678722e+24,6.423733323678722e+24,6.423733323678722e+24,0
2019-07-26,6.423733323678722e+24,6.423733323678722e+24,6.423733323678722e+24,6.423733323678722e+24,0
2019-07-29,6.423733323678722e+24,6.423733323678722e+24,6.423733323678722e+24,6.423733323678722e+24,0
2019-07-30,6.423733323678722e+24,6.423733323678722e+24,6.423733323678722e+24,6.423733323678722e+24,0
2019-07-31,6.423733323678722e+24,6.423733323678722e+24,6.423733323678722e+24,6.423733323678722e+24,0
2019-08-01,6.423733323678722e+24,6.423733323678722e+24,6.423733323678722e+24,6.423733323678722e+24,0
2019-08-02,6.423733323678722e+24,6.423733323678722e+24,6.423733323678722e+24,6.423733323678722e+24,0
2019-08-05,6.423733323678722e+24,6.423733323678722e+24,6.423733323678722e+24,6.423733323678722e+24,0
2019-08-06,6.423733323678722e+24,6.423733323678722e+24,6.423733323678722e+24,6.423733323678722e+24,0
2019-08-07,6.423733323678722e+24,6.423733323678722e+24,6.423733323678722e+24,6.423733323678722e+24,0
2019-08-08,6.423733323678722e+24,6.423733323678722e+24,6.423733323678722e+24,6.423733323678722e+24,0
2019-08-09,6.423733323678722e+24,6.423733323678722e+24,6.423733323678722e+24,6.423733323678722e+24,0
2019-08-12,6.423733323678722e+24,6.423733323678722e+24,6.423733323678722e+24,6.423733323678722e+24,0
2019-08-13,6.423733323678722e+24,6.423733323678722e+24,6.423733323678722e+24,6.423733323678722e+24,0
2019-08-14,6.423733323678722e+24,6.423733323678722e+24,6.423733323678722e+24,6.423733323678722e+24,0
2019-08-15,6.423733323678722e+24,6.423733323678722e+24,6.423733323678722e+24,6.423733323678722e+24,0
2019-08-16,6.423733323678722e+24,6.423733323678722e+24,6.423733323678722e+24,6.423733323678722e+24,0
2019-08-19,6.423733323678722e+24,6.423733323678722e+24,6.423733323678722e+24,6.423733323678722e+24,0
2019-08-20,6.423733323678722e+24,6.423733323678722e+24,6.423733323678722e+24,6.423733323678722e+24,0
2019-08-21,6.423733323678722e+24,6.423733323678722e+24,6.423733323678722e+24,6.423733323678722e+24,0
2019-08-22,6.423733323678722e+24,6.423733323678722e+24,6.423733323678722e+24,6.423733323678722e+24,0
2019-08-23,6.423733323678722e+24,6.423733323678722e+24,6.423733323678722e+24,6.423733323678722e+24,0
2019-08-26,6.423733323678722e+24,6.423733323678722e+24,6.423733323678722e+24,6.423733323678722e+24,0
2019-08-27,6.423733323678722e+24,6.423733323678722e+24,6.423733323678722e+24,6.423733323678722e+24,0
2019-08-28,6.423733323678722e+24,6.423733323678722e+24,6.423733323678722e+24,6.423733323678722e+24,0
2019-08-29,6.423733323678722e+24,6.423733323678722e+24,6.423733323678722e+24,6.423733323678722e+24,0
2019-08-30,6.423733323678722e+24,6.423733323678722e+24,6.423733323678722e+24,6.423733323678722e+24,0
2019-09-03,6.423733323678722e+24,6.423733323678722e+24,6.423733323678722e+24,6.423733323678722e+24,0
2019-09-04,6.423733323678722e+24,6.423733323678722e+24,6.423733323678722e+24,6.423733323678722e+24,0
2019-09-05,6.423733323678722e+24,6.423733323678722e+24,6.423733323678722e+24,6.423733323678722e+24,0
2019-09-06,6.423733323678722e+24,6.423733323678722e+24,6.423733323678722e+24,6.423733323678722e+24,0
2019-09-09,6.423733323678722e+24,6.423733323678722e+24,6.423733323678722e+24,6.423733323678722e+24,0
2019-09-10,6.423733323678722e+24,6.423733323678722e+24,6.423733323678722e+24,6.423733323678722e+24,0
2019-09-11,6.423733323678722e+24,6.423733323678722e+24,6.423733323678722e+24,6.423733323678722e+24,0
2019-09-12,6.423733323678722e+24,6.423733323678722e+24,6.423733323678722e+24,6.423733323678722e+24,0
2019-09-13,6.423733323678722e+24,6.423733323678722e+24,6.423733323678722e+24,6.423733323678722e+24,0
2019-09-16,6.423733323678722e+24,6.423733323678722e+24,6.423733323678722e+24,6.423733323678722e+24,0
2019-09-17,6.423733323678722e+24,6.423733323678722e+24,6.423733323678722e+24,6.423733323678722e+24,0
2019-09-18,6.423733323678722e+24,6.423733323678722e+24,6.423733323678722e+24,6.423733323678722e+24,0
2019-09-19,6.423733323678722e+24,6.423733323678722e+24,6.423733323678722e+24,6.423733323678722e+24,0
2019-09-20,6.423733323678722e+24,6.423733323678722e+24,6.423733323678722e+24,6.423733323678722e+24,0
2019-09-23,6.423733323678722e+24,6.423733323678722e+24,6.423733323678722e+24,6.423733323678722e+24,0
2019-09-24,6.423733323678722e+24,6.423733323678722e+24,6.423733323678722e+24,6.423733323678722e+24,0
2019-09-25,6.423733323678722e+24,6.423733323678722e+24,6.423733323678722e+24,6.423733323678722e+24,0
2019-09-26,6.423733323678722e+24,6.423733323678722e+24,6.423733323678722e+24,6.423733323678722e+24,0
2019-09-27,-9.164913872539626e+23,-9.164913872539626e+23,-9.164913872539626e+23,-9.164913872539626e+23,0
2019-09-30,-9.164913872539626e+23,-9.164913872539626e+23,-9.164913872539626e+23,-9.164913872539626e+23,0
2019-10-01,-9.164913872539626e+23,-9.164913872539626e+23,-9.164913872539626e+23,-9.164913872539626e+23,0
2019-10-02,-9.164913872539626e+23,-9.164913872539626e+23,-9.164913872539626e+23,-9.164913872539626e+23,0
2019-10-03,-9.164913872539626e+23,-9.164913872539626e+23,-9.164913872539626e+23,-9.164913872539626e+23,0
2019-10-04,-9.164913872539626e+23,-9.164913872539626e+23,-9.164913872539626e+23,-9.164913872539626e+23,0
2019-10-07,-9.164913872539626e+23,-9.164913872539626e+23,-9.164913872539626e+23,-9.164913872539626e+23,0
2019-10-08,-9.164913872539626e+23,-9.164913872539626e+23,-9.164913872539626e+23,-9.164913872539626e+23,0
2019-10-09,-9.164913872539626e+23,-9.164913872539626e+23,-9.164913872539626e+23,-9.164913872539626e+23,0
2019-10-10,-9.164913872539626e+23,-9.164913872539626e+23,-9.164913872539626e+23,-9.164913872539626e+23,0
2019-10-11,-9.164913872539626e+23,-9.164913872539626e+23,-9.164913872539626e+23,-9.164913872539626e+23,0
2019-10-14,-9.164913872539626e+23,-9.164913872539626e+23,-9.164913872539626e+23,-9.164913872539626e+23,0
2019-10-15,-9.164913872539626e+23,-9.164913872539626e+23,-9.164913872539626e+23,-9.164913872539626e+23,0
2019-10-16,-9.164913872539626e+23,-9.164913872539626e+23,-9.164913872539626e+23,-9.164913872539626e+23,0
2019-10-17,-9.164913872539626e+23,-9.164913872539626e+23,-9.164913872539626e+23,-9.164913872539626e+23,0
2019-10-18,-9.164913872539626e+23,-9.164913872539626e+23,-9.164913872539626e+23,-9.164913872539626e+23,0
2019-10-21,-9.164913872539626e+23,-9.164913872539626e+23,-9.164913872539626e+23,-9.164913872539626e+23,0
2019-10-22,-9.164913872539626e+23,-9.164913872539626e+23,-9.164913872539626e+23,-9.164913872539626e+23,0
2019-10-23,-9.164913872539626e+23,-9.164913872539626e+23,-9.164913872539626e+23,-9.164913872539626e+23,0
2019-10-24,-9.164913872539626e+23,-9.164913872539626e+23,-9.164913872539626e+23,-9.164913872539626e+23,0
2019-10-25,-9.164913872539626e+23,-9.164913872539626e+23,-9.164913872539626e+23,-9.164913872539626e+23,0
2019-10-28,-9.164913872539626e+23,-9.164913872539626e+23,-9.164913872539626e+23,-9.164913872539626e+23,0
2019-10-29,-9.164913872539626e+23,-9.164913872539626e+23,-9.164913872539626e+23,-9.164913872539626e+23,0
2019-10-30,-9.164913872539626e+23,-9.164913872539626e+23,-9.164913872539626e+23,-9.164913872539626e+23,0
2019-10-31,-9.164913872539626e+23,-9.164913872539626e+23,-9.164913872539626e+23,-9.164913872539626e+23,0
2019-11-01,-9.164913872539626e+23,-9.164913872539626e+23,-9.164913872539626e+23,-9.164913872539626e+23,0
2019-11-04,-9.164913872539626e+23,-9.164913872539626e+23,-9.164913872539626e+23,-9.164913872539626e+23,0
2019-11-05,-9.164913872539626e+23,-9.164913872539626e+23,-9.164913872539626e+23,-9.164913872539626e+23,0
2019-11-06,-9.164913872539626e+23,-9.164913872539626e+23,-9.164913872539626e+23,-9.164913872539626e+23,0
2019-11-07,-9.164913872539626e+23,-9.164913872539626e+23,-9.164913872539626e+23,-9.164913872539626e+23,0
2019-11-08,-9.164913872539626e+23,-9.164913872539626e+23,-9.164913872539626e+23,-9.164913872539626e+23,0
2019-11-11,-9.164913872539626e+23,-9.164913872539626e+23,-9.164913872539626e+23,-9.164913872539626e+23,0
2019-11-12,-9.164913872539626e+23,-9.164913872539626e+23,-9.164913872539626e+23,-9.164913872539626e+23,0
2019-11-13,-9.164913872539626e+23,-9.164913872539626e+23,-9.164913872539626e+23,-9.164913872539626e+23,0
2019-11-14,-9.164913872539626e+23,-9.164913872539626e+23,-9.164913872539626e+23,-9.164913872539626e+23,0
2019-11-15,-9.164913872539626e+23,-9.164913872539626e+23,-9.164913872539626e+23,-9.164913872539626e+23,0
2019-11-18,-9.164913872539626e+23,-9.164913872539626e+23,-9.164913872539626e+23,-9.164913872539626e+23,0
2019-11-19,-9.164913872539626e+23,-9.164913872539626e+23,-9.164913872539626e+23,-9.164913872539626e+23,0
2019-11-20,-9.164913872539626e+23,-9.164913872539626e+23,-9.164913872539626e+23,-9.164913872539626e+23,0
2019-11-21,-9.164913872539626e+23,-9.164913872539626e+23,-9.164913872539626e+23,-9.164913872539626e+23,0
2019-11-22,-9.164913872539626e+23,-9.164913872539626e+23,-9.164913872539626e+23,-9.164913872539626e+23,0
2019-11-25,-9.164913872539626e+23,-9.164913872539626e+23,-9.164913872539626e+23,-9.164913872539626e+23,0
2019-11-26,-9.164913872539626e+23,-9.164913872539626e+23,-9.164913872539626e+23,-9.164913872539626e+23,0
2019-11-27,-9.164913872539626e+23,-9.164913872539626e+23,-9.164913872539626e+23,-9.164913872539626e+23,0
2019-11-29,-9.164913872539626e+23,-9.164913872539626e+23,-9.164913872539626e+23,-9.164913872539626e+23,0
2019-12-02,-9.164913872539626e+23,-9.164913872539626e+23,-9.164913872539626e+23,-9.164913872539626e+23,0
2019-12-03,-9.164913872539626e+23,-9.164913872539626e+23,-9.164913872539626e+23,-9.164913872539626e+23,0
2019-12-04,-9.164913872539626e+23,-9.164913872539626e+23,-9.164913872539626e+23,-9.164913872539626e+23,0
2019-12-05,-9.164913872539626e+23,-9.164913872539626e+23,-9.164913872539626e+23,-9.164913872539626e+23,0
2019-12-06,-9.164913872539626e+23,-9.164913872539626e+23,-9.164913872539626e+23,-9.164913872539626e+23,0
2019-12-09,-9.164913872539626e+23,-9.164913872539626e+23,-9.164913872539626e+23,-9.164913872539626e+23,0
2019-12-10,-9.164913872539626e+23,-9.164913872539626e+23,-9.164913872539626e+23,-9.164913872539626e+23,0
2019-12-11,-9.164913872539626e+23,-9.164913872539626e+23,-9.164913872539626e+23,-9.164913872539626e+23,0
2019-12-12,-9.164913872539626e+23,-9.164913872539626e+23,-9.164913872539626e+23,-9.164913872539626e+23,0
2019-12-13,-9.164913872539626e+23,-9.164913872539626e+23,-9.164913872539626e+23,-9.164913872539626e+23,0
2019-12-16,-9.164913872539626e+23,-9.164913872539626e+23,-9.164913872539626e+23,-9.164913872539626e+23,0
2019-12-17,-9.164913872539626e+23,-9.164913872539626e+23,-9.164913872539626e+23,-9.164913872539626e+23,0
2019-12-18,-9.164913872539626e+23,-9.164913872539626e+23,-9.164913872539626e+23,-9.164913872539626e+23,0
2019-12-19,-9.164913872539626e+23,-9.164913872539626e+23,-9.164913872539626e+23,-9.164913872539626e+23,0
2019-12-20,-9.164913872539626e+23,-9.164913872539626e+23,-9.164913872539626e+23,-9.164913872539626e+23,0
2019-12-23,-9.164913872539626e+23,-9.164913872539626e+23,-9.164913872539626e+23,-9.164913872539626e+23,0
2019-12-24,-9.164913872539626e+23,-9.164913872539626e+23,-9.164913872539626e+23,-9.164913872539626e+23,0
2019-12-26,-9.164913872539626e+23,-9.164913872539626e+23,-9.164913872539626e+23,-9.164913872539626e+23,0
2019-12-27,1.3075829520741014e+23,1.3075829520741014e+23,1.3075829520741014e+23,1.3075829520741014e+23,0
2019-12-30,1.3075829520741014e+23,1.3075829520741014e+23,1.3075829520741014e+23,1.3075829520741014e+23,0
2019-12-31,1.3075829520741014e+23,1.3075829520741014e+23,1.3075829520741014e+23,1.3075829520741014e+23,0
2020-01-02,1.3075829520741014e+23,1.3075829520741014e+23,1.3075829520741014e+23,1.3075829520741014e+23,0
2020-01-03,1.3075829520741014e+23,1.3075829520741014e+23,1.3075829520741014e+23,1.3075829520741014e+23,0
2020-01-06,1.3075829520741014e+23,1.3075829520741014e+23,1.3075829520741014e+23,1.3075829520741014e+23,0
2020-01-07,1.3075829520741014e+23,1.3075829520741014e+23,1.3075829520741014e+23,1.3075829520741014e+23,0
2020-01-08,1.3075829520741014e+23,1.3075829520741014e+23,1.3075829520741014e+23,1.3075829520741014e+23,0
2020-01-09,1.3075829520741014e+23,1.3075829520741014e+23,1.3075829520741014e+23,1.3075829520741014e+23,0
2020-01-10,1.3075829520741014e+23,1.3075829520741014e+23,1.3075829520741014e+23,1.3075829520741014e+23,0
2020-01-13,1.3075829520741014e+23,1.3075829520741014e+23,1.3075829520741014e+23,1.3075829520741014e+23,0
2020-01-14,1.3075829520741014e+23,1.3075829520741014e+23,1.3075829520741014e+23,1.3075829520741014e+23,0
2020-01-15,1.3075829520741014e+23,1.3075829520741014e+23,1.3075829520741014e+23,1.3075829520741014e+23,0
2020-01-16,1.3075829520741014e+23,1.3075829520741014e+23,1.3075829520741014e+23,1.3075829520741014e+23,0
2020-01-17,1.3075829520741014e+23,1.3075829520741014e+23,1.3075829520741014e+23,1.3075829520741014e+23,0
2020-01-21,1.3075829520741014e+23,1.3075829520741014e+23,1.3075829520741014e+23,1.3075829520741014e+23,0
2020-01-22,1.3075829520741014e+23,1.3075829520741014e+23,1.3075829520741014e+23,1.3075829520741014e+23,0
2020-01-23,1.3075829520741014e+23,1.3075829520741014e+23,1.3075829520741014e+23,1.3075829520741014e+23,0
2020-01-24,1.3075829520741014e+23,1.3075829520741014e+23,1.3075829520741014e+23,1.3075829520741014e+23,0
2020-01-27,1.3075829520741014e+23,1.3075829520741014e+23,1.3075829520741014e+23,1.3075829520741014e+23,0
2020-01-28,1.3075829520741014e+23,1.3075829520741014e+23,1.3075829520741014e+23,1.3075829520741014e+23,0
2020-01-29,1.3075829520741014e+23,1.3075829520741014e+23,1.3075829520741014e+23,1.3075829520741014e+23,0
2020-01-30,1.3075829520741014e+23,1.3075829520741014e+23,1.3075829520741014e+23,1.3075829520741014e+23,0
2020-01-31,1.3075829520741014e+23,1.3075829520741014e+23,1.3075829520741014e+23,1.3075829520741014e+23,0
2020-02-03,1.3075829520741014e+23,1.3075829520741014e+23,1.3075829520741014e+23,1.3075829520741014e+23,0
2020-02-04,1.3075829520741014e+23,1.3075829520741014e+23,1.3075829520741014e+23,1.3075829520741014e+23,0
2020-02-05,1.3075829520741014e+23,1.3075829520741014e+23,1.3075829520741014e+23,1.3075829520741014e+23,0
2020-02-06,1.3075829520741014e+23,1.3075829520741014e+23,1.3075829520741014e+23,1.3075829520741014e+23,0
2020-02-07,1.3075829520741014e+23,1.3075829520741014e+23,1.3075829520741014e+23,1.3075829520741014e+23,0
2020-02-10,1.3075829520741014e+23,1.3075829520741014e+23,1.3075829520741014e+23,1.3075829520741014e+23,0
2020-02-11,1.3075829520741014e+23,1.3075829520741014e+23,1.3075829520741014e+23,1.3075829520741014e+23,0
2020-02-12,1.3075829520741014e+23,1.3075829520741014e+23,1.3075829520741014e+23,1.3075829520741014e+23,0
2020-02-13,1.3075829520741014e+23,1.3075829520741014e+23,1.3075829520741014e+23,1.3075829520741014e+23,0
2020-02-14,1.3075829520741014e+23,1.3075829520741014e+23,1.3075829520741014e+23,1.3075829520741014e+23,0
2020-02-18,1.3075829520741014e+23,1.3075829520741014e+23,1.3075829520741014e+23,1.3075829520741014e+23,0
2020-02-19,1.3075829520741014e+23,1.3075829520741014e+23,1.3075829520741014e+23,1.3075829520741014e+23,0
2020-02-20,1.3075829520741014e+23,1.3075829520741014e+23,1.3075829520741014e+23,1.3075829520741014e+23,0
2020-02-21,1.3075829520741014e+23,1.3075829520741014e+23,1.3075829520741014e+23,1.3075829520741014e+23,0
2020-02-24,1.3075829520741014e+23,1.3075829520741014e+23,1.3075829520741014e+23,1.3075829520741014e+23,0
2020-02-25,1.3075829520741014e+23,1.3075829520741014e+23,1.3075829520741014e+23,1.3075829520741014e+23,0
2020-02-26,1.3075829520741014e+23,1.3075829520741014e+23,1.3075829520741014e+23,1.3075829520741014e+23,0
2020-02-27,1.3075829520741014e+23,1.3075829520741014e+23,1.3075829520741014e+23,1.3075829520741014e+23,0
2020-02-28,1.3075829520741014e+23,1.3075829520741014e+23,1.3075829520741014e+23,1.3075829520741014e+23,0
2020-03-02,1.3075829520741014e+23,1.3075829520741014e+23,1.3075829520741014e+23,1.3075829520741014e+23,0
2020-03-03,1.3075829520741014e+23,1.3075829520741014e+23,1.3075829520741014e+23,1.3075829520741014e+23,0
2020-03-04,1.3075829520741014e+23,1.3075829520741014e+23,1.3075829520741014e+23,1.3075829520741014e+23,0
2020-03-05,1.3075829520741014e+23,1.3075829520741014e+23,1.3075829520741014e+23,1.3075829520741014e+23,0
2020-03-06,1.3075829520741014e+23,1.3075829520741014e+23,1.3075829520741014e+23,1.3075829520741014e+23,0
2020-03-09,1.3075829520741014e+23,1.3075829520741014e+23,1.3075829520741014e+23,1.3075829520741014e+23,0
2020-03-10,1.3075829520741014e+23,1.3075829520741014e+23,1.3075829520741014e+23,1.3075829520741014e+23,0
2020-03-11,1.3075829520741014e+23,1.3075829520741014e+23,1.3075829520741014e+23,1.3075829520741014e+23,0
2020-03-12,1.3075829520741014e+23,1.3075829520741014e+23,1.3075829520741014e+23,1.3075829520741014e+23,0
2020-03-13,1.3075829520741014e+23,1.3075829520741014e+23,1.3075829520741014e+23,1.3075829520741014e+23,0
2020-03-16,1.3075829520741014e+23,1.3075829520741014e+23,1.3075829520741014e+23,1.3075829520741014e+23,0
2020-03-17,1.3075829520741014e+23,1.3075829520741014e+23,1.3075829520741014e+23,1.3075829520741014e+23,0
2020-03-18,1.3075829520741014e+23,1.3075829520741014e+23,1.3075829520741014e+23,1.3075829520741014e+23,0
2020-03-19,1.3075829520741014e+23,1.3075829520741014e+23,1.3075829520741014e+23,1.3075829520741014e+23,0
2020-03-20,1.3075829520741014e+23,1.3075829520741014e+23,1.3075829520741014e+23,1.3075829520741014e+23,0
2020-03-23,1.3075829520741014e+23,1.3075829520741014e+23,1.3075829520741014e+23,1.3075829520741014e+23,0
2020-03-24,1.3075829520741014e+23,1.3075829520741014e+23,1.3075829520741014e+23,1.3075829520741014e+23,0
2020-03-25,1.3075829520741014e+23,1.3075829520741014e+23,1.3075829520741014e+23,1.3075829520741014e+23,0
2020-03-26,1.3075829520741014e+23,1.3075829520741014e+23,1.3075829520741014e+23,1.3075829520741014e+23,0
2020-03-27,1.3075829520741014e+23,1.3075829520741014e+23,1.3075829520741014e+23,1.3075829520741014e+23,0
2020-03-30,-1.8655643542425132e+22,-1.8655643542425132e+22,-1.8655643542425132e+22,-1.8655643542425132e+22,0
2020-03-31,-1.8655643542425132e+22,-1.8655643542425132e+22,-1.8655643542425132e+22,-1.8655643542425132e+22,0
2020-04-01,-1.8655643542425132e+22,-1.8655643542425132e+22,-1.8655643542425132e+22,-1.8655643542425132e+22,0
2020-04-02,-1.8655643542425132e+22,-1.8655643542425132e+22,-1.8655643542425132e+22,-1.8655643542425132e+22,0
2020-04-03,-1.8655643542425132e+22,-1.8655643542425132e+22,-1.8655643542425132e+22,-1.8655643542425132e+22,0
2020-04-06,-1.8655643542425132e+22,-1.8655643542425132e+22,-1.8655643542425132e+22,-1.8655643542425132e+22,0
2020-04-07,-1.8655643542425132e+22,-1.8655643542425132e+22,-1.8655643542425132e+22,-1.8655643542425132e+22,0
2020-04-08,-1.8655643542425132e+22,-1.8655643542425132e+22,-1.8655643542425132e+22,-1.8655643542425132e+22,0
2020-04-09,-1.8655643542425132e+22,-1.8655643542425132e+22,-1.8655643542425132e+22,-1.8655643542425132e+22,0
2020-04-13,-1.8655643542425132e+22,-1.8655643542425132e+22,-1.8655643542425132e+22,-1.8655643542425132e+22,0
2020-04-14,-1.8655643542425132e+22,-1.8655643542425132e+22,-1.8655643542425132e+22,-1.8655643542425132e+22,0
2020-04-15,-1.8655643542425132e+22,-1.8655643542425132e+22,-1.8655643542425132e+22,-1.8655643542425132e+22,0
2020-04-16,-1.8655643542425132e+22,-1.8655643542425132e+22,-1.8655643542425132e+22,-1.8655643542425132e+22,0
2020-04-17,-1.8655643542425132e+22,-1.8655643542425132e+22,-1.8655643542425132e+22,-1.8655643542425132e+22,0
2020-04-20,-1.8655643542425132e+22,-1.8655643542425132e+22,-1.8655643542425132e+22,-1.8655643542425132e+22,0
2020-04-21,-1.8655643542425132e+22,-1.8655643542425132e+22,-1.8655643542425132e+22,-1.8655643542425132e+22,0
2020-04-22,-1.8655643542425132e+22,-1.8655643542425132e+22,-1.8655643542425132e+22,-1.8655643542425132e+22,0
2020-04-23,-1.8655643542425132e+22,-1.8655643542425132e+22,-1.8655643542425132e+22,-1.8655643542425132e+22,0
2020-04-24,-1.8655643542425132e+22,-1.8655643542425132e+22,-1.8655643542425132e+22,-1.8655643542425132e+22,0
2020-04-27,-1.8655643542425132e+22,-1.8655643542425132e+22,-1.8655643542425132e+22,-1.8655643542425132e+22,0
2020-04-28,-1.8655643542425132e+22,-1.8655643542425132e+22,-1.8655643542425132e+22,-1.8655643542425132e+22,0
2020-04-29,-1.8655643542425132e+22,-1.8655643542425132e+22,-1.8655643542425132e+22,-1.8655643542425132e+22,0
2020-04-30,-1.8655643542425132e+22,-1.8655643542425132e+22,-1.8655643542425132e+22,-1.8655643542425132e+22,0
2020-05-01,-1.8655643542425132e+22,-1.8655643542425132e+22,-1.8655643542425132e+22,-1.8655643542425132e+22,0
2020-05-04,-1.8655643542425132e+22,-1.8655643542425132e+22,-1.8655643542425132e+22,-1.8655643542425132e+22,0
2020-05-05,-1.8655643542425132e+22,-1.8655643542425132e+22,-1.8655643542425132e+22,-1.8655643542425132e+22,0
2020-05-06,-1.8655643542425132e+22,-1.8655643542425132e+22,-1.8655643542425132e+22,-1.8655643542425132e+22,0
2020-05-07,-1.8655643542425132e+22,-1.8655643542425132e+22,-1.8655643542425132e+22,-1.8655643542425132e+22,0
2020-05-08,-1.8655643542425132e+22,-1.8655643542425132e+22,-1.8655643542425132e+22,-1.8655643542425132e+22,0
2020-05-11,-1.8655643542425132e+22,-1.8655643542425132e+22,-1.8655643542425132e+22,-1.8655643542425132e+22,0
2020-05-12,-1.8655643542425132e+22,-1.8655643542425132e+22,-1.8655643542425132e+22,-1.8655643542425132e+22,0
2020-05-13,-1.8655643542425132e+22,-1.8655643542425132e+22,-1.8655643542425132e+22,-1.8655643542425132e+22,0
2020-05-14,-1.8655643542425132e+22,-1.8655643542425132e+22,-1.8655643542425132e+22,-1.8655643542425132e+22,0
2020-05-15,-1.8655643542425132e+22,-1.8655643542425132e+22,-1.8655643542425132e+22,-1.8655643542425132e+22,0
2020-05-18,-1.8655643542425132e+22,-1.8655643542425132e+22,-1.8655643542425132e+22,-1.8655643542425132e+22,0
2020-05-19,-1.8655643542425132e+22,-1.8655643542425132e+22,-1.8655643542425132e+22,-1.8655643542425132e+22,0
2020-05-20,-1.8655643542425132e+22,-1.8655643542425132e+22,-1.8655643542425132e+22,-1.8655643542425132e+22,0
2020-05-21,-1.8655643542425132e+22,-1.8655643542425132e+22,-1.8655643542425132e+22,-1.8655643542425132e+22,0
2020-05-22,-1.8655643542425132e+22,-1.8655643542425132e+22,-1.8655643542425132e+22,-1.8655643542425132e+22,0
2020-05-26,-1.8655643542425132e+22,-1.8655643542425132e+22,-1.8655643542425132e+22,-1.8655643542425132e+22,0
2020-05-27,-1.8655643542425132e+22,-1.8655643542425132e+22,-1.8655643542425132e+22,-1.8655643542425132e+22,0
2020-05-28,-1.8655643542425132e+22,-1.8655643542425132e+22,-1.8655643542425132e+22,-1.8655643542425132e+22,0
2020-05-29,-1.8655643542425132e+22,-1.8655643542425132e+22,-1.8655643542425132e+22,-1.8655643542425132e+22,0
2020-06-01,-1.8655643542425132e+22,-1.8655643542425132e+22,-1.8655643542425132e+22,-1.8655643542425132e+22,0
2020-06-02,-1.8655643542425132e+22,-1.8655643542425132e+22,-1.8655643542425132e+22,-1.8655643542425132e+22,0
2020-06-03,-1.8655643542425132e+22,-1.8655643542425132e+22,-1.8655643542425132e+22,-1.8655643542425132e+22,0
2020-06-04,-1.8655643542425132e+22,-1.8655643542425132e+22,-1.8655643542425132e+22,-1.8655643542425132e+22,0
2020-06-05,-1.8655643542425132e+22,-1.8655643542425132e+22,-1.8655643542425132e+22,-1.8655643542425132e+22,0
2020-06-08,-1.8655643542425132e+22,-1.8655643542425132e+22,-1.8655643542425132e+22,-1.8655643542425132e+22,0
2020-06-09,-1.8655643542425132e+22,-1.8655643542425132e+22,-1.8655643542425132e+22,-1.8655643542425132e+22,0
2020-06-10,-1.8655643542425132e+22,-1.8655643542425132e+22,-1.8655643542425132e+22,-1.8655643542425132e+22,0
2020-06-11,-1.8655643542425132e+22,-1.8655643542425132e+22,-1.8655643542425132e+22,-1.8655643542425132e+22,0
2020-06-12,-1.8655643542425132e+22,-1.8655643542425132e+22,-1.8655643542425132e+22,-1.8655643542425132e+22,0
2020-06-15,-1.8655643542425132e+22,-1.8655643542425132e+22,-1.8655643542425132e+22,-1.8655643542425132e+22,0
2020-06-16,-1.8655643542425132e+22,-1.8655643542425132e+22,-1.8655643542425132e+22,-1.8655643542425132e+22,0
2020-06-17,-1.8655643542425132e+22,-1.8655643542425132e+22,-1.8655643542425132e+22,-1.8655643542425132e+22,0
2020-06-18,-1.8655643542425132e+22,-1.8655643542425132e+22,-1.8655643542425132e+22,-1.8655643542425132e+22,0
2020-06-19,-1.8655643542425132e+22,-1.8655643542425132e+22,-1.8655643542425132e+22,-1.8655643542425132e+22,0
2020-06-22,-1.8655643542425132e+22,-1.8655643542425132e+22,-1.8655643542425132e+22,-1.8655643542425132e+22,0
2020-06-23,-1.8655643542425132e+22,-1.8655643542425132e+22,-1.8655643542425132e+22,-1.8655643542425132e+22,0
2020-06-24,-1.8655643542425132e+22,-1.8655643542425132e+22,-1.8655643542425132e+22,-1.8655643542425132e+22,0
2020-06-25,-1.8655643542425132e+22,-1.8655643542425132e+22,-1.8655643542425132e+22,-1.8655643542425132e+22,0
2020-06-26,-1.8655643542425132e+22,-1.8655643542425132e+22,-1.8655643542425132e+22,-1.8655643542425132e+22,0
2020-06-29,2.661651023674007e+21,2.661651023674007e+21,2.661651023674007e+21,2.661651023674007e+21,0
2020-06-30,2.661651023674007e+21,2.661651023674007e+21,2.661651023674007e+21,2.661651023674007e+21,0
2020-07-01,2.661651023674007e+21,2.661651023674007e+21,2.661651023674007e+21,2.661651023674007e+21,0
2020-07-02,2.661651023674007e+21,2.661651023674007e+21,2.661651023674007e+21,2.661651023674007e+21,0
2020-07-06,2.661651023674007e+21,2.661651023674007e+21,2.661651023674007e+21,2.661651023674007e+21,0
2020-07-07,2.661651023674007e+21,2.661651023674007e+21,2.661651023674007e+21,2.661651023674007e+21,0
2020-07-08,2.661651023674007e+21,2.661651023674007e+21,2.661651023674007e+21,2.661651023674007e+21,0
2020-07-09,2.661651023674007e+21,2.661651023674007e+21,2.661651023674007e+21,2.661651023674007e+21,0
2020-07-10,2.661651023674007e+21,2.661651023674007e+21,2.661651023674007e+21,2.661651023674007e+21,0
2020-07-13,2.661651023674007e+21,2.661651023674007e+21,2.661651023674007e+21,2.661651023674007e+21,0
2020-07-14,2.661651023674007e+21,2.661651023674007e+21,2.661651023674007e+21,2.661651023674007e+21,0
2020-07-15,2.661651023674007e+21,2.661651023674007e+21,2.661651023674007e+21,2.661651023674007e+21,0
2020-07-16,2.661651023674007e+21,2.661651023674007e+21,2.661651023674007e+21,2.661651023674007e+21,0
2020-07-17,2.661651023674007e+21,2.661651023674007e+21,2.661651023674007e+21,2.661651023674007e+21,0
2020-07-20,2.661651023674007e+21,2.661651023674007e+21,2.661651023674007e+21,2.661651023674007e+21,0
2020-07-21,2.661651023674007e+21,2.661651023674007e+21,2.661651023674007e+21,2.661651023674007e+21,0
2020-07-22,2.661651023674007e+21,2.661651023674007e+21,2.661651023674007e+21,2.661651023674007e+21,0
2020-07-23,2.661651023674007e+21,2.661651023674007e+21,2.661651023674007e+21,2.661651023674007e+21,0
2020-07-24,2.661651023674007e+21,2.661651023674007e+21,2.661651023674007e+21,2.661651023674007e+21,0
2020-07-27,2.661651023674007e+21,2.661651023674007e+21,2.661651023674007e+21,2.661651023674007e+21,0
2020-07-28,2.661651023674007e+21,2.661651023674007e+21,2.661651023674007e+21,2.661651023674007e+21,0
2020-07-29,2.661651023674007e+21,2.661651023674007e+21,2.661651023674007e+21,2.661651023674007e+21,0
2020-07-30,2.661651023674007e+21,2.661651023674007e+21,2.661651023674007e+21,2.661651023674007e+21,0
2020-07-31,2.661651023674007e+21,2.661651023674007e+21,2.661651023674007e+21,2.661651023674007e+21,0
2020-08-03,2.661651023674007e+21,2.661651023674007e+21,2.661651023674007e+21,2.661651023674007e+21,0
2020-08-04,2.661651023674007e+21,2.661651023674007e+21,2.661651023674007e+21,2.661651023674007e+21,0
2020-08-05,2.661651023674007e+21,2.661651023674007e+21,2.661651023674007e+21,2.661651023674007e+21,0
2020-08-06,2.661651023674007e+21,2.661651023674007e+21,2.661651023674007e+21,2.661651023674007e+21,0
2020-08-07,2.661651023674007e+21,2.661651023674007e+21,2.661651023674007e+21,2.661651023674007e+21,0
2020-08-10,2.661651023674007e+21,2.661651023674007e+21,2.661651023674007e+21,2.661651023674007e+21,0
2020-08-11,2.661651023674007e+21,2.661651023674007e+21,2.661651023674007e+21,2.661651023674007e+21,0
2020-08-12,2.661651023674007e+21,2.661651023674007e+21,2.661651023674007e+21,2.661651023674007e+21,0
2020-08-13,2.661651023674007e+21,2.661651023674007e+21,2.661651023674007e+21,2.661651023674007e+21,0
2020-08-14,2.661651023674007e+21,2.661651023674007e+21,2.661651023674007e+21,2.661651023674007e+21,0
2020-08-17,2.661651023674007e+21,2.661651023674007e+21,2.661651023674007e+21,2.661651023674007e+21,0
2020-08-18,2.661651023674007e+21,2.661651023674007e+21,2.661651023674007e+21,2.661651023674007e+21,0
2020-08-19,2.661651023674007e+21,2.661651023674007e+21,2.661651023674007e+21,2.661651023674007e+21,0
2020-08-20,2.661651023674007e+21,2.661651023674007e+21,2.661651023674007e+21,2.661651023674007e+21,0
2020-08-21,2.661651023674007e+21,2.661651023674007e+21,2.661651023674007e+21,2.661651023674007e+21,0
2020-08-24,2.661651023674007e+21,2.661651023674007e+21,2.661651023674007e+21,2.661651023674007e+21,0
2020-08-25,2.661651023674007e+21,2.661651023674007e+21,2.661651023674007e+21,2.661651023674007e+21,0
2020-08-26,2.661651023674007e+21,2.661651023674007e+21,2.661651023674007e+21,2.661651023674007e+21,0
2020-08-27,2.661651023674007e+21,2.661651023674007e+21,2.661651023674007e+21,2.661651023674007e+21,0
2020-08-28,2.661651023674007e+21,2.661651023674007e+21,2.661651023674007e+21,2.661651023674007e+21,0
2020-08-31,2.661651023674007e+21,2.661651023674007e+21,2.661651023674007e+21,2.661651023674007e+21,0
2020-09-01,2.661651023674007e+21,2.661651023674007e+21,2.661651023674007e+21,2.661651023674007e+21,0
2020-09-02,2.661651023674007e+21,2.661651023674007e+21,2.661651023674007e+21,2.661651023674007e+21,0
2020-09-03,2.661651023674007e+21,2.661651023674007e+21,2.661651023674007e+21,2.661651023674007e+21,0
2020-09-04,2.661651023674007e+21,2.661651023674007e+21,2.661651023674007e+21,2.661651023674007e+21,0
2020-09-08,2.661651023674007e+21,2.661651023674007e+21,2.661651023674007e+21,2.661651023674007e+21,0
2020-09-09,2.661651023674007e+21,2.661651023674007e+21,2.661651023674007e+21,2.661651023674007e+21,0
2020-09-10,2.661651023674007e+21,2.661651023674007e+21,2.661651023674007e+21,2.661651023674007e+21,0
2020-09-11,2.661651023674007e+21,2.661651023674007e+21,2.661651023674007e+21,2.661651023674007e+21,0
2020-09-14,2.661651023674007e+21,2.661651023674007e+21,2.661651023674007e+21,2.661651023674007e+21,0
2020-09-15,2.661651023674007e+21,2.661651023674007e+21,2.661651023674007e+21,2.661651023674007e+21,0
2020-09-16,2.661651023674007e+21,2.661651023674007e+21,2.661651023674007e+21,2.661651023674007e+21,0
2020-09-17,2.661651023674007e+21,2.661651023674007e+21,2.661651023674007e+21,2.661651023674007e+21,0
2020-09-18,2.661651023674007e+21,2.661651023674007e+21,2.661651023674007e+21,2.661651023674007e+21,0
2020-09-21,2.661651023674007e+21,2.661651023674007e+21,2.661651023674007e+21,2.661651023674007e+21,0
2020-09-22,2.661651023674007e+21,2.661651023674007e+21,2.661651023674007e+21,2.661651023674007e+21,0
2020-09-23,2.661651023674007e+21,2.661651023674007e+21,2.661651023674007e+21,2.661651023674007e+21,0
2020-09-24,2.661651023674007e+21,2.661651023674007e+21,2.661651023674007e+21,2.661651023674007e+21,0
2020-09-25,2.661651023674007e+21,2.661651023674007e+21,2.661651023674007e+21,2.661651023674007e+21,0
2020-09-28,-3.797448224016475e+20,-3.797448224016475e+20,-3.797448224016475e+20,-3.797448224016475e+20,0
2020-09-29,-3.797448224016475e+20,-3.797448224016475e+20,-3.797448224016475e+20,-3.797448224016475e+20,0
2020-09-30,-3.797448224016475e+20,-3.797448224016475e+20,-3.797448224016475e+20,-3.797448224016475e+20,0
2020-10-01,-3.797448224016475e+20,-3.797448224016475e+20,-3.797448224016475e+20,-3.797448224016475e+20,0
2020-10-02,-3.797448224016475e+20,-3.797448224016475e+20,-3.797448224016475e+20,-3.797448224016475e+20,0
2020-10-05,-3.797448224016475e+20,-3.797448224016475e+20,-3.797448224016475e+20,-3.797448224016475e+20,0
2020-10-06,-3.797448224016475e+20,-3.797448224016475e+20,-3.797448224016475e+20,-3.797448224016475e+20,0
2020-10-07,-3.797448224016475e+20,-3.797448224016475e+20,-3.797448224016475e+20,-3.797448224016475e+20,0
2020-10-08,-3.797448224016475e+20,-3.797448224016475e+20,-3.797448224016475e+20,-3.797448224016475e+20,0
2020-10-09,-3.797448224016475e+20,-3.797448224016475e+20,-3.797448224016475e+20,-3.797448224016475e+20,0
2020-10-12,-3.797448224016475e+20,-3.797448224016475e+20,-3.797448224016475e+20,-3.797448224016475e+20,0
2020-10-13,-3.797448224016475e+20,-3.797448224016475e+20,-3.797448224016475e+20,-3.797448224016475e+20,0
2020-10-14,-3.797448224016475e+20,-3.797448224016475e+20,-3.797448224016475e+20,-3.797448224016475e+20,0
2020-10-15,-3.797448224016475e+20,-3.797448224016475e+20,-3.797448224016475e+20,-3.797448224016475e+20,0
2020-10-16,-3.797448224016475e+20,-3.797448224016475e+20,-3.797448224016475e+20,-3.797448224016475e+20,0
2020-10-19,-3.797448224016475e+20,-3.797448224016475e+20,-3.797448224016475e+20,-3.797448224016475e+20,0
2020-10-20,-3.797448224016475e+20,-3.797448224016475e+20,-3.797448224016475e+20,-3.797448224016475e+20,0
2020-10-21,-3.797448224016475e+20,-3.797448224016475e+20,-3.797448224016475e+20,-3.797448224016475e+20,0
2020-10-22,-3.797448224016475e+20,-3.797448224016475e+20,-3.797448224016475e+20,-3.797448224016475e+20,0
2020-10-23,-3.797448224016475e+20,-3.797448224016475e+20,-3.797448224016475e+20,-3.797448224016475e+20,0
2020-10-26,-3.797448224016475e+20,-3.797448224016475e+20,-3.797448224016475e+20,-3.797448224016475e+20,0
2020-10-27,-3.797448224016475e+20,-3.797448224016475e+20,-3.797448224016475e+20,-3.797448224016475e+20,0
2020-10-28,-3.797448224016475e+20,-3.797448224016475e+20,-3.797448224016475e+20,-3.797448224016475e+20,0
2020-10-29,-3.797448224016475e+20,-3.797448224016475e+20,-3.797448224016475e+20,-3.797448224016475e+20,0
2020-10-30,-3.797448224016475e+20,-3.797448224016475e+20,-3.797448224016475e+20,-3.797448224016475e+20,0
2020-11-02,-3.797448224016475e+20,-3.797448224016475e+20,-3.797448224016475e+20,-3.797448224016475e+20,0
2020-11-03,-3.797448224016475e+20,-3.797448224016475e+20,-3.797448224016475e+20,-3.797448224016475e+20,0
2020-11-04,-3.797448224016475e+20,-3.797448224016475e+20,-3.797448224016475e+20,-3.797448224016475e+20,0
2020-11-05,-3.797448224016475e+20,-3.797448224016475e+20,-3.797448224016475e+20,-3.797448224016475e+20,0
2020-11-06,-3.797448224016475e+20,-3.797448224016475e+20,-3.797448224016475e+20,-3.797448224016475e+20,0
2020-11-09,-3.797448224016475e+20,-3.797448224016475e+20,-3.797448224016475e+20,-3.797448224016475e+20,0
2020-11-10,-3.797448224016475e+20,-3.797448224016475e+20,-3.797448224016475e+20,-3.797448224016475e+20,0
2020-11-11,-3.797448224016475e+20,-3.797448224016475e+20,-3.797448224016475e+20,-3.797448224016475e+20,0
2020-11-12,-3.797448224016475e+20,-3.797448224016475e+20,-3.797448224016475e+20,-3.797448224016475e+20,0
2020-11-13,-3.797448224016475e+20,-3.797448224016475e+20,-3.797448224016475e+20,-3.797448224016475e+20,0
2020-11-16,-3.797448224016475e+20,-3.797448224016475e+20,-3.797448224016475e+20,-3.797448224016475e+20,0
2020-11-17,-3.797448224016475e+20,-3.797448224016475e+20,-3.797448224016475e+20,-3.797448224016475e+20,0
2020-11-18,-3.797448224016475e+20,-3.797448224016475e+20,-3.797448224016475e+20,-3.797448224016475e+20,0
2020-11-19,-3.797448224016475e+20,-3.797448224016475e+20,-3.797448224016475e+20,-3.797448224016475e+20,0
2020-11-20,-3.797448224016475e+20,-3.797448224016475e+20,-3.797448224016475e+20,-3.797448224016475e+20,0
2020-11-23,-3.797448224016475e+20,-3.797448224016475e+20,-3.797448224016475e+20,-3.797448224016475e+20,0
2020-11-24,-3.797448224016475e+20,-3.797448224016475e+20,-3.797448224016475e+20,-3.797448224016475e+20,0
2020-11-25,-3.797448224016475e+20,-3.797448224016475e+20,-3.797448224016475e+20,-3.797448224016475e+20,0
2020-11-27,-3.797448224016475e+20,-3.797448224016475e+20,-3.797448224016475e+20,-3.797448224016475e+20,0
2020-11-30,-3.797448224016475e+20,-3.797448224016475e+20,-3.797448224016475e+20,-3.797448224016475e+20,0
2020-12-01,-3.797448224016475e+20,-3.797448224016475e+20,-3.797448224016475e+20,-3.797448224016475e+20,0
2020-12-02,-3.797448224016475e+20,-3.797448224016475e+20,-3.797448224016475e+20,-3.797448224016475e+20,0
2020-12-03,-3.797448224016475e+20,-3.797448224016475e+20,-3.797448224016475e+20,-3.797448224016475e+20,0
2020-12-04,-3.797448224016475e+20,-3.797448224016475e+20,-3.797448224016475e+20,-3.797448224016475e+20,0
2020-12-07,-3.797448224016475e+20,-3.797448224016475e+20,-3.797448224016475e+20,-3.797448224016475e+20,0
2020-12-08,-3.797448224016475e+20,-3.797448224016475e+20,-3.797448224016475e+20,-3.797448224016475e+20,0
2020-12-09,-3.797448224016475e+20,-3.797448224016475e+20,-3.797448224016475e+20,-3.797448224016475e+20,0
2020-12-10,-3.797448224016475e+20,-3.797448224016475e+20,-3.797448224016475e+20,-3.797448224016475e+20,0
2020-12-11,-3.797448224016475e+20,-3.797448224016475e+20,-3.797448224016475e+20,-3.797448224016475e+20,0
2020-12-14,-3.797448224016475e+20,-3.797448224016475e+20,-3.797448224016475e+20,-3.797448224016475e+20,0
2020-12-15,-3.797448224016475e+20,-3.797448224016475e+20,-3.797448224016475e+20,-3.797448224016475e+20,0
2020-12-16,-3.797448224016475e+20,-3.797448224016475e+20,-3.797448224016475e+20,-3.797448224016475e+20,0
2020-12-17,-3.797448224016475e+20,-3.797448224016475e+20,-3.797448224016475e+20,-3.797448224016475e+20,0
2020-12-18,-3.797448224016475e+20,-3.797448224016475e+20,-3.797448224016475e+20,-3.797448224016475e+20,0
2020-12-21,-3.797448224016475e+20,-3.797448224016475e+20,-3.797448224016475e+20,-3.797448224016475e+20,0
2020-12-22,-3.797448224016475e+20,-3.797448224016475e+20,-3.797448224016475e+20,-3.797448224016475e+20,0
2020-12-23,-3.797448224016475e+20,-3.797448224016475e+20,-3.797448224016475e+20,-3.797448224016475e+20,0
2020-12-24,-3.797448224016475e+20,-3.797448224016475e+20,-3.797448224016475e+20,-3.797448224016475e+20,0
2020-12-28,-3.797448224016475e+20,-3.797448224016475e+20,-3.797448224016475e+20,-3.797448224016475e+20,0
2020-12-29,8.89115349901063e+18,8.891153499010631e+18,8.891153499010631e+18,8.891153499010631e+18,0
2020-12-30,8.89115349901063e+18,8.891153499010631e+18,8.891153499010631e+18,8.891153499010631e+18,0
2020-12-31,8.89115349901063e+18,8.891153499010631e+18,8.891153499010631e+18,8.891153499010631e+18,0
2021-01-04,8.89115349901063e+18,8.891153499010631e+18,8.891153499010631e+18,8.891153499010631e+18,0
2021-01-05,8.89115349901063e+18,8.891153499010631e+18,8.891153499010631e+18,8.891153499010631e+18,0
2021-01-06,8.89115349901063e+18,8.891153499010631e+18,8.891153499010631e+18,8.891153499010631e+18,0
2021-01-07,8.89115349901063e+18,8.891153499010631e+18,8.891153499010631e+18,8.891153499010631e+18,0
2021-01-08,8.89115349901063e+18,8.891153499010631e+18,8.891153499010631e+18,8.891153499010631e+18,0
2021-01-11,8.89115349901063e+18,8.891153499010631e+18,8.891153499010631e+18,8.891153499010631e+18,0
2021-01-12,8.89115349901063e+18,8.891153499010631e+18,8.891153499010631e+18,8.891153499010631e+18,0
2021-01-13,8.89115349901063e+18,8.891153499010631e+18,8.891153499010631e+18,8.891153499010631e+18,0
2021-01-14,8.89115349901063e+18,8.891153499010631e+18,8.891153499010631e+18,8.891153499010631e+18,0
2021-01-15,8.89115349901063e+18,8.891153499010631e+18,8.891153499010631e+18,8.891153499010631e+18,0
2021-01-19,8.89115349901063e+18,8.891153499010631e+18,8.891153499010631e+18,8.891153499010631e+18,0
2021-01-20,8.89115349901063e+18,8.891153499010631e+18,8.891153499010631e+18,8.891153499010631e+18,0
2021-01-21,8.89115349901063e+18,8.891153499010631e+18,8.891153499010631e+18,8.891153499010631e+18,0
2021-01-22,8.89115349901063e+18,8.891153499010631e+18,8.891153499010631e+18,8.891153499010631e+18,0
2021-01-25,8.89115349901063e+18,8.891153499010631e+18,8.891153499010631e+18,8.891153499010631e+18,0
2021-01-26,8.89115349901063e+18,8.891153499010631e+18,8.891153499010631e+18,8.891153499010631e+18,0
2021-01-27,8.89115349901063e+18,8.891153499010631e+18,8.891153499010631e+18,8.891153499010631e+18,0
2021-01-28,8.89115349901063e+18,8.891153499010631e+18,8.891153499010631e+18,8.891153499010631e+18,0
2021-01-29,8.89115349901063e+18,8.891153499010631e+18,8.891153499010631e+18,8.891153499010631e+18,0
2021-02-01,8.89115349901063e+18,8.891153499010631e+18,8.891153499010631e+18,8.891153499010631e+18,0
2021-02-02,8.89115349901063e+18,8.891153499010631e+18,8.891153499010631e+18,8.891153499010631e+18,0
2021-02-03,8.89115349901063e+18,8.891153499010631e+18,8.891153499010631e+18,8.891153499010631e+18,0
2021-02-04,8.89115349901063e+18,8.891153499010631e+18,8.891153499010631e+18,8.891153499010631e+18,0
2021-02-05,8.89115349901063e+18,8.891153499010631e+18,8.891153499010631e+18,8.891153499010631e+18,0
2021-02-08,8.89115349901063e+18,8.891153499010631e+18,8.891153499010631e+18,8.891153499010631e+18,0
2021-02-09,8.89115349901063e+18,8.891153499010631e+18,8.891153499010631e+18,8.891153499010631e+18,0
2021-02-10,8.89115349901063e+18,8.891153499010631e+18,8.891153499010631e+18,8.891153499010631e+18,0
2021-02-11,8.89115349901063e+18,8.891153499010631e+18,8.891153499010631e+18,8.891153499010631e+18,0
2021-02-12,8.89115349901063e+18,8.891153499010631e+18,8.891153499010631e+18,8.891153499010631e+18,0
2021-02-16,8.89115349901063e+18,8.891153499010631e+18,8.891153499010631e+18,8.891153499010631e+18,0
2021-02-17,8.89115349901063e+18,8.891153499010631e+18,8.891153499010631e+18,8.891153499010631e+18,0
2021-02-18,8.89115349901063e+18,8.891153499010631e+18,8.891153499010631e+18,8.891153499010631e+18,0
2021-02-19,8.89115349901063e+18,8.891153499010631e+18,8.891153499010631e+18,8.891153499010631e+18,0
2021-02-22,8.89115349901063e+18,8.891153499010631e+18,8.891153499010631e+18,8.891153499010631e+18,0
2021-02-23,8.89115349901063e+18,8.891153499010631e+18,8.891153499010631e+18,8.891153499010631e+18,0
2021-02-24,8.89115349901063e+18,8.891153499010631e+18,8.891153499010631e+18,8.891153499010631e+18,0
2021-02-25,8.89115349901063e+18,8.891153499010631e+18,8.891153499010631e+18,8.891153499010631e+18,0
2021-02-26,8.89115349901063e+18,8.891153499010631e+18,8.891153499010631e+18,8.891153499010631e+18,0
2021-03-01,8.89115349901063e+18,8.891153499010631e+18,8.891153499010631e+18,8.891153499010631e+18,0
2021-03-02,8.89115349901063e+18,8.891153499010631e+18,8.891153499010631e+18,8.891153499010631e+18,0
2021-03-03,8.89115349901063e+18,8.891153499010631e+18,8.891153499010631e+18,8.891153499010631e+18,0
2021-03-04,8.89115349901063e+18,8.891153499010631e+18,8.891153499010631e+18,8.891153499010631e+18,0
2021-03-05,8.89115349901063e+18,8.891153499010631e+18,8.891153499010631e+18,8.891153499010631e+18,0
2021-03-08,8.89115349901063e+18,8.891153499010631e+18,8.891153499010631e+18,8.891153499010631e+18,0
2021-03-09,8.89115349901063e+18,8.891153499010631e+18,8.891153499010631e+18,8.891153499010631e+18,0
2021-03-10,8.89115349901063e+18,8.891153499010631e+18,8.891153499010631e+18,8.891153499010631e+18,0
2021-03-11,8.89115349901063e+18,8.891153499010631e+18,8.891153499010631e+18,8.891153499010631e+18,0
2021-03-12,8.89115349901063e+18,8.891153499010631e+18,8.891153499010631e+18,8.891153499010631e+18,0
2021-03-15,8.89115349901063e+18,8.891153499010631e+18,8.891153499010631e+18,8.891153499010631e+18,0
2021-03-16,8.89115349901063e+18,8.891153499010631e+18,8.891153499010631e+18,8.891153499010631e+18,0
2021-03-17,8.89115349901063e+18,8.891153499010631e+18,8.891153499010631e+18,8.891153499010631e+18,0
2021-03-18,8.89115349901063e+18,8.891153499010631e+18,8.891153499010631e+18,8.891153499010631e+18,0
2021-03-19,8.89115349901063e+18,8.891153499010631e+18,8.891153499010631e+18,8.891153499010631e+18,0
2021-03-22,8.89115349901063e+18,8.891153499010631e+18,8.891153499010631e+18,8.891153499010631e+18,0
2021-03-23,8.89115349901063e+18,8.891153499010631e+18,8.891153499010631e+18,8.891153499010631e+18,0
2021-03-24,8.89115349901063e+18,8.891153499010631e+18,8.891153499010631e+18,8.891153499010631e+18,0
2021-03-25,8.89115349901063e+18,8.891153499010631e+18,8.891153499010631e+18,8.891153499010631e+18,0
2021-03-26,8.89115349901063e+18,8.891153499010631e+18,8.891153499010631e+18,8.891153499010631e+18,0
2021-03-29,8.89115349901063e+18,8.891153499010631e+18,8.891153499010631e+18,8.891153499010631e+18,0
2021-03-30,-1.2404955441749033e+18,-1.2404955441749033e+18,-1.2404955441749033e+18,-1.2404955441749033e+18,0
2021-03-31,-1.2404955441749033e+18,-1.2404955441749033e+18,-1.2404955441749033e+18,-1.2404955441749033e+18,0
2021-04-01,-1.2404955441749033e+18,-1.2404955441749033e+18,-1.2404955441749033e+18,-1.2404955441749033e+18,0
2021-04-05,-1.2404955441749033e+18,-1.2404955441749033e+18,-1.2404955441749033e+18,-1.2404955441749033e+18,0
2021-04-06,-1.2404955441749033e+18,-1.2404955441749033e+18,-1.2404955441749033e+18,-1.2404955441749033e+18,0
2021-04-07,-1.2404955441749033e+18,-1.2404955441749033e+18,-1.2404955441749033e+18,-1.2404955441749033e+18,0
2021-04-08,-1.2404955441749033e+18,-1.2404955441749033e+18,-1.2404955441749033e+18,-1.2404955441749033e+18,0
2021-04-09,-1.2404955441749033e+18,-1.2404955441749033e+18,-1.2404955441749033e+18,-1.2404955441749033e+18,0
2021-04-12,-1.2404955441749033e+18,-1.2404955441749033e+18,-1.2404955441749033e+18,-1.2404955441749033e+18,0
2021-04-13,-1.2404955441749033e+18,-1.2404955441749033e+18,-1.2404955441749033e+18,-1.2404955441749033e+18,0
2021-04-14,-1.2404955441749033e+18,-1.2404955441749033e+18,-1.2404955441749033e+18,-1.2404955441749033e+18,0
2021-04-15,-1.2404955441749033e+18,-1.2404955441749033e+18,-1.2404955441749033e+18,-1.2404955441749033e+18,0
2021-04-16,-1.2404955441749033e+18,-1.2404955441749033e+18,-1.2404955441749033e+18,-1.2404955441749033e+18,0
2021-04-19,-1.2404955441749033e+18,-1.2404955441749033e+18,-1.2404955441749033e+18,-1.2404955441749033e+18,0
2021-04-20,-1.2404955441749033e+18,-1.2404955441749033e+18,-1.2404955441749033e+18,-1.2404955441749033e+18,0
2021-04-21,-1.2404955441749033e+18,-1.2404955441749033e+18,-1.2404955441749033e+18,-1.2404955441749033e+18,0
2021-04-22,-1.2404955441749033e+18,-1.2404955441749033e+18,-1.2404955441749033e+18,-1.2404955441749033e+18,0
2021-04-23,-1.2404955441749033e+18,-1.2404955441749033e+18,-1.2404955441749033e+18,-1.2404955441749033e+18,0
2021-04-26,-1.2404955441749033e+18,-1.2404955441749033e+18,-1.2404955441749033e+18,-1.2404955441749033e+18,0
2021-04-27,-1.2404955441749033e+18,-1.2404955441749033e+18,-1.2404955441749033e+18,-1.2404955441749033e+18,0
2021-04-28,-1.2404955441749033e+18,-1.2404955441749033e+18,-1.2404955441749033e+18,-1.2404955441749033e+18,0
2021-04-29,-1.2404955441749033e+18,-1.2404955441749033e+18,-1.2404955441749033e+18,-1.2404955441749033e+18,0
2021-04-30,-1.2404955441749033e+18,-1.2404955441749033e+18,-1.2404955441749033e+18,-1.2404955441749033e+18,0
2021-05-03,-1.2404955441749033e+18,-1.2404955441749033e+18,-1.2404955441749033e+18,-1.2404955441749033e+18,0
2021-05-04,-1.2404955441749033e+18,-1.2404955441749033e+18,-1.2404955441749033e+18,-1.2404955441749033e+18,0
2021-05-05,-1.2404955441749033e+18,-1.2404955441749033e+18,-1.2404955441749033e+18,-1.2404955441749033e+18,0
2021-05-06,-1.2404955441749033e+18,-1.2404955441749033e+18,-1.2404955441749033e+18,-1.2404955441749033e+18,0
2021-05-07,-1.2404955441749033e+18,-1.2404955441749033e+18,-1.2404955441749033e+18,-1.2404955441749033e+18,0
2021-05-10,-1.2404955441749033e+18,-1.2404955441749033e+18,-1.2404955441749033e+18,-1.2404955441749033e+18,0
2021-05-11,-1.2404955441749033e+18,-1.2404955441749033e+18,-1.2404955441749033e+18,-1.2404955441749033e+18,0
2021-05-12,-1.2404955441749033e+18,-1.2404955441749033e+18,-1.2404955441749033e+18,-1.2404955441749033e+18,0
2021-05-13,-1.2404955441749033e+18,-1.2404955441749033e+18,-1.2404955441749033e+18,-1.2404955441749033e+18,0
2021-05-14,-1.2404955441749033e+18,-1.2404955441749033e+18,-1.2404955441749033e+18,-1.2404955441749033e+18,0
2021-05-17,-1.2404955441749033e+18,-1.2404955441749033e+18,-1.2404955441749033e+18,-1.2404955441749033e+18,0
2021-05-18,-1.2404955441749033e+18,-1.2404955441749033e+18,-1.2404955441749033e+18,-1.2404955441749033e+18,0
2021-05-19,-1.2404955441749033e+18,-1.2404955441749033e+18,-1.2404955441749033e+18,-1.2404955441749033e+18,0
2021-05-20,-1.2404955441749033e+18,-1.2404955441749033e+18,-1.2404955441749033e+18,-1.2404955441749033e+18,0
2021-05-21,-1.2404955441749033e+18,-1.2404955441749033e+18,-1.2404955441749033e+18,-1.2404955441749033e+18,0
2021-05-24,-1.2404955441749033e+18,-1.2404955441749033e+18,-1.2404955441749033e+18,-1.2404955441749033e+18,0
2021-05-25,-1.2404955441749033e+18,-1.2404955441749033e+18,-1.2404955441749033e+18,-1.2404955441749033e+18,0
2021-05-26,-1.2404955441749033e+18,-1.2404955441749033e+18,-1.2404955441749033e+18,-1.2404955441749033e+18,0
2021-05-27,-1.2404955441749033e+18,-1.2404955441749033e+18,-1.2404955441749033e+18,-1.2404955441749033e+18,0
2021-05-28,-1.2404955441749033e+18,-1.2404955441749033e+18,-1.2404955441749033e+18,-1.2404955441749033e+18,0
2021-06-01,-1.2404955441749033e+18,-1.2404955441749033e+18,-1.2404955441749033e+18,-1.2404955441749033e+18,0
2021-06-02,-1.2404955441749033e+18,-1.2404955441749033e+18,-1.2404955441749033e+18,-1.2404955441749033e+18,0
2021-06-03,-1.2404955441749033e+18,-1.2404955441749033e+18,-1.2404955441749033e+18,-1.2404955441749033e+18,0
2021-06-04,-1.2404955441749033e+18,-1.2404955441749033e+18,-1.2404955441749033e+18,-1.2404955441749033e+18,0
2021-06-07,-1.2404955441749033e+18,-1.2404955441749033e+18,-1.2404955441749033e+18,-1.2404955441749033e+18,0
2021-06-08,-1.2404955441749033e+18,-1.2404955441749033e+18,-1.2404955441749033e+18,-1.2404955441749033e+18,0
2021-06-09,-1.2404955441749033e+18,-1.2404955441749033e+18,-1.2404955441749033e+18,-1.2404955441749033e+18,0
2021-06-10,-1.2404955441749033e+18,-1.2404955441749033e+18,-1.2404955441749033e+18,-1.2404955441749033e+18,0
2021-06-11,-1.2404955441749033e+18,-1.2404955441749033e+18,-1.2404955441749033e+18,-1.2404955441749033e+18,0
2021-06-14,-1.2404955441749033e+18,-1.2404955441749033e+18,-1.2404955441749033e+18,-1.2404955441749033e+18,0
2021-06-15,-1.2404955441749033e+18,-1.2404955441749033e+18,-1.2404955441749033e+18,-1.2404955441749033e+18,0
2021-06-16,-1.2404955441749033e+18,-1.2404955441749033e+18,-1.2404955441749033e+18,-1.2404955441749033e+18,0
2021-06-17,-1.2404955441749033e+18,-1.2404955441749033e+18,-1.2404955441749033e+18,-1.2404955441749033e+18,0
2021-06-18,-1.2404955441749033e+18,-1.2404955441749033e+18,-1.2404955441749033e+18,-1.2404955441749033e+18,0
2021-06-21,-1.2404955441749033e+18,-1.2404955441749033e+18,-1.2404955441749033e+18,-1.2404955441749033e+18,0
2021-06-22,-1.2404955441749033e+18,-1.2404955441749033e+18,-1.2404955441749033e+18,-1.2404955441749033e+18,0
2021-06-23,-1.2404955441749033e+18,-1.2404955441749033e+18,-1.2404955441749033e+18,-1.2404955441749033e+18,0
2021-06-24,-1.2404955441749033e+18,-1.2404955441749033e+18,-1.2404955441749033e+18,-1.2404955441749033e+18,0
2021-06-25,-1.2404955441749033e+18,-1.2404955441749033e+18,-1.2404955441749033e+18,-1.2404955441749033e+18,0
2021-06-28,-1.2404955441749033e+18,-1.2404955441749033e+18,-1.2404955441749033e+18,-1.2404955441749033e+18,0
2021-06-29,1.7307421122756608e+17,1.7307421122756608e+17,1.7307421122756608e+17,1.7307421122756608e+17,0
2021-06-30,1.7307421122756608e+17,1.7307421122756608e+17,1.7307421122756608e+17,1.7307421122756608e+17,0
2021-07-01,1.7307421122756608e+17,1.7307421122756608e+17,1.7307421122756608e+17,1.7307421122756608e+17,0
2021-07-02,1.7307421122756608e+17,1.7307421122756608e+17,1.7307421122756608e+17,1.7307421122756608e+17,0
2021-07-06,1.7307421122756608e+17,1.7307421122756608e+17,1.7307421122756608e+17,1.7307421122756608e+17,0
2021-07-07,1.7307421122756608e+17,1.7307421122756608e+17,1.7307421122756608e+17,1.7307421122756608e+17,0
2021-07-08,1.7307421122756608e+17,1.7307421122756608e+17,1.7307421122756608e+17,1.7307421122756608e+17,0
2021-07-09,1.7307421122756608e+17,1.7307421122756608e+17,1.7307421122756608e+17,1.7307421122756608e+17,0
2021-07-12,1.7307421122756608e+17,1.7307421122756608e+17,1.7307421122756608e+17,1.7307421122756608e+17,0
2021-07-13,1.7307421122756608e+17,1.7307421122756608e+17,1.7307421122756608e+17,1.7307421122756608e+17,0
2021-07-14,1.7307421122756608e+17,1.7307421122756608e+17,1.7307421122756608e+17,1.7307421122756608e+17,0
2021-07-15,1.7307421122756608e+17,1.7307421122756608e+17,1.7307421122756608e+17,1.7307421122756608e+17,0
2021-07-16,1.7307421122756608e+17,1.7307421122756608e+17,1.7307421122756608e+17,1.7307421122756608e+17,0
2021-07-19,1.7307421122756608e+17,1.7307421122756608e+17,1.7307421122756608e+17,1.7307421122756608e+17,0
2021-07-20,1.7307421122756608e+17,1.7307421122756608e+17,1.7307421122756608e+17,1.7307421122756608e+17,0
2021-07-21,1.7307421122756608e+17,1.7307421122756608e+17,1.7307421122756608e+17,1.7307421122756608e+17,0
2021-07-22,1.7307421122756608e+17,1.7307421122756608e+17,1.7307421122756608e+17,1.7307421122756608e+17,0
2021-07-23,1.7307421122756608e+17,1.7307421122756608e+17,1.7307421122756608e+17,1.7307421122756608e+17,0
2021-07-26,1.7307421122756608e+17,1.7307421122756608e+17,1.7307421122756608e+17,1.7307421122756608e+17,0
2021-07-27,1.7307421122756608e+17,1.7307421122756608e+17,1.7307421122756608e+17,1.7307421122756608e+17,0
2021-07-28,1.7307421122756608e+17,1.7307421122756608e+17,1.7307421122756608e+17,1.7307421122756608e+17,0
2021-07-29,1.7307421122756608e+17,1.7307421122756608e+17,1.7307421122756608e+17,1.7307421122756608e+17,0
2021-07-30,1.7307421122756608e+17,1.7307421122756608e+17,1.7307421122756608e+17,1.7307421122756608e+17,0
2021-08-02,1.7307421122756608e+17,1.7307421122756608e+17,1.7307421122756608e+17,1.7307421122756608e+17,0
2021-08-03,1.7307421122756608e+17,1.7307421122756608e+17,1.7307421122756608e+17,1.7307421122756608e+17,0
2021-08-04,1.7307421122756608e+17,1.7307421122756608e+17,1.7307421122756608e+17,1.7307421122756608e+17,0
2021-08-05,1.7307421122756608e+17,1.7307421122756608e+17,1.7307421122756608e+17,1.7307421122756608e+17,0
2021-08-06,1.7307421122756608e+17,1.7307421122756608e+17,1.7307421122756608e+17,1.7307421122756608e+17,0
2021-08-09,1.7307421122756608e+17,1.7307421122756608e+17,1.7307421122756608e+17,1.7307421122756608e+17,0
2021-08-10,1.7307421122756608e+17,1.7307421122756608e+17,1.7307421122756608e+17,1.7307421122756608e+17,0
2021-08-11,1.7307421122756608e+17,1.7307421122756608e+17,1.7307421122756608e+17,1.7307421122756608e+17,0
2021-08-12,1.7307421122756608e+17,1.7307421122756608e+17,1.7307421122756608e+17,1.7307421122756608e+17,0
2021-08-13,1.7307421122756608e+17,1.7307421122756608e+17,1.7307421122756608e+17,1.7307421122756608e+17,0
2021-08-16,1.7307421122756608e+17,1.7307421122756608e+17,1.7307421122756608e+17,1.7307421122756608e+17,0
2021-08-17,1.7307421122756608e+17,1.7307421122756608e+17,1.7307421122756608e+17,1.7307421122756608e+17,0
2021-08-18,1.7307421122756608e+17,1.7307421122756608e+17,1.7307421122756608e+17,1.7307421122756608e+17,0
2021-08-19,1.7307421122756608e+17,1.7307421122756608e+17,1.7307421122756608e+17,1.7307421122756608e+17,0
2021-08-20,1.7307421122756608e+17,1.7307421122756608e+17,1.7307421122756608e+17,1.7307421122756608e+17,0
2021-08-23,1.7307421122756608e+17,1.7307421122756608e+17,1.7307421122756608e+17,1.7307421122756608e+17,0
2021-08-24,1.7307421122756608e+17,1.7307421122756608e+17,1.7307421122756608e+17,1.7307421122756608e+17,0
2021-08-25,1.7307421122756608e+17,1.7307421122756608e+17,1.7307421122756608e+17,1.7307421122756608e+17,0
2021-08-26,1.7307421122756608e+17,1.7307421122756608e+17,1.7307421122756608e+17,1.7307421122756608e+17,0
2021-08-27,1.7307421122756608e+17,1.7307421122756608e+17,1.7307421122756608e+17,1.7307421122756608e+17,0
2021-08-30,1.7307421122756608e+17,1.7307421122756608e+17,1.7307421122756608e+17,1.7307421122756608e+17,0
2021-08-31,1.7307421122756608e+17,1.7307421122756608e+17,1.7307421122756608e+17,1.7307421122756608e+17,0
2021-09-01,1.7307421122756608e+17,1.7307421122756608e+17,1.7307421122756608e+17,1.7307421122756608e+17,0
2021-09-02,1.7307421122756608e+17,1.7307421122756608e+17,1.7307421122756608e+17,1.7307421122756608e+17,0
2021-09-03,1.7307421122756608e+17,1.7307421122756608e+17,1.7307421122756608e+17,1.7307421122756608e+17,0
2021-09-07,1.7307421122756608e+17,1.7307421122756608e+17,1.7307421122756608e+17,1.7307421122756608e+17,0
2021-09-08,1.7307421122756608e+17,1.7307421122756608e+17,1.7307421122756608e+17,1.7307421122756608e+17,0
2021-09-09,1.7307421122756608e+17,1.7307421122756608e+17,1.7307421122756608e+17,1.7307421122756608e+17,0
2021-09-10,1.7307421122756608e+17,1.7307421122756608e+17,1.7307421122756608e+17,1.7307421122756608e+17,0
2021-09-13,1.7307421122756608e+17,1.7307421122756608e+17,1.7307421122756608e+17,1.7307421122756608e+17,0
2021-09-14,1.7307421122756608e+17,1.7307421122756608e+17,1.7307421122756608e+17,1.7307421122756608e+17,0
2021-09-15,1.7307421122756608e+17,1.7307421122756608e+17,1.7307421122756608e+17,1.7307421122756608e+17,0
2021-09-16,1.7307421122756608e+17,1.7307421122756608e+17,1.7307421122756608e+17,1.7307421122756608e+17,0
2021-09-17,1.7307421122756608e+17,1.7307421122756608e+17,1.7307421122756608e+17,1.7307421122756608e+17,0
2021-09-20,1.7307421122756608e+17,1.7307421122756608e+17,1.7307421122756608e+17,1.7307421122756608e+17,0
2021-09-21,1.7307421122756608e+17,1.7307421122756608e+17,1.7307421122756608e+17,1.7307421122756608e+17,0
2021-09-22,1.7307421122756608e+17,1.7307421122756608e+17,1.7307421122756608e+17,1.7307421122756608e+17,0
2021-09-23,1.7307421122756608e+17,1.7307421122756608e+17,1.7307421122756608e+17,1.7307421122756608e+17,0
2021-09-24,1.7307421122756608e+17,1.7307421122756608e+17,1.7307421122756608e+17,1.7307421122756608e+17,0
2021-09-27,1.7307421122756608e+17,1.7307421122756608e+17,1.7307421122756608e+17,1.7307421122756608e+17,0
2021-09-28,1.7307421122756608e+17,1.7307421122756608e+17,1.7307421122756608e+17,1.7307421122756608e+17,0
2021-09-29,-2.414735625761587e+16,-2.414735625761587e+16,-2.414735625761587e+16,-2.414735625761587e+16,0
2021-09-30,-2.414735625761587e+16,-2.414735625761587e+16,-2.414735625761587e+16,-2.414735625761587e+16,0
2021-10-01,-2.414735625761587e+16,-2.414735625761587e+16,-2.414735625761587e+16,-2.414735625761587e+16,0
2021-10-04,-2.414735625761587e+16,-2.414735625761587e+16,-2.414735625761587e+16,-2.414735625761587e+16,0
2021-10-05,-2.414735625761587e+16,-2.414735625761587e+16,-2.414735625761587e+16,-2.414735625761587e+16,0
2021-10-06,-2.414735625761587e+16,-2.414735625761587e+16,-2.414735625761587e+16,-2.414735625761587e+16,0
2021-10-07,-2.414735625761587e+16,-2.414735625761587e+16,-2.414735625761587e+16,-2.414735625761587e+16,0
2021-10-08,-2.414735625761587e+16,-2.414735625761587e+16,-2.414735625761587e+16,-2.414735625761587e+16,0
2021-10-11,-2.414735625761587e+16,-2.414735625761587e+16,-2.414735625761587e+16,-2.414735625761587e+16,0
2021-10-12,-2.414735625761587e+16,-2.414735625761587e+16,-2.414735625761587e+16,-2.414735625761587e+16,0
2021-10-13,-3.154999438527693e+16,-3.154999438527693e+16,-3.154999438527693e+16,-3.154999438527693e+16,1
2021-10-14,-3.154999438527693e+16,-3.154999438527693e+16,-3.154999438527693e+16,-3.154999438527693e+16,0
2021-10-15,-3.154999438527693e+16,-3.154999438527693e+16,-3.154999438527693e+16,-3.154999438527693e+16,0
2021-10-18,-3.154999438527693e+16,-3.154999438527693e+16,-3.154999438527693e+16,-3.154999438527693e+16,0
2021-10-19,-3.154999438527693e+16,-3.154999438527693e+16,-3.154999438527693e+16,-3.154999438527693e+16,0
2021-10-20,-3.154999438527693e+16,-3.154999438527693e+16,-3.154999438527693e+16,-3.154999438527693e+16,0
2021-10-21,-3.154999438527693e+16,-3.154999438527693e+16,-3.154999438527693e+16,-3.154999438527693e+16,0
2021-10-22,-3.154999438527693e+16,-3.154999438527693e+16,-3.154999438527693e+16,-3.154999438527693e+16,0
2021-10-25,-3.154999438527693e+16,-3.154999438527693e+16,-3.154999438527693e+16,-3.154999438527693e+16,0
2021-10-26,-3.154999438527693e+16,-3.154999438527693e+16,-3.154999438527693e+16,-3.154999438527693e+16,0
2021-10-27,-3.154999438527693e+16,-3.154999438527693e+16,-3.154999438527693e+16,-3.154999438527693e+16,0
2021-10-28,-3.154999438527693e+16,-3.154999438527693e+16,-3.154999438527693e+16,-3.154999438527693e+16,0
2021-10-29,-3.154999438527693e+16,-3.154999438527693e+16,-3.154999438527693e+16,-3.154999438527693e+16,0
2021-11-01,-3.154999438527693e+16,-3.154999438527693e+16,-3.154999438527693e+16,-3.154999438527693e+16,0
2021-11-02,-3.154999438527693e+16,-3.154999438527693e+16,-3.154999438527693e+16,-3.154999438527693e+16,0
2021-11-03,-3.154999438527693e+16,-3.154999438527693e+16,-3.154999438527693e+16,-3.154999438527693e+16,0
2021-11-04,-3.154999438527693e+16,-3.154999438527693e+16,-3.154999438527693e+16,-3.154999438527693e+16,0
2021-11-05,-3.154999438527693e+16,-3.154999438527693e+16,-3.154999438527693e+16,-3.154999438527693e+16,0
2021-11-08,-3.154999438527693e+16,-3.154999438527693e+16,-3.154999438527693e+16,-3.154999438527693e+16,0
2021-11-09,-3.154999438527693e+16,-3.154999438527693e+16,-3.154999438527693e+16,-3.154999438527693e+16,0
2021-11-10,-3.154999438527693e+16,-3.154999438527693e+16,-3.154999438527693e+16,-3.154999438527693e+16,0
2021-11-11,-3.154999438527693e+16,-3.154999438527693e+16,-3.154999438527693e+16,-3.154999438527693e+16,0
2021-11-12,-3.154999438527693e+16,-3.154999438527693e+16,-3.154999438527693e+16,-3.154999438527693e+16,0
2021-11-15,-3.154999438527693e+16,-3.154999438527693e+16,-3.154999438527693e+16,-3.154999438527693e+16,0
2021-11-16,-3.154999438527693e+16,-3.154999438527693e+16,-3.154999438527693e+16,-3.154999438527693e+16,0
2021-11-17,-3.154999438527693e+16,-3.154999438527693e+16,-3.154999438527693e+16,-3.154999438527693e+16,0
2021-11-18,-3.154999438527693e+16,-3.154999438527693e+16,-3.154999438527693e+16,-3.154999438527693e+16,0
2021-11-19,-3.154999438527693e+16,-3.154999438527693e+16,-3.154999438527693e+16,-3.154999438527693e+16,0
2021-11-22,-3.154999438527693e+16,-3.154999438527693e+16,-3.154999438527693e+16,-3.154999438527693e+16,0
2021-11-23,-3.154999438527693e+16,-3.154999438527693e+16,-3.154999438527693e+16,-3.154999438527693e+16,0
2021-11-24,-3.154999438527693e+16,-3.154999438527693e+16,-3.154999438527693e+16,-3.154999438527693e+16,0
2021-11-26,-3.154999438527693e+16,-3.154999438527693e+16,-3.154999438527693e+16,-3.154999438527693e+16,0
2021-11-29,-3.154999438527693e+16,-3.154999438527693e+16,-3.154999438527693e+16,-3.154999438527693e+16,0
2021-11-30,-3.154999438527693e+16,-3.154999438527693e+16,-3.154999438527693e+16,-3.154999438527693e+16,0
2021-12-01,-3.154999438527693e+16,-3.154999438527693e+16,-3.154999438527693e+16,-3.154999438527693e+16,0
2021-12-02,-3.154999438527693e+16,-3.154999438527693e+16,-3.154999438527693e+16,-3.154999438527693e+16,0
2021-12-03,-3.154999438527693e+16,-3.154999438527693e+16,-3.154999438527693e+16,-3.154999438527693e+16,0
2021-12-06,-3.154999438527693e+16,-3.154999438527693e+16,-3.154999438527693e+16,-3.154999438527693e+16,0
2021-12-07,-3.154999438527693e+16,-3.154999438527693e+16,-3.154999438527693e+16,-3.154999438527693e+16,0
2021-12-08,-3.154999438527693e+16,-3.154999438527693e+16,-3.154999438527693e+16,-3.154999438527693e+16,0
2021-12-09,-3.154999438527693e+16,-3.154999438527693e+16,-3.154999438527693e+16,-3.154999438527693e+16,0
2021-12-10,-3.154999438527693e+16,-3.154999438527693e+16,-3.154999438527693e+16,-3.154999438527693e+16,0
2021-12-13,-3.154999438527693e+16,-3.154999438527693e+16,-3.154999438527693e+16,-3.154999438527693e+16,0
2021-12-14,-3.154999438527693e+16,-3.154999438527693e+16,-3.154999438527693e+16,-3.154999438527693e+16,0
2021-12-15,-3.154999438527693e+16,-3.154999438527693e+16,-3.154999438527693e+16,-3.154999438527693e+16,0
2021-12-16,-3.154999438527693e+16,-3.154999438527693e+16,-3.154999438527693e+16,-3.154999438527693e+16,0
2021-12-17,-3.154999438527693e+16,-3.154999438527693e+16,-3.154999438527693e+16,-3.154999438527693e+16,0
2021-12-20,-3.154999438527693e+16,-3.154999438527693e+16,-3.154999438527693e+16,-3.154999438527693e+16,0
2021-12-21,-3.154999438527693e+16,-3.154999438527693e+16,-3.154999438527693e+16,-3.154999438527693e+16,0
2021-12-22,-3.154999438527693e+16,-3.154999438527693e+16,-3.154999438527693e+16,-3.154999438527693e+16,0
2021-12-23,-3.154999438527693e+16,-3.154999438527693e+16,-3.154999438527693e+16,-3.154999438527693e+16,0
2021-12-27,-3.154999438527693e+16,-3.154999438527693e+16,-3.154999438527693e+16,-3.154999438527693e+16,0
2021-12-28,-3.154999438527693e+16,-3.154999438527693e+16,-3.154999438527693e+16,-3.154999438527693e+16,0
2021-12-29,6008283974336512.0,6008283974336512.0,6008283974336512.0,6008283974336512.0,0
2021-12-30,6008283974336512.0,6008283974336512.0,6008283974336512.0,6008283974336512.0,0
2021-12-31,6008283974336512.0,6008283974336512.0,6008283974336512.0,6008283974336512.0,0
2022-01-03,6008283974336512.0,6008283974336512.0,6008283974336512.0,6008283974336512.0,0
2022-01-04,6008283974336512.0,6008283974336512.0,6008283974336512.0,6008283974336512.0,0
2022-01-05,6008283974336512.0,6008283974336512.0,6008283974336512.0,6008283974336512.0,0
2022-01-06,6008283974336512.0,6008283974336512.0,6008283974336512.0,6008283974336512.0,0
2022-01-07,6008283974336512.0,6008283974336512.0,6008283974336512.0,6008283974336512.0,0
2022-01-10,6008283974336512.0,6008283974336512.0,6008283974336512.0,6008283974336512.0,0
2022-01-11,6008283974336512.0,6008283974336512.0,6008283974336512.0,6008283974336512.0,0
2022-01-12,6008283974336512.0,6008283974336512.0,6008283974336512.0,6008283974336512.0,0
2022-01-13,6008283974336512.0,6008283974336512.0,6008283974336512.0,6008283974336512.0,0
2022-01-14,6008283974336512.0,6008283974336512.0,6008283974336512.0,6008283974336512.0,0
2022-01-18,6008283974336512.0,6008283974336512.0,6008283974336512.0,6008283974336512.0,0
2022-01-19,6008283974336512.0,6008283974336512.0,6008283974336512.0,6008283974336512.0,0
2022-01-20,6008283974336512.0,6008283974336512.0,6008283974336512.0,6008283974336512.0,0
2022-01-21,6008283974336512.0,6008283974336512.0,6008283974336512.0,6008283974336512.0,0
2022-01-24,6008283974336512.0,6008283974336512.0,6008283974336512.0,6008283974336512.0,0
2022-01-25,6008283974336512.0,6008283974336512.0,6008283974336512.0,6008283974336512.0,0
2022-01-26,6008283974336512.0,6008283974336512.0,6008283974336512.0,6008283974336512.0,0
2022-01-27,6008283974336512.0,6008283974336512.0,6008283974336512.0,6008283974336512.0,0
2022-01-28,6008283974336512.0,6008283974336512.0,6008283974336512.0,6008283974336512.0,0
2022-01-31,6008283974336512.0,6008283974336512.0,6008283974336512.0,6008283974336512.0,0
2022-02-01,6008283974336512.0,6008283974336512.0,6008283974336512.0,6008283974336512.0,0
2022-02-02,6008283974336512.0,6008283974336512.0,6008283974336512.0,6008283974336512.0,0
2022-02-03,6008283974336512.0,6008283974336512.0,6008283974336512.0,6008283974336512.0,0
2022-02-04,6008283974336512.0,6008283974336512.0,6008283974336512.0,6008283974336512.0,0
2022-02-07,6008283974336512.0,6008283974336512.0,6008283974336512.0,6008283974336512.0,0
2022-02-08,6008283974336512.0,6008283974336512.0,6008283974336512.0,6008283974336512.0,0
2022-02-09,6008283974336512.0,6008283974336512.0,6008283974336512.0,6008283974336512.0,0
2022-02-10,6008283974336512.0,6008283974336512.0,6008283974336512.0,6008283974336512.0,0
2022-02-11,6008283974336512.0,6008283974336512.0,6008283974336512.0,6008283974336512.0,0
2022-02-14,6008283974336512.0,6008283974336512.0,6008283974336512.0,6008283974336512.0,0
2022-02-15,6008283974336512.0,6008283974336512.0,6008283974336512.0,6008283974336512.0,0
2022-02-16,6008283974336512.0,6008283974336512.0,6008283974336512.0,6008283974336512.0,0
2022-02-17,6008283974336512.0,6008283974336512.0,6008283974336512.0,6008283974336512.0,0
2022-02-18,6008283974336512.0,6008283974336512.0,6008283974336512.0,6008283974336512.0,0
2022-02-22,6008283974336512.0,6008283974336512.0,6008283974336512.0,6008283974336512.0,0
2022-02-23,6008283974336512.0,6008283974336512.0,6008283974336512.0,6008283974336512.0,0
2022-02-24,6008283974336512.0,6008283974336512.0,6008283974336512.0,6008283974336512.0,0
2022-02-25,6008283974336512.0,6008283974336512.0,6008283974336512.0,6008283974336512.0,0
2022-02-28,6008283974336512.0,6008283974336512.0,6008283974336512.0,6008283974336512.0,0
2022-03-01,6008283974336512.0,6008283974336512.0,6008283974336512.0,6008283974336512.0,0
2022-03-02,6008283974336512.0,6008283974336512.0,6008283974336512.0,6008283974336512.0,0
2022-03-03,6008283974336512.0,6008283974336512.0,6008283974336512.0,6008283974336512.0,0
2022-03-04,6008283974336512.0,6008283974336512.0,6008283974336512.0,6008283974336512.0,0
2022-03-07,6008283974336512.0,6008283974336512.0,6008283974336512.0,6008283974336512.0,0
2022-03-08,6008283974336512.0,6008283974336512.0,6008283974336512.0,6008283974336512.0,0
2022-03-09,6008283974336512.0,6008283974336512.0,6008283974336512.0,6008283974336512.0,0
2022-03-10,6008283974336512.0,6008283974336512.0,6008283974336512.0,6008283974336512.0,0
2022-03-11,6008283974336512.0,6008283974336512.0,6008283974336512.0,6008283974336512.0,0
2022-03-14,6008283974336512.0,6008283974336512.0,6008283974336512.0,6008283974336512.0,0
2022-03-15,6008283974336512.0,6008283974336512.0,6008283974336512.0,6008283974336512.0,0
2022-03-16,6008283974336512.0,6008283974336512.0,6008283974336512.0,6008283974336512.0,0
2022-03-17,6008283974336512.0,6008283974336512.0,6008283974336512.0,6008283974336512.0,0
2022-03-18,6008283974336512.0,6008283974336512.0,6008283974336512.0,6008283974336512.0,0
2022-03-21,6008283974336512.0,6008283974336512.0,6008283974336512.0,6008283974336512.0,0
2022-03-22,6008283974336512.0,6008283974336512.0,6008283974336512.0,6008283974336512.0,0
2022-03-23,6008283974336512.0,6008283974336512.0,6008283974336512.0,6008283974336512.0,0
2022-03-24,6008283974336512.0,6008283974336512.0,6008283974336512.0,6008283974336512.0,0
2022-03-25,6008283974336512.0,6008283974336512.0,6008283974336512.0,6008283974336512.0,0
2022-03-28,6008283974336512.0,6008283974336512.0,6008283974336512.0,6008283974336512.0,0
2022-03-29,6008283974336512.0,6008283974336512.0,6008283974336512.0,6008283974336512.0,0
2022-03-30,-1144199286095872.0,-1144199286095872.0,-1144199286095872.0,-1144199286095872.0,0
2022-03-31,-1144199286095872.0,-1144199286095872.0,-1144199286095872.0,-1144199286095872.0,0
2022-04-01,-1144199286095872.0,-1144199286095872.0,-1144199286095872.0,-1144199286095872.0,0
2022-04-04,-1144199286095872.0,-1144199286095872.0,-1144199286095872.0,-1144199286095872.0,0
2022-04-05,-1144199286095872.0,-1144199286095872.0,-1144199286095872.0,-1144199286095872.0,0
2022-04-06,-1144199286095872.0,-1144199286095872.0,-1144199286095872.0,-1144199286095872.0,0
2022-04-07,-1144199286095872.0,-1144199286095872.0,-1144199286095872.0,-1144199286095872.0,0
2022-04-08,-1144199286095872.0,-1144199286095872.0,-1144199286095872.0,-1144199286095872.0,0
2022-04-11,-1144199286095872.0,-1144199286095872.0,-1144199286095872.0,-1144199286095872.0,0
2022-04-12,-1144199286095872.0,-1144199286095872.0,-1144199286095872.0,-1144199286095872.0,0
2022-04-13,-1144199286095872.0,-1144199286095872.0,-1144199286095872.0,-1144199286095872.0,0
2022-04-14,-1144199286095872.0,-1144199286095872.0,-1144199286095872.0,-1144199286095872.0,0
2022-04-18,-1144199286095872.0,-1144199286095872.0,-1144199286095872.0,-1144199286095872.0,0
2022-04-19,-1144199286095872.0,-1144199286095872.0,-1144199286095872.0,-1144199286095872.0,0
2022-04-20,-1144199286095872.0,-1144199286095872.0,-1144199286095872.0,-1144199286095872.0,0
2022-04-21,-1144199286095872.0,-1144199286095872.0,-1144199286095872.0,-1144199286095872.0,0
2022-04-22,-1144199286095872.0,-1144199286095872.0,-1144199286095872.0,-1144199286095872.0,0
2022-04-25,-1144199286095872.0,-1144199286095872.0,-1144199286095872.0,-1144199286095872.0,0
2022-04-26,-1144199286095872.0,-1144199286095872.0,-1144199286095872.0,-1144199286095872.0,0
2022-04-27,-1144199286095872.0,-1144199286095872.0,-1144199286095872.0,-1144199286095872.0,0
2022-04-28,-1144199286095872.0,-1144199286095872.0,-1144199286095872.0,-1144199286095872.0,0
2022-04-29,-1144199286095872.0,-1144199286095872.0,-1144199286095872.0,-1144199286095872.0,0
2022-05-02,-1144199286095872.0,-1144199286095872.0,-1144199286095872.0,-1144199286095872.0,0
2022-05-03,-1144199286095872.0,-1144199286095872.0,-1144199286095872.0,-1144199286095872.0,0
2022-05-04,-1144199286095872.0,-1144199286095872.0,-1144199286095872.0,-1144199286095872.0,0
2022-05-05,-1144199286095872.0,-1144199286095872.0,-1144199286095872.0,-1144199286095872.0,0
2022-05-06,-1144199286095872.0,-1144199286095872.0,-1144199286095872.0,-1144199286095872.0,0
2022-05-09,-1144199286095872.0,-1144199286095872.0,-1144199286095872.0,-1144199286095872.0,0
2022-05-10,-1144199286095872.0,-1144199286095872.0,-1144199286095872.0,-1144199286095872.0,0
2022-05-11,-1144199286095872.0,-1144199286095872.0,-1144199286095872.0,-1144199286095872.0,0
2022-05-12,-1144199286095872.0,-1144199286095872.0,-1144199286095872.0,-1144199286095872.0,0
2022-05-13,-1144199286095872.0,-1144199286095872.0,-1144199286095872.0,-1144199286095872.0,0
2022-05-16,-1144199286095872.0,-1144199286095872.0,-1144199286095872.0,-1144199286095872.0,0
2022-05-17,-1144199286095872.0,-1144199286095872.0,-1144199286095872.0,-1144199286095872.0,0
2022-05-18,-1144199286095872.0,-1144199286095872.0,-1144199286095872.0,-1144199286095872.0,0
2022-05-19,-1144199286095872.0,-1144199286095872.0,-1144199286095872.0,-1144199286095872.0,0
2022-05-20,-1144199286095872.0,-1144199286095872.0,-1144199286095872.0,-1144199286095872.0,0
2022-05-23,-1144199286095872.0,-1144199286095872.0,-1144199286095872.0,-1144199286095872.0,0
2022-05-24,-1144199286095872.0,-1144199286095872.0,-1144199286095872.0,-1144199286095872.0,0
2022-05-25,-1144199286095872.0,-1144199286095872.0,-1144199286095872.0,-1144199286095872.0,0
2022-05-26,-1144199286095872.0,-1144199286095872.0,-1144199286095872.0,-1144199286095872.0,0
2022-05-27,-1144199286095872.0,-1144199286095872.0,-1144199286095872.0,-1144199286095872.0,0
2022-05-31,-1144199286095872.0,-1144199286095872.0,-1144199286095872.0,-1144199286095872.0,0
2022-06-01,-1144199286095872.0,-1144199286095872.0,-1144199286095872.0,-1144199286095872.0,0
2022-06-02,-1144199286095872.0,-1144199286095872.0,-1144199286095872.0,-1144199286095872.0,0
2022-06-03,-1144199286095872.0,-1144199286095872.0,-1144199286095872.0,-1144199286095872.0,0
2022-06-06,-1144199286095872.0,-1144199286095872.0,-1144199286095872.0,-1144199286095872.0,0
2022-06-07,-1144199286095872.0,-1144199286095872.0,-1144199286095872.0,-1144199286095872.0,0
2022-06-08,-1144199286095872.0,-1144199286095872.0,-1144199286095872.0,-1144199286095872.0,0
2022-06-09,-1144199286095872.0,-1144199286095872.0,-1144199286095872.0,-1144199286095872.0,0
2022-06-10,-1144199286095872.0,-1144199286095872.0,-1144199286095872.0,-1144199286095872.0,0
2022-06-13,-1144199286095872.0,-1144199286095872.0,-1144199286095872.0,-1144199286095872.0,0
2022-06-14,-1144199286095872.0,-1144199286095872.0,-1144199286095872.0,-1144199286095872.0,0
2022-06-15,-1144199286095872.0,-1144199286095872.0,-1144199286095872.0,-1144199286095872.0,0
2022-06-16,-1144199286095872.0,-1144199286095872.0,-1144199286095872.0,-1144199286095872.0,0
2022-06-17,-1144199286095872.0,-1144199286095872.0,-1144199286095872.0,-1144199286095872.0,0
2022-06-21,-1144199286095872.0,-1144199286095872.0,-1144199286095872.0,-1144199286095872.0,0
2022-06-22,-1144199286095872.0,-1144199286095872.0,-1144199286095872.0,-1144199286095872.0,0
2022-06-23,-1144199286095872.0,-1144199286095872.0,-1144199286095872.0,-1144199286095872.0,0
2022-06-24,-1144199286095872.0,-1144199286095872.0,-1144199286095872.0,-1144199286095872.0,0
2022-06-27,-1144199286095872.0,-1144199286095872.0,-1144199286095872.0,-1144199286095872.0,0
2022-06-28,-1144199286095872.0,-1144199286095872.0,-1144199286095872.0,-1144199286095872.0,0
2022-06-29,217897783787520.0,217897783787520.0,217897783787520.0,217897783787520.0,0
2022-06-30,217897783787520.0,217897783787520.0,217897783787520.0,217897783787520.0,0
2022-07-01,217897783787520.0,217897783787520.0,217897783787520.0,217897783787520.0,0
2022-07-05,217897783787520.0,217897783787520.0,217897783787520.0,217897783787520.0,0
2022-07-06,217897783787520.0,217897783787520.0,217897783787520.0,217897783787520.0,0
2022-07-07,217897783787520.0,217897783787520.0,217897783787520.0,217897783787520.0,0
2022-07-08,217897783787520.0,217897783787520.0,217897783787520.0,217897783787520.0,0
2022-07-11,217897783787520.0,217897783787520.0,217897783787520.0,217897783787520.0,0
2022-07-12,217897783787520.0,217897783787520.0,217897783787520.0,217897783787520.0,0
2022-07-13,217897783787520.0,217897783787520.0,217897783787520.0,217897783787520.0,0
2022-07-14,217897783787520.0,217897783787520.0,217897783787520.0,217897783787520.0,0
2022-07-15,217897783787520.0,217897783787520.0,217897783787520.0,217897783787520.0,0
2022-07-18,217897783787520.0,217897783787520.0,217897783787520.0,217897783787520.0,0
2022-07-19,217897783787520.0,217897783787520.0,217897783787520.0,217897783787520.0,0
2022-07-20,217897783787520.0,217897783787520.0,217897783787520.0,217897783787520.0,0
2022-07-21,217897783787520.0,217897783787520.0,217897783787520.0,217897783787520.0,0
2022-07-22,217897783787520.0,217897783787520.0,217897783787520.0,217897783787520.0,0
2022-07-25,217897783787520.0,217897783787520.0,217897783787520.0,217897783787520.0,0
2022-07-26,217897783787520.0,217897783787520.0,217897783787520.0,217897783787520.0,0
2022-07-27,217897783787520.0,217897783787520.0,217897783787520.0,217897783787520.0,0
2022-07-28,217897783787520.0,217897783787520.0,217897783787520.0,217897783787520.0,0
2022-07-29,217897783787520.0,217897783787520.0,217897783787520.0,217897783787520.0,0
2022-08-01,217897783787520.0,217897783787520.0,217897783787520.0,217897783787520.0,0
2022-08-02,217897783787520.0,217897783787520.0,217897783787520.0,217897783787520.0,0
2022-08-03,217897783787520.0,217897783787520.0,217897783787520.0,217897783787520.0,0
2022-08-04,217897783787520.0,217897783787520.0,217897783787520.0,217897783787520.0,0
2022-08-05,217897783787520.0,217897783787520.0,217897783787520.0,217897783787520.0,0
2022-08-08,217897783787520.0,217897783787520.0,217897783787520.0,217897783787520.0,0
2022-08-09,217897783787520.0,217897783787520.0,217897783787520.0,217897783787520.0,0
2022-08-10,217897783787520.0,217897783787520.0,217897783787520.0,217897783787520.0,0
2022-08-11,217897783787520.0,217897783787520.0,217897783787520.0,217897783787520.0,0
2022-08-12,217897783787520.0,217897783787520.0,217897783787520.0,217897783787520.0,0
2022-08-15,217897783787520.0,217897783787520.0,217897783787520.0,217897783787520.0,0
2022-08-16,217897783787520.0,217897783787520.0,217897783787520.0,217897783787520.0,0
2022-08-17,217897783787520.0,217897783787520.0,217897783787520.0,217897783787520.0,0
2022-08-18,217897783787520.0,217897783787520.0,217897783787520.0,217897783787520.0,0
2022-08-19,217897783787520.0,217897783787520.0,217897783787520.0,217897783787520.0,0
2022-08-22,217897783787520.0,217897783787520.0,217897783787520.0,217897783787520.0,0
2022-08-23,217897783787520.0,217897783787520.0,217897783787520.0,217897783787520.0,0
2022-08-24,217897783787520.0,217897783787520.0,217897783787520.0,217897783787520.0,0
2022-08-25,217897783787520.0,217897783787520.0,217897783787520.0,217897783787520.0,0
2022-08-26,217897783787520.0,217897783787520.0,217897783787520.0,217897783787520.0,0
2022-08-29,217897783787520.0,217897783787520.0,217897783787520.0,217897783787520.0,0
2022-08-30,217897783787520.0,217897783787520.0,217897783787520.0,217897783787520.0,0
2022-08-31,217897783787520.0,217897783787520.0,217897783787520.0,217897783787520.0,0
2022-09-01,217897783787520.0,217897783787520.0,217897783787520.0,217897783787520.0,0
2022-09-02,217897783787520.0,217897783787520.0,217897783787520.0,217897783787520.0,0
2022-09-06,217897783787520.0,217897783787520.0,217897783787520.0,217897783787520.0,0
2022-09-07,217897783787520.0,217897783787520.0,217897783787520.0,217897783787520.0,0
2022-09-08,217897783787520.0,217897783787520.0,217897783787520.0,217897783787520.0,0
2022-09-09,217897783787520.0,217897783787520.0,217897783787520.0,217897783787520.0,0
2022-09-12,217897783787520.0,217897783787520.0,217897783787520.0,217897783787520.0,0
2022-09-13,217897783787520.0,217897783787520.0,217897783787520.0,217897783787520.0,0
2022-09-14,217897783787520.0,217897783787520.0,217897783787520.0,217897783787520.0,0
2022-09-15,217897783787520.0,217897783787520.0,217897783787520.0,217897783787520.0,0
2022-09-16,217897783787520.0,217897783787520.0,217897783787520.0,217897783787520.0,0
2022-09-19,217897783787520.0,217897783787520.0,217897783787520.0,217897783787520.0,0
2022-09-20,217897783787520.0,217897783787520.0,217897783787520.0,217897783787520.0,0
2022-09-21,217897783787520.0,217897783787520.0,217897783787520.0,217897783787520.0,0
2022-09-22,217897783787520.0,217897783787520.0,217897783787520.0,217897783787520.0,0
2022-09-23,217897783787520.0,217897783787520.0,217897783787520.0,217897783787520.0,0
2022-09-26,217897783787520.0,217897783787520.0,217897783787520.0,217897783787520.0,0
2022-09-27,153188330110976.0,153188330110976.0,153188330110976.0,153188330110976.0,200
2022-09-28,153188330110976.0,153188330110976.0,153188330110976.0,153188330110976.0,0
2022-09-29,-19411450724352.0,-19411450724352.0,-19411450724352.0,-19411450724352.0,0
2022-09-30,-19411450724352.0,-19411450724352.0,-19411450724352.0,-19411450724352.0,0
2022-10-03,-19411450724352.0,-19411450724352.0,-19411450724352.0,-19411450724352.0,0
2022-10-04,-19411450724352.0,-19411450724352.0,-19411450724352.0,-19411450724352.0,0
2022-10-05,-19411450724352.0,-19411450724352.0,-19411450724352.0,-19411450724352.0,0
2022-10-06,-19411450724352.0,-19411450724352.0,-19411450724352.0,-19411450724352.0,0
2022-10-07,-19411450724352.0,-19411450724352.0,-19411450724352.0,-19411450724352.0,0
2022-10-10,-19411450724352.0,-19411450724352.0,-19411450724352.0,-19411450724352.0,0
2022-10-11,-19411450724352.0,-19411450724352.0,-19411450724352.0,-19411450724352.0,0
2022-10-12,-19411450724352.0,-19411450724352.0,-19411450724352.0,-19411450724352.0,0
2022-10-13,-19411450724352.0,-19411450724352.0,-19411450724352.0,-19411450724352.0,0
2022-10-14,-19411450724352.0,-19411450724352.0,-19411450724352.0,-19411450724352.0,0
2022-10-17,-19411450724352.0,-19411450724352.0,-19411450724352.0,-19411450724352.0,0
2022-10-18,-19411450724352.0,-19411450724352.0,-19411450724352.0,-19411450724352.0,0
2022-10-19,-19411450724352.0,-19411450724352.0,-19411450724352.0,-19411450724352.0,0
2022-10-20,-19411450724352.0,-19411450724352.0,-19411450724352.0,-19411450724352.0,0
2022-10-21,-19411450724352.0,-19411450724352.0,-19411450724352.0,-19411450724352.0,0
2022-10-24,-19411450724352.0,-19411450724352.0,-19411450724352.0,-19411450724352.0,0
2022-10-25,-19411450724352.0,-19411450724352.0,-19411450724352.0,-19411450724352.0,0
2022-10-26,-19411450724352.0,-19411450724352.0,-19411450724352.0,-19411450724352.0,0
2022-10-27,-19411450724352.0,-19411450724352.0,-19411450724352.0,-19411450724352.0,0
2022-10-28,-19411450724352.0,-19411450724352.0,-19411450724352.0,-19411450724352.0,0
2022-10-31,-19411450724352.0,-19411450724352.0,-19411450724352.0,-19411450724352.0,0
2022-11-01,-19411450724352.0,-19411450724352.0,-19411450724352.0,-19411450724352.0,0
2022-11-02,-19411450724352.0,-19411450724352.0,-19411450724352.0,-19411450724352.0,0
2022-11-03,-19411450724352.0,-19411450724352.0,-19411450724352.0,-19411450724352.0,0
2022-11-04,-19411450724352.0,-19411450724352.0,-19411450724352.0,-19411450724352.0,0
2022-11-07,-19411450724352.0,-19411450724352.0,-19411450724352.0,-19411450724352.0,0
2022-11-08,-19411450724352.0,-19411450724352.0,-19411450724352.0,-19411450724352.0,0
2022-11-09,-19411450724352.0,-19411450724352.0,-19411450724352.0,-19411450724352.0,0
2022-11-10,-19411450724352.0,-19411450724352.0,-19411450724352.0,-19411450724352.0,0
2022-11-11,-19411450724352.0,-19411450724352.0,-19411450724352.0,-19411450724352.0,0
2022-11-14,-19411450724352.0,-19411450724352.0,-19411450724352.0,-19411450724352.0,0
2022-11-15,-19411450724352.0,-19411450724352.0,-19411450724352.0,-19411450724352.0,0
2022-11-16,-19411450724352.0,-19411450724352.0,-19411450724352.0,-19411450724352.0,0
2022-11-17,-19411450724352.0,-19411450724352.0,-19411450724352.0,-19411450724352.0,0
2022-11-18,-19411450724352.0,-19411450724352.0,-19411450724352.0,-19411450724352.0,0
2022-11-21,-19411450724352.0,-19411450724352.0,-19411450724352.0,-19411450724352.0,0
2022-11-22,-19411450724352.0,-19411450724352.0,-19411450724352.0,-19411450724352.0,0
2022-11-23,-19411450724352.0,-19411450724352.0,-19411450724352.0,-19411450724352.0,0
2022-11-25,-19411450724352.0,-19411450724352.0,-19411450724352.0,-19411450724352.0,0
2022-11-28,-19411450724352.0,-19411450724352.0,-19411450724352.0,-19411450724352.0,0
2022-11-29,-19411450724352.0,-19411450724352.0,-19411450724352.0,-19411450724352.0,0
2022-11-30,-19411450724352.0,-19411450724352.0,-19411450724352.0,-19411450724352.0,0
2022-12-01,-19411450724352.0,-19411450724352.0,-19411450724352.0,-19411450724352.0,0
2022-12-02,-19411450724352.0,-19411450724352.0,-19411450724352.0,-19411450724352.0,0
2022-12-05,-19411450724352.0,-19411450724352.0,-19411450724352.0,-19411450724352.0,0
2022-12-06,-19411450724352.0,-19411450724352.0,-19411450724352.0,-19411450724352.0,0
2022-12-07,-19411450724352.0,-19411450724352.0,-19411450724352.0,-19411450724352.0,0
2022-12-08,-19411450724352.0,-19411450724352.0,-19411450724352.0,-19411450724352.0,0
2022-12-09,-19411450724352.0,-19411450724352.0,-19411450724352.0,-19411450724352.0,0
2022-12-12,-19411450724352.0,-19411450724352.0,-19411450724352.0,-19411450724352.0,0
2022-12-13,-19411450724352.0,-19411450724352.0,-19411450724352.0,-19411450724352.0,0
2022-12-14,-19411450724352.0,-19411450724352.0,-19411450724352.0,-19411450724352.0,0
2022-12-15,-19411450724352.0,-19411450724352.0,-19411450724352.0,-19411450724352.0,0
2022-12-16,-19411450724352.0,-19411450724352.0,-19411450724352.0,-19411450724352.0,0
2022-12-19,-19411450724352.0,-19411450724352.0,-19411450724352.0,-19411450724352.0,0
2022-12-20,-19411450724352.0,-19411450724352.0,-19411450724352.0,-19411450724352.0,0
2022-12-21,-19411450724352.0,-19411450724352.0,-19411450724352.0,-19411450724352.0,0
2022-12-22,-19411450724352.0,-19411450724352.0,-19411450724352.0,-19411450724352.0,0
2022-12-23,-19411450724352.0,-19411450724352.0,-19411450724352.0,-19411450724352.0,0
2022-12-27,-19411450724352.0,-19411450724352.0,-19411450724352.0,-19411450724352.0,0
2022-12-28,2459746697216.0,2459746697216.0,2459746697216.0,2459746697216.0,0
2022-12-29,2459746697216.0,2459746697216.0,2459746697216.0,2459746697216.0,0
2022-12-30,2459746697216.0,2459746697216.0,2459746697216.0,2459746697216.0,0
2023-01-03,2459746697216.0,2459746697216.0,2459746697216.0,2459746697216.0,0
2023-01-04,2459746697216.0,2459746697216.0,2459746697216.0,2459746697216.0,0
2023-01-05,2459746697216.0,2459746697216.0,2459746697216.0,2459746697216.0,0
2023-01-06,2459746697216.0,2459746697216.0,2459746697216.0,2459746697216.0,0
2023-01-09,2459746697216.0,2459746697216.0,2459746697216.0,2459746697216.0,0
2023-01-10,2459746697216.0,2459746697216.0,2459746697216.0,2459746697216.0,0
2023-01-11,2459746697216.0,2459746697216.0,2459746697216.0,2459746697216.0,0
2023-01-12,2459746697216.0,2459746697216.0,2459746697216.0,2459746697216.0,0
2023-01-13,2459746697216.0,2459746697216.0,2459746697216.0,2459746697216.0,0
2023-01-17,2459746697216.0,2459746697216.0,2459746697216.0,2459746697216.0,0
2023-01-18,2459746697216.0,2459746697216.0,2459746697216.0,2459746697216.0,0
2023-01-19,2459746697216.0,2459746697216.0,2459746697216.0,2459746697216.0,0
2023-01-20,2459746697216.0,2459746697216.0,2459746697216.0,2459746697216.0,0
2023-01-23,2459746697216.0,2459746697216.0,2459746697216.0,2459746697216.0,0
2023-01-24,2459746697216.0,2459746697216.0,2459746697216.0,2459746697216.0,0
2023-01-25,2459746697216.0,2459746697216.0,2459746697216.0,2459746697216.0,0
2023-01-26,2459746697216.0,2459746697216.0,2459746697216.0,2459746697216.0,0
2023-01-27,2459746697216.0,2459746697216.0,2459746697216.0,2459746697216.0,0
2023-01-30,2459746697216.0,2459746697216.0,2459746697216.0,2459746697216.0,0
2023-01-31,2459746697216.0,2459746697216.0,2459746697216.0,2459746697216.0,0
2023-02-01,2459746697216.0,2459746697216.0,2459746697216.0,2459746697216.0,0
2023-02-02,2459746697216.0,2459746697216.0,2459746697216.0,2459746697216.0,0
2023-02-03,2459746697216.0,2459746697216.0,2459746697216.0,2459746697216.0,0
2023-02-06,2459746697216.0,2459746697216.0,2459746697216.0,2459746697216.0,0
2023-02-07,2459746697216.0,2459746697216.0,2459746697216.0,2459746697216.0,0
2023-02-08,2459746697216.0,2459746697216.0,2459746697216.0,2459746697216.0,0
2023-02-09,2459746697216.0,2459746697216.0,2459746697216.0,2459746697216.0,0
2023-02-10,2459746697216.0,2459746697216.0,2459746697216.0,2459746697216.0,0
2023-02-13,2459746697216.0,2459746697216.0,2459746697216.0,2459746697216.0,0
2023-02-14,2459746697216.0,2459746697216.0,2459746697216.0,2459746697216.0,0
2023-02-15,2459746697216.0,2459746697216.0,2459746697216.0,2459746697216.0,0
2023-02-16,2459746697216.0,2459746697216.0,2459746697216.0,2459746697216.0,0
2023-02-17,2459746697216.0,2459746697216.0,2459746697216.0,2459746697216.0,0
2023-02-21,2459746697216.0,2459746697216.0,2459746697216.0,2459746697216.0,0
2023-02-22,2459746697216.0,2459746697216.0,2459746697216.0,2459746697216.0,0
2023-02-23,2459746697216.0,2459746697216.0,2459746697216.0,2459746697216.0,0
2023-02-24,2459746697216.0,2459746697216.0,2459746697216.0,2459746697216.0,0
2023-02-27,2459746697216.0,2459746697216.0,2459746697216.0,2459746697216.0,0
2023-02-28,2459746697216.0,2459746697216.0,2459746697216.0,2459746697216.0,0
2023-03-01,2459746697216.0,2459746697216.0,2459746697216.0,2459746697216.0,0
2023-03-02,2459746697216.0,2459746697216.0,2459746697216.0,2459746697216.0,0
2023-03-03,2459746697216.0,2459746697216.0,2459746697216.0,2459746697216.0,0
2023-03-06,2459746697216.0,2459746697216.0,2459746697216.0,2459746697216.0,0
2023-03-07,2459746697216.0,2459746697216.0,2459746697216.0,2459746697216.0,0
2023-03-08,2459746697216.0,2459746697216.0,2459746697216.0,2459746697216.0,0
2023-03-09,2459746697216.0,2459746697216.0,2459746697216.0,2459746697216.0,0
2023-03-10,2459746697216.0,2459746697216.0,2459746697216.0,2459746697216.0,0
2023-03-13,2459746697216.0,2459746697216.0,2459746697216.0,2459746697216.0,0
2023-03-14,2459746697216.0,2459746697216.0,2459746697216.0,2459746697216.0,0
2023-03-15,2459746697216.0,2459746697216.0,2459746697216.0,2459746697216.0,0
2023-03-16,2459746697216.0,2459746697216.0,2459746697216.0,2459746697216.0,0
2023-03-17,2459746697216.0,2459746697216.0,2459746697216.0,2459746697216.0,0
2023-03-20,2459746697216.0,2459746697216.0,2459746697216.0,2459746697216.0,0
2023-03-21,2459746697216.0,2459746697216.0,2459746697216.0,2459746697216.0,0
2023-03-22,2459746697216.0,2459746697216.0,2459746697216.0,2459746697216.0,0
2023-03-23,2459746697216.0,2459746697216.0,2459746697216.0,2459746697216.0,0
2023-03-24,2459746697216.0,2459746697216.0,2459746697216.0,2459746697216.0,0
2023-03-27,2459746697216.0,2459746697216.0,2459746697216.0,2459746697216.0,0
2023-03-28,2459746697216.0,2459746697216.0,2459746697216.0,2459746697216.0,0
2023-03-29,2459746697216.0,2459746697216.0,2459746697216.0,2459746697216.0,0
2023-03-30,-311689871360.0,-311689871360.0,-311689871360.0,-311689871360.0,0
2023-03-31,-311689871360.0,-311689871360.0,-311689871360.0,-311689871360.0,0
2023-04-03,-311689871360.0,-311689871360.0,-311689871360.0,-311689871360.0,0
2023-04-04,-311689871360.0,-311689871360.0,-311689871360.0,-311689871360.0,0
2023-04-05,-311689871360.0,-311689871360.0,-311689871360.0,-311689871360.0,0
2023-04-06,-311689871360.0,-311689871360.0,-311689871360.0,-311689871360.0,0
2023-04-10,-311689871360.0,-311689871360.0,-311689871360.0,-311689871360.0,0
2023-04-11,-311689871360.0,-311689871360.0,-311689871360.0,-311689871360.0,0
2023-04-12,-311689871360.0,-311689871360.0,-311689871360.0,-311689871360.0,0
2023-04-13,-311689871360.0,-311689871360.0,-311689871360.0,-311689871360.0,0
2023-04-14,-311689871360.0,-311689871360.0,-311689871360.0,-311689871360.0,0
2023-04-17,-311689871360.0,-311689871360.0,-311689871360.0,-311689871360.0,0
2023-04-18,-311689871360.0,-311689871360.0,-311689871360.0,-311689871360.0,0
2023-04-19,-311689871360.0,-311689871360.0,-311689871360.0,-311689871360.0,0
2023-04-20,-311689871360.0,-311689871360.0,-311689871360.0,-311689871360.0,0
2023-04-21,-311689871360.0,-311689871360.0,-311689871360.0,-311689871360.0,0
2023-04-24,-311689871360.0,-311689871360.0,-311689871360.0,-311689871360.0,0
2023-04-25,-311689871360.0,-311689871360.0,-311689871360.0,-311689871360.0,0
2023-04-26,-311689871360.0,-311689871360.0,-311689871360.0,-311689871360.0,0
2023-04-27,-311689871360.0,-311689871360.0,-311689871360.0,-311689871360.0,0
2023-04-28,-311689871360.0,-311689871360.0,-311689871360.0,-311689871360.0,0
2023-05-01,-311689871360.0,-311689871360.0,-311689871360.0,-311689871360.0,0
2023-05-02,-311689871360.0,-311689871360.0,-311689871360.0,-311689871360.0,0
2023-05-03,-311689871360.0,-311689871360.0,-311689871360.0,-311689871360.0,0
2023-05-04,-311689871360.0,-311689871360.0,-311689871360.0,-311689871360.0,0
2023-05-05,-311689871360.0,-311689871360.0,-311689871360.0,-311689871360.0,0
2023-05-08,-311689871360.0,-311689871360.0,-311689871360.0,-311689871360.0,0
2023-05-09,-311689871360.0,-311689871360.0,-311689871360.0,-311689871360.0,0
2023-05-10,-311689871360.0,-311689871360.0,-311689871360.0,-311689871360.0,0
2023-05-11,-311689871360.0,-311689871360.0,-311689871360.0,-311689871360.0,0
2023-05-12,-311689871360.0,-311689871360.0,-311689871360.0,-311689871360.0,0
2023-05-15,-311689871360.0,-311689871360.0,-311689871360.0,-311689871360.0,0
2023-05-16,-311689871360.0,-311689871360.0,-311689871360.0,-311689871360.0,0
2023-05-17,-311689871360.0,-311689871360.0,-311689871360.0,-311689871360.0,0
2023-05-18,-311689871360.0,-311689871360.0,-311689871360.0,-311689871360.0,0
2023-05-19,-311689871360.0,-311689871360.0,-311689871360.0,-311689871360.0,0
2023-05-22,-311689871360.0,-311689871360.0,-311689871360.0,-311689871360.0,0
2023-05-23,-311689871360.0,-311689871360.0,-311689871360.0,-311689871360.0,0
2023-05-24,-311689871360.0,-311689871360.0,-311689871360.0,-311689871360.0,0
2023-05-25,-311689871360.0,-311689871360.0,-311689871360.0,-311689871360.0,0
2023-05-26,-311689871360.0,-311689871360.0,-311689871360.0,-311689871360.0,0
2023-05-30,-311689871360.0,-311689871360.0,-311689871360.0,-311689871360.0,0
2023-05-31,-311689871360.0,-311689871360.0,-311689871360.0,-311689871360.0,0
2023-06-01,-311689871360.0,-311689871360.0,-311689871360.0,-311689871360.0,0
2023-06-02,-311689871360.0,-311689871360.0,-311689871360.0,-311689871360.0,0
2023-06-05,-311689871360.0,-311689871360.0,-311689871360.0,-311689871360.0,0
2023-06-06,-311689871360.0,-311689871360.0,-311689871360.0,-311689871360.0,0
2023-06-07,-311689871360.0,-311689871360.0,-311689871360.0,-311689871360.0,0
2023-06-08,-311689871360.0,-311689871360.0,-311689871360.0,-311689871360.0,0
2023-06-09,-311689871360.0,-311689871360.0,-311689871360.0,-311689871360.0,0
2023-06-12,-311689871360.0,-311689871360.0,-311689871360.0,-311689871360.0,0
2023-06-13,-311689871360.0,-311689871360.0,-311689871360.0,-311689871360.0,0
2023-06-14,-311689871360.0,-311689871360.0,-311689871360.0,-311689871360.0,0
2023-06-15,-311689871360.0,-311689871360.0,-311689871360.0,-311689871360.0,0
2023-06-16,-311689871360.0,-311689871360.0,-311689871360.0,-311689871360.0,0
2023-06-20,-311689871360.0,-311689871360.0,-311689871360.0,-311689871360.0,0
2023-06-21,-311689871360.0,-311689871360.0,-311689871360.0,-311689871360.0,0
2023-06-22,-311689871360.0,-311689871360.0,-311689871360.0,-311689871360.0,0
2023-06-23,-311689871360.0,-311689871360.0,-311689871360.0,-311689871360.0,0
2023-06-26,-311689871360.0,-311689871360.0,-311689871360.0,-311689871360.0,0
2023-06-27,-311689871360.0,-311689871360.0,-311689871360.0,-311689871360.0,0
2023-06-28,-311689871360.0,-311689871360.0,-311689871360.0,-311689871360.0,0
2023-06-29,39496175616.0,39496175616.0,39496175616.0,39496175616.0,0
2023-06-30,39496175616.0,39496175616.0,39496175616.0,39496175616.0,0
2023-07-03,39496175616.0,39496175616.0,39496175616.0,39496175616.0,0
2023-07-05,39496175616.0,39496175616.0,39496175616.0,39496175616.0,0
2023-07-06,39496175616.0,39496175616.0,39496175616.0,39496175616.0,0
2023-07-07,39496175616.0,39496175616.0,39496175616.0,39496175616.0,0
2023-07-10,39496175616.0,39496175616.0,39496175616.0,39496175616.0,0
2023-07-11,39496175616.0,39496175616.0,39496175616.0,39496175616.0,0
2023-07-12,39496175616.0,39496175616.0,39496175616.0,39496175616.0,0
2023-07-13,39496175616.0,39496175616.0,39496175616.0,39496175616.0,0
2023-07-14,39496175616.0,39496175616.0,39496175616.0,39496175616.0,0
2023-07-17,39496175616.0,39496175616.0,39496175616.0,39496175616.0,0
2023-07-18,39496175616.0,39496175616.0,39496175616.0,39496175616.0,0
2023-07-19,39496175616.0,39496175616.0,39496175616.0,39496175616.0,0
2023-07-20,39496175616.0,39496175616.0,39496175616.0,39496175616.0,0
2023-07-21,39496175616.0,39496175616.0,39496175616.0,39496175616.0,0
2023-07-24,39496175616.0,39496175616.0,39496175616.0,39496175616.0,0
2023-07-25,39496175616.0,39496175616.0,39496175616.0,39496175616.0,0
2023-07-26,39496175616.0,39496175616.0,39496175616.0,39496175616.0,0
2023-07-27,39496175616.0,39496175616.0,39496175616.0,39496175616.0,0
2023-07-28,39496175616.0,39496175616.0,39496175616.0,39496175616.0,0
2023-07-31,39496175616.0,39496175616.0,39496175616.0,39496175616.0,0
2023-08-01,39496175616.0,39496175616.0,39496175616.0,39496175616.0,0
2023-08-02,39496175616.0,39496175616.0,39496175616.0,39496175616.0,0
2023-08-03,39496175616.0,39496175616.0,39496175616.0,39496175616.0,0
2023-08-04,39496175616.0,39496175616.0,39496175616.0,39496175616.0,0
2023-08-07,39496175616.0,39496175616.0,39496175616.0,39496175616.0,0
2023-08-08,39496175616.0,39496175616.0,39496175616.0,39496175616.0,0
2023-08-09,39496175616.0,39496175616.0,39496175616.0,39496175616.0,0
2023-08-10,39496175616.0,39496175616.0,39496175616.0,39496175616.0,0
2023-08-11,39496175616.0,39496175616.0,39496175616.0,39496175616.0,0
2023-08-14,39496175616.0,39496175616.0,39496175616.0,39496175616.0,0
2023-08-15,39496175616.0,39496175616.0,39496175616.0,39496175616.0,0
2023-08-16,39496175616.0,39496175616.0,39496175616.0,39496175616.0,0
2023-08-17,39496175616.0,39496175616.0,39496175616.0,39496175616.0,0
2023-08-18,39496175616.0,39496175616.0,39496175616.0,39496175616.0,0
2023-08-21,39496175616.0,39496175616.0,39496175616.0,39496175616.0,0
2023-08-22,39496175616.0,39496175616.0,39496175616.0,39496175616.0,0
2023-08-23,39496175616.0,39496175616.0,39496175616.0,39496175616.0,0
2023-08-24,39496175616.0,39496175616.0,39496175616.0,39496175616.0,0
2023-08-25,39496175616.0,39496175616.0,39496175616.0,39496175616.0,0
2023-08-28,39496175616.0,39496175616.0,39496175616.0,39496175616.0,0
2023-08-29,39496175616.0,39496175616.0,39496175616.0,39496175616.0,0
2023-08-30,39496175616.0,39496175616.0,39496175616.0,39496175616.0,0
2023-08-31,39496175616.0,39496175616.0,39496175616.0,39496175616.0,0
2023-09-01,39496175616.0,39496175616.0,39496175616.0,39496175616.0,0
2023-09-05,39496175616.0,39496175616.0,39496175616.0,39496175616.0,0
2023-09-06,39496175616.0,39496175616.0,39496175616.0,39496175616.0,0
2023-09-07,39496175616.0,39496175616.0,39496175616.0,39496175616.0,0
2023-09-08,39496175616.0,39496175616.0,39496175616.0,39496175616.0,0
2023-09-11,39496175616.0,39496175616.0,39496175616.0,39496175616.0,0
2023-09-12,39496175616.0,39496175616.0,39496175616.0,39496175616.0,0
2023-09-13,39496175616.0,39496175616.0,39496175616.0,39496175616.0,0
2023-09-14,39496175616.0,39496175616.0,39496175616.0,39496175616.0,0
2023-09-15,39496175616.0,39496175616.0,39496175616.0,39496175616.0,0
2023-09-18,39496175616.0,39496175616.0,39496175616.0,39496175616.0,0
2023-09-19,39496175616.0,39496175616.0,39496175616.0,39496175616.0,0
2023-09-20,39496175616.0,39496175616.0,39496175616.0,39496175616.0,0
2023-09-21,39496175616.0,39496175616.0,39496175616.0,39496175616.0,0
2023-09-22,39496175616.0,39496175616.0,39496175616.0,39496175616.0,0
2023-09-25,39496175616.0,39496175616.0,39496175616.0,39496175616.0,0
2023-09-26,-5004807680.0,-5004807680.0,-5004807680.0,-5004807680.0,0
2023-09-27,-5004807680.0,-5004807680.0,-5004807680.0,-5004807680.0,0
2023-09-28,-5004807680.0,-5004807680.0,-5004807680.0,-5004807680.0,0
2023-09-29,-5004807680.0,-5004807680.0,-5004807680.0,-5004807680.0,0
2023-10-02,-5004807680.0,-5004807680.0,-5004807680.0,-5004807680.0,0
2023-10-03,-5004807680.0,-5004807680.0,-5004807680.0,-5004807680.0,0
2023-10-04,-5004807680.0,-5004807680.0,-5004807680.0,-5004807680.0,0
2023-10-05,-5004807680.0,-5004807680.0,-5004807680.0,-5004807680.0,0
2023-10-06,-5004807680.0,-5004807680.0,-5004807680.0,-5004807680.0,0
2023-10-09,-5004807680.0,-5004807680.0,-5004807680.0,-5004807680.0,0
2023-10-10,-5004807680.0,-5004807680.0,-5004807680.0,-5004807680.0,0
2023-10-11,-5004807680.0,-5004807680.0,-5004807680.0,-5004807680.0,0
2023-10-12,-5004807680.0,-5004807680.0,-5004807680.0,-5004807680.0,0
2023-10-13,-5004807680.0,-5004807680.0,-5004807680.0,-5004807680.0,0
2023-10-16,-5004807680.0,-5004807680.0,-5004807680.0,-5004807680.0,0
2023-10-17,-5004807680.0,-5004807680.0,-5004807680.0,-5004807680.0,0
2023-10-18,-5004807680.0,-5004807680.0,-5004807680.0,-5004807680.0,0
2023-10-19,-5004807680.0,-5004807680.0,-5004807680.0,-5004807680.0,0
2023-10-20,-5004807680.0,-5004807680.0,-5004807680.0,-5004807680.0,0
2023-10-23,-5004807680.0,-5004807680.0,-5004807680.0,-5004807680.0,0
2023-10-24,-5004807680.0,-5004807680.0,-5004807680.0,-5004807680.0,0
2023-10-25,-5004807680.0,-5004807680.0,-5004807680.0,-5004807680.0,0
2023-10-26,-5004807680.0,-5004807680.0,-5004807680.0,-5004807680.0,0
2023-10-27,-5004807680.0,-5004807680.0,-5004807680.0,-5004807680.0,0
2023-10-30,-5004807680.0,-5004807680.0,-5004807680.0,-5004807680.0,0
2023-10-31,-5004807680.0,-5004807680.0,-5004807680.0,-5004807680.0,0
2023-11-01,-5004807680.0,-5004807680.0,-5004807680.0,-5004807680.0,0
2023-11-02,-5004807680.0,-5004807680.0,-5004807680.0,-5004807680.0,0
2023-11-03,-5004807680.0,-5004807680.0,-5004807680.0,-5004807680.0,0
2023-11-06,-5004807680.0,-5004807680.0,-5004807680.0,-5004807680.0,0
2023-11-07,-5004807680.0,-5004807680.0,-5004807680.0,-5004807680.0,0
2023-11-08,-5004807680.0,-5004807680.0,-5004807680.0,-5004807680.0,0
2023-11-09,-5004807680.0,-5004807680.0,-5004807680.0,-5004807680.0,0
2023-11-10,-5004807680.0,-5004807680.0,-5004807680.0,-5004807680.0,0
2023-11-13,-5004807680.0,-5004807680.0,-5004807680.0,-5004807680.0,0
2023-11-14,-5004807680.0,-5004807680.0,-5004807680.0,-5004807680.0,0
2023-11-15,-5004807680.0,-5004807680.0,-5004807680.0,-5004807680.0,0
2023-11-16,-5004807680.0,-5004807680.0,-5004807680.0,-5004807680.0,0
2023-11-17,-5004807680.0,-5004807680.0,-5004807680.0,-5004807680.0,0
2023-11-20,-5004807680.0,-5004807680.0,-5004807680.0,-5004807680.0,0
2023-11-21,-5004807680.0,-5004807680.0,-5004807680.0,-5004807680.0,0
2023-11-22,-5004807680.0,-5004807680.0,-5004807680.0,-5004807680.0,0
2023-11-24,-5004807680.0,-5004807680.0,-5004807680.0,-5004807680.0,0
2023-11-27,-5004807680.0,-5004807680.0,-5004807680.0,-5004807680.0,0
2023-11-28,-5004807680.0,-5004807680.0,-5004807680.0,-5004807680.0,0
2023-11-29,-5004807680.0,-5004807680.0,-5004807680.0,-5004807680.0,0
2023-11-30,-5004807680.0,-5004807680.0,-5004807680.0,-5004807680.0,0
2023-12-01,-5004807680.0,-5004807680.0,-5004807680.0,-5004807680.0,0
2023-12-04,-5004807680.0,-5004807680.0,-5004807680.0,-5004807680.0,0
2023-12-05,-5004807680.0,-5004807680.0,-5004807680.0,-5004807680.0,0
2023-12-06,-5004807680.0,-5004807680.0,-5004807680.0,-5004807680.0,0
2023-12-07,-5004807680.0,-5004807680.0,-5004807680.0,-5004807680.0,0
2023-12-08,-5004807680.0,-5004807680.0,-5004807680.0,-5004807680.0,0
2023-12-11,-5004807680.0,-5004807680.0,-5004807680.0,-5004807680.0,0
2023-12-12,-5004807680.0,-5004807680.0,-5004807680.0,-5004807680.0,0
2023-12-13,-5004807680.0,-5004807680.0,-5004807680.0,-5004807680.0,0
2023-12-14,-5004807680.0,-5004807680.0,-5004807680.0,-5004807680.0,0
2023-12-15,-5004807680.0,-5004807680.0,-5004807680.0,-5004807680.0,0
2023-12-18,-5004807680.0,-5004807680.0,-5004807680.0,-5004807680.0,0
2023-12-19,-5004807680.0,-5004807680.0,-5004807680.0,-5004807680.0,0
2023-12-20,-5004807680.0,-5004807680.0,-5004807680.0,-5004807680.0,0
2023-12-21,-5004807680.0,-5004807680.0,-5004807680.0,-5004807680.0,0
2023-12-22,-5004807680.0,-5004807680.0,-5004807680.0,-5004807680.0,0
2023-12-26,-5004807680.0,-5004807680.0,-5004807680.0,-5004807680.0,0
2023-12-27,634190528.0,634190528.0,634190528.0,634190528.0,0
2023-12-28,634190528.0,634190528.0,634190528.0,634190528.0,0
2023-12-29,634190528.0,634190528.0,634190528.0,634190528.0,0
2024-01-02,634190528.0,634190528.0,634190528.0,634190528.0,0
2024-01-03,634190528.0,634190528.0,634190528.0,634190528.0,0
2024-01-04,634190528.0,634190528.0,634190528.0,634190528.0,0
2024-01-05,634190528.0,634190528.0,634190528.0,634190528.0,0
2024-01-08,634190528.0,634190528.0,634190528.0,634190528.0,0
2024-01-09,634190528.0,634190528.0,634190528.0,634190528.0,0
2024-01-10,634190528.0,634190528.0,634190528.0,634190528.0,0
2024-01-11,634190528.0,634190528.0,634190528.0,634190528.0,0
2024-01-12,634190528.0,634190528.0,634190528.0,634190528.0,0
2024-01-16,634190528.0,634190528.0,634190528.0,634190528.0,0
2024-01-17,634190528.0,634190528.0,634190528.0,634190528.0,0
2024-01-18,634190528.0,634190528.0,634190528.0,634190528.0,0
2024-01-19,634190528.0,634190528.0,634190528.0,634190528.0,0
2024-01-22,634190528.0,634190528.0,634190528.0,634190528.0,0
2024-01-23,634190528.0,634190528.0,634190528.0,634190528.0,0
2024-01-24,634190528.0,634190528.0,634190528.0,634190528.0,0
2024-01-25,634190528.0,634190528.0,634190528.0,634190528.0,0
2024-01-26,634190528.0,634190528.0,634190528.0,634190528.0,0
2024-01-29,634190528.0,634190528.0,634190528.0,634190528.0,0
2024-01-30,634190528.0,634190528.0,634190528.0,634190528.0,0
2024-01-31,634190528.0,634190528.0,634190528.0,634190528.0,0
2024-02-01,634190528.0,634190528.0,634190528.0,634190528.0,0
2024-02-02,634190528.0,634190528.0,634190528.0,634190528.0,0
2024-02-05,634190528.0,634190528.0,634190528.0,634190528.0,0
2024-02-06,634190528.0,634190528.0,634190528.0,634190528.0,0
2024-02-07,634190528.0,634190528.0,634190528.0,634190528.0,0
2024-02-08,634190528.0,634190528.0,634190528.0,634190528.0,0
2024-02-09,634190528.0,634190528.0,634190528.0,634190528.0,0
2024-02-12,634190528.0,634190528.0,634190528.0,634190528.0,0
2024-02-13,634190528.0,634190528.0,634190528.0,634190528.0,0
2024-02-14,634190528.0,634190528.0,634190528.0,634190528.0,0
2024-02-15,634190528.0,634190528.0,634190528.0,634190528.0,0
2024-02-16,634190528.0,634190528.0,634190528.0,634190528.0,0
2024-02-20,634190528.0,634190528.0,634190528.0,634190528.0,0
2024-02-21,634190528.0,634190528.0,634190528.0,634190528.0,0
2024-02-22,634190528.0,634190528.0,634190528.0,634190528.0,0
2024-02-23,634190528.0,634190528.0,634190528.0,634190528.0,0
2024-02-26,634190528.0,634190528.0,634190528.0,634190528.0,0
2024-02-27,634190528.0,634190528.0,634190528.0,634190528.0,0
2024-02-28,634190528.0,634190528.0,634190528.0,634190528.0,0
2024-02-29,634190528.0,634190528.0,634190528.0,634190528.0,0
2024-03-01,634190528.0,634190528.0,634190528.0,634190528.0,0
2024-03-04,634190528.0,634190528.0,634190528.0,634190528.0,0
2024-03-05,634190528.0,634190528.0,634190528.0,634190528.0,0
2024-03-06,634190528.0,634190528.0,634190528.0,634190528.0,0
2024-03-07,634190528.0,634190528.0,634190528.0,634190528.0,0
2024-03-08,634190528.0,634190528.0,634190528.0,634190528.0,0
2024-03-11,634190528.0,634190528.0,634190528.0,634190528.0,0
2024-03-12,634190528.0,634190528.0,634190528.0,634190528.0,0
2024-03-13,634190528.0,634190528.0,634190528.0,634190528.0,0
2024-03-14,634190528.0,634190528.0,634190528.0,634190528.0,0
2024-03-15,634190528.0,634190528.0,634190528.0,634190528.0,0
2024-03-18,634190528.0,634190528.0,634190528.0,634190528.0,0
2024-03-19,634190528.0,634190528.0,634190528.0,634190528.0,0
2024-03-20,634190528.0,634190528.0,634190528.0,634190528.0,0
2024-03-21,634190528.0,634190528.0,634190528.0,634190528.0,0
2024-03-22,634190528.0,634190528.0,634190528.0,634190528.0,0
2024-03-25,634190528.0,634190528.0,634190528.0,634190528.0,0
2024-03-26,634190528.0,634190528.0,634190528.0,634190528.0,0
2024-03-27,634190528.0,634190528.0,634190528.0,634190528.0,0
2024-03-28,-80362256.0,-80362256.0,-80362256.0,-80362256.0,0
2024-04-01,-80362256.0,-80362256.0,-80362256.0,-80362256.0,0
2024-04-02,-80362256.0,-80362256.0,-80362256.0,-80362256.0,0
2024-04-03,-80362256.0,-80362256.0,-80362256.0,-80362256.0,0
2024-04-04,-80362256.0,-80362256.0,-80362256.0,-80362256.0,0
2024-04-05,-80362256.0,-80362256.0,-80362256.0,-80362256.0,0
2024-04-08,-80362256.0,-80362256.0,-80362256.0,-80362256.0,0
2024-04-09,-80362256.0,-80362256.0,-80362256.0,-80362256.0,0
2024-04-10,-80362256.0,-80362256.0,-80362256.0,-80362256.0,0
2024-04-11,-80362256.0,-80362256.0,-80362256.0,-80362256.0,0
2024-04-12,-80362256.0,-80362256.0,-80362256.0,-80362256.0,0
2024-04-15,-80362256.0,-80362256.0,-80362256.0,-80362256.0,0
2024-04-16,-80362256.0,-80362256.0,-80362256.0,-80362256.0,0
2024-04-17,-80362256.0,-80362256.0,-80362256.0,-80362256.0,0
2024-04-18,-80362256.0,-80362256.0,-80362256.0,-80362256.0,0
2024-04-19,-80362256.0,-80362256.0,-80362256.0,-80362256.0,0
2024-04-22,-80362256.0,-80362256.0,-80362256.0,-80362256.0,0
2024-04-23,-80362256.0,-80362256.0,-80362256.0,-80362256.0,0
2024-04-24,-80362256.0,-80362256.0,-80362256.0,-80362256.0,0
2024-04-25,-80362256.0,-80362256.0,-80362256.0,-80362256.0,0
2024-04-26,-80362256.0,-80362256.0,-80362256.0,-80362256.0,0
2024-04-29,-80362256.0,-80362256.0,-80362256.0,-80362256.0,0
2024-04-30,-80362256.0,-80362256.0,-80362256.0,-80362256.0,0
2024-05-01,-80362256.0,-80362256.0,-80362256.0,-80362256.0,0
2024-05-02,-80362256.0,-80362256.0,-80362256.0,-80362256.0,0
2024-05-03,-80362256.0,-80362256.0,-80362256.0,-80362256.0,0
2024-05-06,-80362256.0,-80362256.0,-80362256.0,-80362256.0,0
2024-05-07,-80362256.0,-80362256.0,-80362256.0,-80362256.0,0
2024-05-08,-80362256.0,-80362256.0,-80362256.0,-80362256.0,0
2024-05-09,-80362256.0,-80362256.0,-80362256.0,-80362256.0,0
2024-05-10,-80362256.0,-80362256.0,-80362256.0,-80362256.0,0
2024-05-13,-80362256.0,-80362256.0,-80362256.0,-80362256.0,0
2024-05-14,-80362256.0,-80362256.0,-80362256.0,-80362256.0,0
2024-05-15,-80362256.0,-80362256.0,-80362256.0,-80362256.0,0
2024-05-16,-80362256.0,-80362256.0,-80362256.0,-80362256.0,0
2024-05-17,-80362256.0,-80362256.0,-80362256.0,-80362256.0,0
2024-05-20,-80362256.0,-80362256.0,-80362256.0,-80362256.0,0
2024-05-21,-80362256.0,-80362256.0,-80362256.0,-80362256.0,0
2024-05-22,-80362256.0,-80362256.0,-80362256.0,-80362256.0,0
2024-05-23,-80362256.0,-80362256.0,-80362256.0,-80362256.0,0
2024-05-24,-80362256.0,-80362256.0,-80362256.0,-80362256.0,0
2024-05-28,-80362256.0,-80362256.0,-80362256.0,-80362256.0,0
2024-05-29,-80362256.0,-80362256.0,-80362256.0,-80362256.0,0
2024-05-30,-80362256.0,-80362256.0,-80362256.0,-80362256.0,0
2024-05-31,-80362256.0,-80362256.0,-80362256.0,-80362256.0,0
2024-06-03,-80362256.0,-80362256.0,-80362256.0,-80362256.0,0
2024-06-04,-80362256.0,-80362256.0,-80362256.0,-80362256.0,0
2024-06-05,-80362256.0,-80362256.0,-80362256.0,-80362256.0,0
2024-06-06,-80362256.0,-80362256.0,-80362256.0,-80362256.0,0
2024-06-07,-80362256.0,-80362256.0,-80362256.0,-80362256.0,0
2024-06-10,-80362256.0,-80362256.0,-80362256.0,-80362256.0,0
2024-06-11,-80362256.0,-80362256.0,-80362256.0,-80362256.0,0
2024-06-12,-80362256.0,-80362256.0,-80362256.0,-80362256.0,0
2024-06-13,-80362256.0,-80362256.0,-80362256.0,-80362256.0,0
2024-06-14,-80362256.0,-80362256.0,-80362256.0,-80362256.0,0
2024-06-17,-80362256.0,-80362256.0,-80362256.0,-80362256.0,0
2024-06-18,-80362256.0,-80362256.0,-80362256.0,-80362256.0,0
2024-06-20,-80362256.0,-80362256.0,-80362256.0,-80362256.0,0
2024-06-21,-80362256.0,-80362256.0,-80362256.0,-80362256.0,0
2024-06-24,-80362256.0,-80362256.0,-80362256.0,-80362256.0,0
2024-06-25,-80362256.0,-80362256.0,-80362256.0,-80362256.0,0
2024-06-26,-80362256.0,-80362256.0,-80362256.0,-80362256.0,0
2024-06-27,10183203.0,10183203.0,10183203.0,10183203.0,0
2024-06-28,10183203.0,10183203.0,10183203.0,10183203.0,0
2024-07-01,10183203.0,10183203.0,10183203.0,10183203.0,0
2024-07-02,10183203.0,10183203.0,10183203.0,10183203.0,0
2024-07-03,10183203.0,10183203.0,10183203.0,10183203.0,0
2024-07-05,10183203.0,10183203.0,10183203.0,10183203.0,0
2024-07-08,10183203.0,10183203.0,10183203.0,10183203.0,0
2024-07-09,10183203.0,10183203.0,10183203.0,10183203.0,0
2024-07-10,10183203.0,10183203.0,10183203.0,10183203.0,0
2024-07-11,10183203.0,10183203.0,10183203.0,10183203.0,0
2024-07-12,10183203.0,10183203.0,10183203.0,10183203.0,0
2024-07-15,10183203.0,10183203.0,10183203.0,10183203.0,0
2024-07-16,10183203.0,10183203.0,10183203.0,10183203.0,0
2024-07-17,10183203.0,10183203.0,10183203.0,10183203.0,0
2024-07-18,10183203.0,10183203.0,10183203.0,10183203.0,0
2024-07-19,10183203.0,10183203.0,10183203.0,10183203.0,0
2024-07-22,10183203.0,10183203.0,10183203.0,10183203.0,0
2024-07-23,10183203.0,10183203.0,10183203.0,10183203.0,0
2024-07-24,10183203.0,10183203.0,10183203.0,10183203.0,0
2024-07-25,10183203.0,10183203.0,10183203.0,10183203.0,0
2024-07-26,10183203.0,10183203.0,10183203.0,10183203.0,0
2024-07-29,10183203.0,10183203.0,10183203.0,10183203.0,0
2024-07-30,10183203.0,10183203.0,10183203.0,10183203.0,0
2024-07-31,10183203.0,10183203.0,10183203.0,10183203.0,0
2024-08-01,10183203.0,10183203.0,10183203.0,10183203.0,0
2024-08-02,10183203.0,10183203.0,10183203.0,10183203.0,0
2024-08-05,10183203.0,10183203.0,10183203.0,10183203.0,0
2024-08-06,10183203.0,10183203.0,10183203.0,10183203.0,0
2024-08-07,10183203.0,10183203.0,10183203.0,10183203.0,0
2024-08-08,10183203.0,10183203.0,10183203.0,10183203.0,0
2024-08-09,10183203.0,10183203.0,10183203.0,10183203.0,0
2024-08-12,10183203.0,10183203.0,10183203.0,10183203.0,0
2024-08-13,10183203.0,10183203.0,10183203.0,10183203.0,0
2024-08-14,10183203.0,10183203.0,10183203.0,10183203.0,0
2024-08-15,10183203.0,10183203.0,10183203.0,10183203.0,0
2024-08-16,10183203.0,10183203.0,10183203.0,10183203.0,0
2024-08-19,10183203.0,10183203.0,10183203.0,10183203.0,0
2024-08-20,10183203.0,10183203.0,10183203.0,10183203.0,0
2024-08-21,10183203.0,10183203.0,10183203.0,10183203.0,0
2024-08-22,10183203.0,10183203.0,10183203.0,10183203.0,0
2024-08-23,10183203.0,10183203.0,10183203.0,10183203.0,0
2024-08-26,10183203.0,10183203.0,10183203.0,10183203.0,0
2024-08-27,10183203.0,10183203.0,10183203.0,10183203.0,0
2024-08-28,10183203.0,10183203.0,10183203.0,10183203.0,0
2024-08-29,10183203.0,10183203.0,10183203.0,10183203.0,0
2024-08-30,10183203.0,10183203.0,10183203.0,10183203.0,0
2024-09-03,10183203.0,10183203.0,10183203.0,10183203.0,0
2024-09-04,10183203.0,10183203.0,10183203.0,10183203.0,0
2024-09-05,10183203.0,10183203.0,10183203.0,10183203.0,0
2024-09-06,10183203.0,10183203.0,10183203.0,10183203.0,0
2024-09-09,10183203.0,10183203.0,10183203.0,10183203.0,0
2024-09-10,10183203.0,10183203.0,10183203.0,10183203.0,0
2024-09-11,10183203.0,10183203.0,10183203.0,10183203.0,0
2024-09-12,10183203.0,10183203.0,10183203.0,10183203.0,0
2024-09-13,10183203.0,10183203.0,10183203.0,10183203.0,0
2024-09-16,10183203.0,10183203.0,10183203.0,10183203.0,0
2024-09-17,10183203.0,10183203.0,10183203.0,10183203.0,0
2024-09-18,10183203.0,10183203.0,10183203.0,10183203.0,0
2024-09-19,10183203.0,10183203.0,10183203.0,10183203.0,0
2024-09-20,10183203.0,10183203.0,10183203.0,10183203.0,0
2024-09-23,10183203.0,10183203.0,10183203.0,10183203.0,0
2024-09-24,10183203.0,10183203.0,10183203.0,10183203.0,0
2024-09-25,10183203.0,10183203.0,10183203.0,10183203.0,0
2024-09-26,10183203.0,10183203.0,10183203.0,10183203.0,0
2024-09-27,-1290377.5,-1290377.5,-1290377.5,-1290377.5,0
2024-09-30,-1290377.5,-1290377.5,-1290377.5,-1290377.5,0
2024-10-01,-1290377.5,-1290377.5,-1290377.5,-1290377.5,0
2024-10-02,-1290377.5,-1290377.5,-1290377.5,-1290377.5,0
2024-10-03,-1290377.5,-1290377.5,-1290377.5,-1290377.5,0
2024-10-04,-1290377.5,-1290377.5,-1290377.5,-1290377.5,0
2024-10-07,-1290377.5,-1290377.5,-1290377.5,-1290377.5,0
2024-10-08,-1290377.5,-1290377.5,-1290377.5,-1290377.5,0
2024-10-09,-1290377.5,-1290377.5,-1290377.5,-1290377.5,0
2024-10-10,-1290377.5,-1290377.5,-1290377.5,-1290377.5,0
2024-10-11,-1290377.5,-1290377.5,-1290377.5,-1290377.5,0
2024-10-14,-1290377.5,-1290377.5,-1290377.5,-1290377.5,0
2024-10-15,-1290377.5,-1290377.5,-1290377.5,-1290377.5,0
2024-10-16,-1290377.5,-1290377.5,-1290377.5,-1290377.5,0
2024-10-17,-1290377.5,-1290377.5,-1290377.5,-1290377.5,0
2024-10-18,-1290377.5,-1290377.5,-1290377.5,-1290377.5,0
2024-10-21,-1290377.5,-1290377.5,-1290377.5,-1290377.5,0
2024-10-22,-1290377.5,-1290377.5,-1290377.5,-1290377.5,0
2024-10-23,-1290377.5,-1290377.5,-1290377.5,-1290377.5,0
2024-10-24,-1290377.5,-1290377.5,-1290377.5,-1290377.5,0
2024-10-25,-1290377.5,-1290377.5,-1290377.5,-1290377.5,0
2024-10-28,-1290377.5,-1290377.5,-1290377.5,-1290377.5,0
2024-10-29,-1290377.5,-1290377.5,-1290377.5,-1290377.5,0
2024-10-30,-1290377.5,-1290377.5,-1290377.5,-1290377.5,0
2024-10-31,-1290377.5,-1290377.5,-1290377.5,-1290377.5,0
2024-11-01,-1290377.5,-1290377.5,-1290377.5,-1290377.5,0
2024-11-04,-1290377.5,-1290377.5,-1290377.5,-1290377.5,0
2024-11-05,-1290377.5,-1290377.5,-1290377.5,-1290377.5,0
2024-11-06,-1290377.5,-1290377.5,-1290377.5,-1290377.5,0
2024-11-07,-1290377.5,-1290377.5,-1290377.5,-1290377.5,0
2024-11-08,-1290377.5,-1290377.5,-1290377.5,-1290377.5,0
2024-11-11,-1290377.5,-1290377.5,-1290377.5,-1290377.5,0
2024-11-12,-1290377.5,-1290377.5,-1290377.5,-1290377.5,0
2024-11-13,-1290377.5,-1290377.5,-1290377.5,-1290377.5,0
2024-11-14,-1290377.5,-1290377.5,-1290377.5,-1290377.5,0
2024-11-15,-1290377.5,-1290377.5,-1290377.5,-1290377.5,0
2024-11-18,-1290377.5,-1290377.5,-1290377.5,-1290377.5,0
2024-11-19,-1290377.5,-1290377.5,-1290377.5,-1290377.5,0
2024-11-20,-1290377.5,-1290377.5,-1290377.5,-1290377.5,0
2024-11-21,-1290377.5,-1290377.5,-1290377.5,-1290377.5,0
2024-11-22,-1290377.5,-1290377.5,-1290377.5,-1290377.5,0
2024-11-25,-1290377.5,-1290377.5,-1290377.5,-1290377.5,0
2024-11-26,-1290377.5,-1290377.5,-1290377.5,-1290377.5,0
2024-11-27,-1290377.5,-1290377.5,-1290377.5,-1290377.5,0
2024-11-29,-1290377.5,-1290377.5,-1290377.5,-1290377.5,0
2024-12-02,-1290377.5,-1290377.5,-1290377.5,-1290377.5,0
2024-12-03,-1290377.5,-1290377.5,-1290377.5,-1290377.5,0
2024-12-04,-1290377.5,-1290377.5,-1290377.5,-1290377.5,0
2024-12-05,-1290377.5,-1290377.5,-1290377.5,-1290377.5,0
2024-12-06,-1290377.5,-1290377.5,-1290377.5,-1290377.5,0
2024-12-09,-1290377.5,-1290377.5,-1290377.5,-1290377.5,0
2024-12-10,-1290377.5,-1290377.5,-1290377.5,-1290377.5,0
2024-12-11,-1290377.5,-1290377.5,-1290377.5,-1290377.5,0
2024-12-12,-1290377.5,-1290377.5,-1290377.5,-1290377.5,0
2024-12-13,-1290377.5,-1290377.5,-1290377.5,-1290377.5,0
2024-12-16,-1290377.5,-1290377.5,-1290377.5,-1290377.5,0
2024-12-17,-1290377.5,-1290377.5,-1290377.5,-1290377.5,0
2024-12-18,-1290377.5,-1290377.5,-1290377.5,-1290377.5,0
2024-12-19,-1290377.5,-1290377.5,-1290377.5,-1290377.5,0
2024-12-20,-1290377.5,-1290377.5,-1290377.5,-1290377.5,0
2024-12-23,-1290377.5,-1290377.5,-1290377.5,-1290377.5,0
2024-12-24,-1290377.5,-1290377.5,-1290377.5,-1290377.5,0
2024-12-26,-1290377.5,-1290377.5,-1290377.5,-1290377.5,0
2024-12-27,162497.453125,162497.453125,162497.453125,162497.453125,0
2024-12-30,162497.453125,162497.453125,162497.453125,162497.453125,0
2024-12-31,162497.453125,162497.453125,162497.453125,162497.453125,0
2025-01-02,162497.453125,162497.453125,162497.453125,162497.453125,0
2025-01-03,162497.453125,162497.453125,162497.453125,162497.453125,0
2025-01-06,162497.453125,162497.453125,162497.453125,162497.453125,0
2025-01-07,162497.453125,162497.453125,162497.453125,162497.453125,0
2025-01-08,162497.453125,162497.453125,162497.453125,162497.453125,0
2025-01-10,162497.453125,162497.453125,162497.453125,162497.453125,0
2025-01-13,162497.453125,162497.453125,162497.453125,162497.453125,0
2025-01-14,162497.453125,162497.453125,162497.453125,162497.453125,0
2025-01-15,162497.453125,162497.453125,162497.453125,162497.453125,0
2025-01-16,162497.453125,162497.453125,162497.453125,162497.453125,0
2025-01-17,162497.453125,162497.453125,162497.453125,162497.453125,0
2025-01-21,162497.453125,162497.453125,162497.453125,162497.453125,0
2025-01-22,162497.453125,162497.453125,162497.453125,162497.453125,0
2025-01-23,162497.453125,162497.453125,162497.453125,162497.453125,0
2025-01-24,162497.453125,162497.453125,162497.453125,162497.453125,0
2025-01-27,162497.453125,162497.453125,162497.453125,162497.453125,0
2025-01-28,162497.453125,162497.453125,162497.453125,162497.453125,0
2025-01-29,162497.453125,162497.453125,162497.453125,162497.453125,0
2025-01-30,162497.453125,162497.453125,162497.453125,162497.453125,0
2025-01-31,162497.453125,162497.453125,162497.453125,162497.453125,0
2025-02-03,162497.453125,162497.453125,162497.453125,162497.453125,0
2025-02-04,162497.453125,162497.453125,162497.453125,162497.453125,0
2025-02-05,162497.453125,162497.453125,162497.453125,162497.453125,0
2025-02-06,162497.453125,162497.453125,162497.453125,162497.453125,0
2025-02-07,162497.453125,162497.453125,162497.453125,162497.453125,0
2025-02-10,162497.453125,162497.453125,162497.453125,162497.453125,0
2025-02-11,162497.453125,162497.453125,162497.453125,162497.453125,0
2025-02-12,162497.453125,162497.453125,162497.453125,162497.453125,0
2025-02-13,162497.453125,162497.453125,162497.453125,162497.453125,0
2025-02-14,162497.453125,162497.453125,162497.453125,162497.453125,0
2025-02-18,162497.453125,162497.453125,162497.453125,162497.453125,0
2025-02-19,162497.453125,162497.453125,162497.453125,162497.453125,0
2025-02-20,162497.453125,162497.453125,162497.453125,162497.453125,0
2025-02-21,162497.453125,162497.453125,162497.453125,162497.453125,0
2025-02-24,162497.453125,162497.453125,162497.453125,162497.453125,0
2025-02-25,162497.453125,162497.453125,162497.453125,162497.453125,0
2025-02-26,162497.453125,162497.453125,162497.453125,162497.453125,0
2025-02-27,162497.453125,162497.453125,162497.453125,162497.453125,0
2025-02-28,162497.453125,162497.453125,162497.453125,162497.453125,0
2025-03-03,162497.453125,162497.453125,162497.453125,162497.453125,0
2025-03-04,162497.453125,162497.453125,162497.453125,162497.453125,0
2025-03-05,162497.453125,162497.453125,162497.453125,162497.453125,0
2025-03-06,162497.453125,162497.453125,162497.453125,162497.453125,0
2025-03-07,162497.453125,162497.453125,162497.453125,162497.453125,0
2025-03-10,162497.453125,162497.453125,162497.453125,162497.453125,0
2025-03-11,162497.453125,162497.453125,162497.453125,162497.453125,0
2025-03-12,162497.453125,162497.453125,162497.453125,162497.453125,0
2025-03-13,162497.453125,162497.453125,162497.453125,162497.453125,0
2025-03-14,162497.453125,162497.453125,162497.453125,162497.453125,0
2025-03-17,162497.453125,162497.453125,162497.453125,162497.453125,0
2025-03-18,162497.453125,162497.453125,162497.453125,162497.453125,0
2025-03-19,162497.453125,162497.453125,162497.453125,162497.453125,0
2025-03-20,162497.453125,162497.453125,162497.453125,162497.453125,0
2025-03-21,162497.453125,162497.453125,162497.453125,162497.453125,0
2025-03-24,162497.453125,162497.453125,162497.453125,162497.453125,0
2025-03-25,162497.453125,162497.453125,162497.453125,162497.453125,0
2025-03-26,162497.453125,162497.453125,162497.453125,162497.453125,0
2025-03-27,162497.453125,162497.453125,162497.453125,162497.453125,0
2025-03-28,-20337.169921875,-20337.169921875,-20337.169921875,-20337.169921875,0
2025-03-31,-20337.169921875,-20337.169921875,-20337.169921875,-20337.169921875,0
2025-04-01,-20337.169921875,-20337.169921875,-20337.169921875,-20337.169921875,0
2025-04-02,-20337.169921875,-20337.169921875,-20337.169921875,-20337.169921875,0
2025-04-03,-20337.169921875,-20337.169921875,-20337.169921875,-20337.169921875,0
2025-04-04,-20337.169921875,-20337.169921875,-20337.169921875,-20337.169921875,0
2025-04-07,-20337.169921875,-20337.169921875,-20337.169921875,-20337.169921875,0
2025-04-08,-20337.169921875,-20337.169921875,-20337.169921875,-20337.169921875,0
2025-04-09,-20337.169921875,-20337.169921875,-20337.169921875,-20337.169921875,0
2025-04-10,-20337.169921875,-20337.169921875,-20337.169921875,-20337.169921875,0
2025-04-11,-20337.169921875,-20337.169921875,-20337.169921875,-20337.169921875,0
2025-04-14,-20337.169921875,-20337.169921875,-20337.169921875,-20337.169921875,0
2025-04-15,-20337.169921875,-20337.169921875,-20337.169921875,-20337.169921875,0
2025-04-16,-20337.169921875,-20337.169921875,-20337.169921875,-20337.169921875,0
2025-04-17,-20337.169921875,-20337.169921875,-20337.169921875,-20337.169921875,0
2025-04-21,-20337.169921875,-20337.169921875,-20337.169921875,-20337.169921875,0
2025-04-22,-20337.169921875,-20337.169921875,-20337.169921875,-20337.169921875,0
2025-04-23,-20337.169921875,-20337.169921875,-20337.169921875,-20337.169921875,0
2025-04-24,-20337.169921875,-20337.169921875,-20337.169921875,-20337.169921875,0
2025-04-25,-20337.169921875,-20337.169921875,-20337.169921875,-20337.169921875,0
2025-04-28,-20337.169921875,-20337.169921875,-20337.169921875,-20337.169921875,0
2025-04-29,-20337.169921875,-20337.169921875,-20337.169921875,-20337.169921875,0
2025-04-30,-20337.169921875,-20337.169921875,-20337.169921875,-20337.169921875,0
2025-05-01,-20337.169921875,-20337.169921875,-20337.169921875,-20337.169921875,0
2025-05-02,-20337.169921875,-20337.169921875,-20337.169921875,-20337.169921875,0
2025-05-05,-20337.169921875,-20337.169921875,-20337.169921875,-20337.169921875,0
2025-05-06,-20337.169921875,-20337.169921875,-20337.169921875,-20337.169921875,0
2025-05-07,-20337.169921875,-20337.169921875,-20337.169921875,-20337.169921875,0
2025-05-08,-20337.169921875,-20337.169921875,-20337.169921875,-20337.169921875,0
2025-05-09,-20337.169921875,-20337.169921875,-20337.169921875,-20337.169921875,0
2025-05-12,-20337.169921875,-20337.169921875,-20337.169921875,-20337.169921875,0
2025-05-13,-20337.169921875,-20337.169921875,-20337.169921875,-20337.169921875,0
2025-05-14,-20337.169921875,-20337.169921875,-20337.169921875,-20337.169921875,0
2025-05-15,-20337.169921875,-20337.169921875,-20337.169921875,-20337.169921875,0
2025-05-16,-20337.169921875,-20337.169921875,-20337.169921875,-20337.169921875,0
2025-05-19,-20337.169921875,-20337.169921875,-20337.169921875,-20337.169921875,0
2025-05-20,-20337.169921875,-20337.169921875,-20337.169921875,-20337.169921875,0
2025-05-21,-20337.169921875,-20337.169921875,-20337.169921875,-20337.169921875,0
2025-05-22,-20337.169921875,-20337.169921875,-20337.169921875,-20337.169921875,0
2025-05-23,-20337.169921875,-20337.169921875,-20337.169921875,-20337.169921875,0
2025-05-27,-20337.169921875,-20337.169921875,-20337.169921875,-20337.169921875,0
2025-05-28,-20337.169921875,-20337.169921875,-20337.169921875,-20337.169921875,0
2025-05-29,-20337.169921875,-20337.169921875,-20337.169921875,-20337.169921875,0
2025-05-30,-20337.169921875,-20337.169921875,-20337.169921875,-20337.169921875,0
2025-06-02,-20337.169921875,-20337.169921875,-20337.169921875,-20337.169921875,0
2025-06-03,-20337.169921875,-20337.169921875,-20337.169921875,-20337.169921875,0
2025-06-04,-20337.169921875,-20337.169921875,-20337.169921875,-20337.169921875,0
2025-06-05,-20337.169921875,-20337.169921875,-20337.169921875,-20337.169921875,0
2025-06-06,-20337.169921875,-20337.169921875,-20337.169921875,-20337.169921875,0
2025-06-09,-20337.169921875,-20337.169921875,-20337.169921875,-20337.169921875,0
2025-06-10,-20337.169921875,-20337.169921875,-20337.169921875,-20337.169921875,0
2025-06-11,-20337.169921875,-20337.169921875,-20337.169921875,-20337.169921875,0
2025-06-12,-20337.169921875,-20337.169921875,-20337.169921875,-20337.169921875,0
2025-06-13,-20337.169921875,-20337.169921875,-20337.169921875,-20337.169921875,0
2025-06-16,-20337.169921875,-20337.169921875,-20337.169921875,-20337.169921875,0
2025-06-17,-20337.169921875,-20337.169921875,-20337.169921875,-20337.169921875,0
2025-06-18,-20337.169921875,-20337.169921875,-20337.169921875,-20337.169921875,0
2025-06-20,-20337.169921875,-20337.169921875,-20337.169921875,-20337.169921875,0
2025-06-23,-20337.169921875,-20337.169921875,-20337.169921875,-20337.169921875,0
2025-06-24,-20337.169921875,-20337.169921875,-20337.169921875,-20337.169921875,0
2025-06-25,-20337.169921875,-20337.169921875,-20337.169921875,-20337.169921875,0
2025-06-26,-20337.169921875,-20337.169921875,-20337.169921875,-20337.169921875,0
2025-06-27,2529.677734375,2529.677734375,2529.677734375,2529.677734375,0
2025-06-30,2529.677734375,2529.677734375,2529.677734375,2529.677734375,0
2025-07-01,2529.677734375,2529.677734375,2529.677734375,2529.677734375,0
2025-07-02,2529.677734375,2529.677734375,2529.677734375,2529.677734375,0
2025-07-03,2529.677734375,2529.677734375,2529.677734375,2529.677734375,0
2025-07-07,2529.677734375,2529.677734375,2529.677734375,2529.677734375,0
2025-07-08,2529.677734375,2529.677734375,2529.677734375,2529.677734375,0
2025-07-09,2529.677734375,2529.677734375,2529.677734375,2529.677734375,0
2025-07-10,2529.677734375,2529.677734375,2529.677734375,2529.677734375,0
2025-07-11,2529.677734375,2529.677734375,2529.677734375,2529.677734375,0
2025-07-14,2529.677734375,2529.677734375,2529.677734375,2529.677734375,0
2025-07-15,2529.677734375,2529.677734375,2529.677734375,2529.677734375,0
2025-07-16,2529.677734375,2529.677734375,2529.677734375,2529.677734375,0
2025-07-17,2529.677734375,2529.677734375,2529.677734375,2529.677734375,0
2025-07-18,2529.677734375,2529.677734375,2529.677734375,2529.677734375,0
2025-07-21,2529.677734375,2529.677734375,2529.677734375,2529.677734375,0
2025-07-22,2529.677734375,2529.677734375,2529.677734375,2529.677734375,0
2025-07-23,2529.677734375,2529.677734375,2529.677734375,2529.677734375,0
2025-07-24,2529.677734375,2529.677734375,2529.677734375,2529.677734375,0
2025-07-25,2529.677734375,2529.677734375,2529.677734375,2529.677734375,0
2025-07-28,2529.677734375,2529.677734375,2529.677734375,2529.677734375,0
2025-07-29,2529.677734375,2529.677734375,2529.677734375,2529.677734375,0
2025-07-30,2529.677734375,2529.677734375,2529.677734375,2529.677734375,0
2025-07-31,2529.677734375,2529.677734375,2529.677734375,2529.677734375,0
2025-08-01,2529.677734375,2529.677734375,2529.677734375,2529.677734375,0
2025-08-04,2529.677734375,2529.677734375,2529.677734375,2529.677734375,0
2025-08-05,2529.677734375,2529.677734375,2529.677734375,2529.677734375,0
2025-08-06,2529.677734375,2529.677734375,2529.677734375,2529.677734375,0
2025-08-07,2529.677734375,2529.677734375,2529.677734375,2529.677734375,0
2025-08-08,2529.677734375,2529.677734375,2529.677734375,2529.677734375,0
2025-08-11,2529.677734375,2529.677734375,2529.677734375,2529.677734375,0
2025-08-12,2529.677734375,2529.677734375,2529.677734375,2529.677734375,0
2025-08-13,2529.677734375,2529.677734375,2529.677734375,2529.677734375,0
2025-08-14,2529.677734375,2529.677734375,2529.677734375,2529.677734375,0
2025-08-15,2529.677734375,2529.677734375,2529.677734375,2529.677734375,0
2025-08-18,2529.677734375,2529.677734375,2529.677734375,2529.677734375,0
2025-08-19,2529.677734375,2529.677734375,2529.677734375,2529.677734375,0
2025-08-20,2529.677734375,2529.677734375,2529.677734375,2529.677734375,0
2025-08-21,2529.677734375,2529.677734375,2529.677734375,2529.677734375,0
2025-08-22,2529.677734375,2529.677734375,2529.677734375,2529.677734375,0
2025-08-25,2529.677734375,2529.677734375,2529.677734375,2529.677734375,0
2025-08-26,2529.677734375,2529.677734375,2529.677734375,2529.677734375,0
2025-08-27,2529.677734375,2529.677734375,2529.677734375,2529.677734375,0
2025-08-28,2529.677734375,2529.677734375,2529.677734375,2529.677734375,0
2025-08-29,2529.677734375,2529.677734375,2529.677734375,2529.677734375,0
2025-09-02,2529.677734375,2529.677734375,2529.677734375,2529.677734375,0
2025-09-03,2529.677734375,2529.677734375,2529.677734375,2529.677734375,0
2025-09-04,2529.677734375,2529.677734375,2529.677734375,2529.677734375,0
2025-09-05,2529.677734375,2529.677734375,2529.677734375,2529.677734375,0
2025-09-08,2529.677734375,2529.677734375,2529.677734375,2529.677734375,0
2025-09-09,2529.677734375,2529.677734375,2529.677734375,2529.677734375,0
2025-09-10,2529.677734375,2529.677734375,2529.677734375,2529.677734375,0
2025-09-11,2529.677734375,2529.677734375,2529.677734375,2529.677734375,0
2025-09-12,2529.677734375,2529.677734375,2529.677734375,2529.677734375,0
2025-09-15,2529.677734375,2529.677734375,2529.677734375,2529.677734375,0
2025-09-16,2529.677734375,2529.677734375,2529.677734375,2529.677734375,0
2025-09-17,2529.677734375,2529.677734375,2529.677734375,2529.677734375,0
2025-09-18,2529.677734375,2529.677734375,2529.677734375,2529.677734375,0
2025-09-19,2529.677734375,2529.677734375,2529.677734375,2529.677734375,0
2025-09-22,2529.677734375,2529.677734375,2529.677734375,2529.677734375,0
2025-09-23,2529.677734375,2529.677734375,2529.677734375,2529.677734375,0
2025-09-24,2529.677734375,2529.677734375,2529.677734375,2529.677734375,0
2025-09-25,2529.677734375,2529.677734375,2529.677734375,2529.677734375,0
2025-09-26,2529.677734375,2529.677734375,2529.677734375,2529.677734375,0
2025-09-29,-311.79302978515625,-311.79302978515625,-311.79302978515625,-311.79302978515625,0
2025-09-30,-311.79302978515625,-311.79302978515625,-311.79302978515625,-311.79302978515625,0
2025-10-01,-311.79302978515625,-311.79302978515625,-311.79302978515625,-311.79302978515625,0
2025-10-02,-311.79302978515625,-311.79302978515625,-311.79302978515625,-311.79302978515625,0
2025-10-03,-311.79302978515625,-311.79302978515625,-311.79302978515625,-311.79302978515625,0
2025-10-06,-311.79302978515625,-311.79302978515625,-311.79302978515625,-311.79302978515625,0
2025-10-07,-311.79302978515625,-311.79302978515625,-311.79302978515625,-311.79302978515625,0
2025-10-08,-311.79302978515625,-311.79302978515625,-311.79302978515625,-311.79302978515625,0
2025-10-09,-311.79302978515625,-311.79302978515625,-311.79302978515625,-311.79302978515625,0
2025-10-10,-311.79302978515625,-311.79302978515625,-311.79302978515625,-311.79302978515625,0
2025-10-13,-311.79302978515625,-311.79302978515625,-311.79302978515625,-311.79302978515625,0
2025-10-14,-311.79302978515625,-311.79302978515625,-311.79302978515625,-311.79302978515625,0
2025-10-15,-311.79302978515625,-311.79302978515625,-311.79302978515625,-311.79302978515625,0
2025-10-16,-311.79302978515625,-311.79302978515625,-311.79302978515625,-311.79302978515625,0
2025-10-17,-311.79302978515625,-311.79302978515625,-311.79302978515625,-311.79302978515625,0
2025-10-20,-311.79302978515625,-311.79302978515625,-311.79302978515625,-311.79302978515625,0
2025-10-21,-311.79302978515625,-311.79302978515625,-311.79302978515625,-311.79302978515625,0
2025-10-22,-311.79302978515625,-311.79302978515625,-311.79302978515625,-311.79302978515625,0
2025-10-23,-311.79302978515625,-311.79302978515625,-311.79302978515625,-311.79302978515625,0
2025-10-24,-311.79302978515625,-311.79302978515625,-311.79302978515625,-311.79302978515625,0
2025-10-27,-311.79302978515625,-311.79302978515625,-311.79302978515625,-311.79302978515625,0
2025-10-28,-311.79302978515625,-311.79302978515625,-311.79302978515625,-311.79302978515625,0
2025-10-29,-311.79302978515625,-311.79302978515625,-311.79302978515625,-311.79302978515625,0
2025-10-30,-311.79302978515625,-311.79302978515625,-311.79302978515625,-311.79302978515625,0
2025-10-31,-311.79302978515625,-311.79302978515625,-311.79302978515625,-311.79302978515625,0
2025-11-03,-311.79302978515625,-311.79302978515625,-311.79302978515625,-311.79302978515625,0
2025-11-04,-311.79302978515625,-311.79302978515625,-311.79302978515625,-311.79302978515625,0
2025-11-05,-311.79302978515625,-311.79302978515625,-311.79302978515625,-311.79302978515625,0
2025-11-06,-311.79302978515625,-311.79302978515625,-311.79302978515625,-311.79302978515625,0
2025-11-07,-500.78997802734375,-500.78997802734375,-500.78997802734375,-500.78997802734375,1531
2025-11-10,-500.78997802734375,-500.78997802734375,-500.78997802734375,-500.78997802734375,0
2025-11-11,-500.78997802734375,-500.78997802734375,-500.78997802734375,-500.78997802734375,0
2025-11-12,-500.78997802734375,-500.78997802734375,-500.78997802734375,-500.78997802734375,0
2025-11-13,-500.78997802734375,-500.78997802734375,-500.78997802734375,-500.78997802734375,0
2025-11-14,-500.78997802734375,-500.78997802734375,-500.78997802734375,-500.78997802734375,0
2025-11-17,-500.78997802734375,-500.78997802734375,-500.78997802734375,-500.78997802734375,0
2025-11-18,-500.78997802734375,-500.78997802734375,-500.78997802734375,-500.78997802734375,0
2025-11-19,-500.78997802734375,-500.78997802734375,-500.78997802734375,-500.78997802734375,0
2025-11-20,-500.78997802734375,-500.78997802734375,-500.78997802734375,-500.78997802734375,0
2025-11-21,-500.78997802734375,-500.78997802734375,-500.78997802734375,-500.78997802734375,0
2025-11-24,-500.78997802734375,-500.78997802734375,-500.78997802734375,-500.78997802734375,0
2025-11-25,-500.78997802734375,-500.78997802734375,-500.78997802734375,-500.78997802734375,0
2025-11-26,-500.78997802734375,-500.78997802734375,-500.78997802734375,-500.78997802734375,0
2025-11-28,-500.78997802734375,-500.78997802734375,-500.78997802734375,-500.78997802734375,0
2025-12-01,-500.78997802734375,-500.78997802734375,-500.78997802734375,-500.78997802734375,0
2025-12-02,-500.78997802734375,-500.78997802734375,-500.78997802734375,-500.78997802734375,0
2025-12-03,-500.78997802734375,-500.78997802734375,-500.78997802734375,-500.78997802734375,0
2025-12-04,-500.78997802734375,-500.78997802734375,-500.78997802734375,-500.78997802734375,0
2025-12-05,-500.78997802734375,-500.78997802734375,-500.78997802734375,-500.78997802734375,0
2025-12-08,-500.78997802734375,-500.78997802734375,-500.78997802734375,-500.78997802734375,0
2025-12-09,-500.78997802734375,-500.78997802734375,-500.78997802734375,-500.78997802734375,0
2025-12-10,-500.78997802734375,-500.78997802734375,-500.78997802734375,-500.78997802734375,0
2025-12-11,-500.78997802734375,-500.78997802734375,-500.78997802734375,-500.78997802734375,0
2025-12-12,-500.78997802734375,-500.78997802734375,-500.78997802734375,-500.78997802734375,0
2025-12-15,-500.78997802734375,-500.78997802734375,-500.78997802734375,-500.78997802734375,0
2025-12-16,-500.78997802734375,-500.78997802734375,-500.78997802734375,-500.78997802734375,0
2025-12-17,-500.78997802734375,-500.78997802734375,-500.78997802734375,-500.78997802734375,0
2025-12-18,-500.78997802734375,-500.78997802734375,-500.78997802734375,-500.78997802734375,0
2025-12-19,-500.78997802734375,-500.78997802734375,-500.78997802734375,-500.78997802734375,0
2025-12-22,-500.78997802734375,-500.78997802734375,-500.78997802734375,-500.78997802734375,0
2025-12-23,-500.78997802734375,-500.78997802734375,-500.78997802734375,-500.78997802734375,0
2025-12-24,-500.78997802734375,-500.78997802734375,-500.78997802734375,-500.78997802734375,0
2025-12-26,-500.78997802734375,-500.78997802734375,-500.78997802734375,-500.78997802734375,0
2025-12-29,65.20999908447266,65.20999908447266,65.20999908447266,65.20999908447266,0
2025-12-30,65.20999908447266,65.20999908447266,65.20999908447266,65.20999908447266,0
2025-12-31,65.20999908447266,65.20999908447266,65.20999908447266,65.20999908447266,0
2026-01-02,65.20999908447266,65.20999908447266,65.20999908447266,65.20999908447266,0
2026-01-05,65.20999908447266,65.20999908447266,65.20999908447266,65.20999908447266,0
2026-01-06,65.20999908447266,65.20999908447266,65.20999908447266,65.20999908447266,0
2026-01-07,65.20999908447266,65.20999908447266,65.20999908447266,65.20999908447266,0
2026-01-08,65.20999908447266,65.20999908447266,65.20999908447266,65.20999908447266,0
2026-01-09,65.20999908447266,65.20999908447266,65.20999908447266,65.20999908447266,0
2026-01-12,65.20999908447266,65.20999908447266,65.20999908447266,65.20999908447266,0
2026-01-13,65.20999908447266,65.20999908447266,65.20999908447266,65.20999908447266,0
2026-01-14,65.20999908447266,65.20999908447266,65.20999908447266,65.20999908447266,0
2026-01-15,65.20999908447266,65.20999908447266,65.20999908447266,65.20999908447266,0
2026-01-16,65.20999908447266,65.20999908447266,65.20999908447266,65.20999908447266,0
2026-01-20,65.20999908447266,65.20999908447266,65.20999908447266,65.20999908447266,0
2026-01-21,65.20999908447266,65.20999908447266,65.20999908447266,65.20999908447266,0
2026-01-22,65.20999908447266,65.20999908447266,65.20999908447266,65.20999908447266,0
2026-01-23,65.20999908447266,65.20999908447266,65.20999908447266,65.20999908447266,0
2026-01-26,65.20999908447266,65.20999908447266,65.20999908447266,65.20999908447266,0
2026-01-27,65.20999908447266,65.20999908447266,65.20999908447266,65.20999908447266,0
2026-01-28,65.20999908447266,65.20999908447266,65.20999908447266,65.20999908447266,0
2026-01-29,65.20999908447266,65.20999908447266,65.20999908447266,65.20999908447266,0
2026-01-30,65.20999908447266,65.20999908447266,65.20999908447266,65.20999908447266,0
2026-02-02,65.20999908447266,65.20999908447266,65.20999908447266,65.20999908447266,0
2026-02-03,65.20999908447266,65.20999908447266,65.20999908447266,65.20999908447266,0
2026-02-04,65.20999908447266,65.20999908447266,65.20999908447266,65.20999908447266,0
2026-02-05,65.20999908447266,65.20999908447266,65.20999908447266,65.20999908447266,0
2026-02-06,65.20999908447266,65.20999908447266,65.20999908447266,65.20999908447266,0
2026-02-09,65.20999908447266,65.20999908447266,65.20999908447266,65.20999908447266,0
2026-02-10,65.20999908447266,65.20999908447266,65.20999908447266,65.20999908447266,0
2026-02-11,65.20999908447266,65.20999908447266,65.20999908447266,65.20999908447266,0
2026-02-12,65.20999908447266,65.20999908447266,65.20999908447266,65.20999908447266,0
2026-02-13,65.20999908447266,65.20999908447266,65.20999908447266,65.20999908447266,0
2026-02-17,65.20999908447266,65.20999908447266,65.20999908447266,65.20999908447266,0
2026-02-18,65.20999908447266,65.20999908447266,65.20999908447266,65.20999908447266,0
2026-02-19,65.20999908447266,65.20999908447266,65.20999908447266,65.20999908447266,0
2026-02-20,65.20999908447266,65.20999908447266,65.20999908447266,65.20999908447266,0
2026-02-23,65.20999908447266,65.20999908447266,65.20999908447266,65.20999908447266,0
2026-02-24,65.20999908447266,65.20999908447266,65.20999908447266,65.20999908447266,0
2026-02-25,65.20999908447266,65.20999908447266,65.20999908447266,65.20999908447266,0
2026-02-26,65.20999908447266,65.20999908447266,65.20999908447266,65.20999908447266,0
2026-02-27,65.20999908447266,65.20999908447266,65.20999908447266,65.20999908447266,0
2026-03-02,65.20999908447266,65.20999908447266,65.20999908447266,65.20999908447266,0
2026-03-03,65.20999908447266,65.20999908447266,65.20999908447266,65.20999908447266,0
2026-03-04,65.20999908447266,65.20999908447266,65.20999908447266,65.20999908447266,0
2026-03-05,65.20999908447266,65.20999908447266,65.20999908447266,65.20999908447266,0
2026-03-06,65.20999908447266,65.20999908447266,65.20999908447266,65.20999908447266,0
2026-03-09,65.20999908447266,65.20999908447266,65.20999908447266,65.20999908447266,0
2026-03-10,65.20999908447266,65.20999908447266,65.20999908447266,65.20999908447266,0
2026-03-11,65.20999908447266,65.20999908447266,65.20999908447266,65.20999908447266,0
2026-03-12,65.20999908447266,65.20999908447266,65.20999908447266,65.20999908447266,0
2026-03-13,65.20999908447266,65.20999908447266,65.20999908447266,65.20999908447266,0
2026-03-16,65.20999908447266,65.20999908447266,65.20999908447266,65.20999908447266,0
2026-03-17,65.20999908447266,65.20999908447266,65.20999908447266,65.20999908447266,0
2026-03-18,65.20999908447266,65.20999908447266,65.20999908447266,65.20999908447266,0
2026-03-19,65.20999908447266,65.20999908447266,65.20999908447266,65.20999908447266,0
2026-03-20,65.20999908447266,65.20999908447266,65.20999908447266,65.20999908447266,0
2026-03-23,65.20999908447266,65.20999908447266,65.20999908447266,65.20999908447266,0
2026-03-24,65.20999908447266,40.59989929199219,40.59989929199219,40.59989929199219,200
2026-03-10,65.20999908447266,65.20999908447266,65.20999908447266,65.20999908447266,0
2026-03-11,65.20999908447266,65.20999908447266,65.20999908447266,65.20999908447266,0
2026-03-12,65.20999908447266,65.20999908447266,65.20999908447266,65.20999908447266,0
2026-03-13,65.20999908447266,65.20999908447266,65.20999908447266,65.20999908447266,0
2026-03-16,65.20999908447266,65.20999908447266,65.20999908447266,65.20999908447266,0
2026-03-17,65.20999908447266,65.20999908447266,65.20999908447266,65.20999908447266,0
2026-03-18,65.20999908447266,65.20999908447266,65.20999908447266,65.20999908447266,0
2026-03-19,65.20999908447266,65.20999908447266,65.20999908447266,65.20999908447266,0
2026-03-20,65.20999908447266,65.20999908447266,65.20999908447266,65.20999908447266,0
2026-03-23,65.20999908447266,65.20999908447266,65.20999908447266,65.20999908447266,0
2026-03-24,65.20999908447266,40.59989929199219,40.59989929199219,40.59989929199219,200
